1,258,0,-1,0,0,240,270,0,4,0
12,772,258,-1,-6,0,240,20,-86,0,-5601144,0,1,0
12,773,258,-1,-6,20,240,16,-1,0,-5601144,0,1,0
12,774,258,-1,-6,38,240,16,-1,0,-5601144,0,1,0
12,775,258,-1,-6,56,240,16,-1,0,-5601144,0,1,0
12,776,258,-1,-6,74,240,16,-1,0,-5601144,0,1,0
12,777,258,-1,-6,92,240,16,-1,0,-5601144,0,1,0
12,784,258,-1,-6,110,240,16,-1,0,-5601144,0,1,0
12,794,258,-1,-6,128,240,16,-1,0,-5601144,0,1,0
12,795,258,-1,-6,146,240,16,-1,0,-5601144,0,1,0
12,796,258,-1,-6,164,240,16,-1,0,-5601144,0,1,0
12,797,258,-1,-6,182,240,16,-1,0,-5601144,0,1,0
12,798,258,-1,-6,200,240,16,-1,0,-5601144,0,1,0
12,799,258,-1,-6,218,240,16,-1,0,-5601144,0,1,0
12,800,258,-1,-6,236,240,16,-1,0,-5601144,0,1,0
12,801,258,-1,-6,254,240,16,-1,0,-5601144,0,1,0
12,261,258,-1,-6,254,240,16,-1,0,-5601144,0,1,0
1,259,258,-1,0,0,240,270,0,4,0
1,260,258,655,0,0,240,270,-1,4,0

1,65879,0,-1,0,0,800,600,0,4,0
2,65880,65879,642,320,195,160,39,0,1,0
2,65881,65879,643,320,246,160,39,0,1,0
2,86020,65879,644,2320,297,160,39,0,1,0
2,65882,65879,645,320,297,160,39,0,1,0
2,65883,65879,646,320,348,160,39,0,1,0
12,65884,65879,-1,106,10,33,16,-1,0,-1,0,1,0
1,658850,65879,-641,0,0,800,600,-1,4,0

1,83100,0,-1,0,0,84,61,0,4,0
12,83102,83100,-1,35,11,0,0,-1,0,-5601144,0,1,0
12,83103,83100,-1,35,30,0,0,-1,0,-5601144,0,1,0
12,83104,83100,-1,35,49,0,0,-1,0,-5601144,0,1,0
12,83105,83100,-1,35,68,0,0,-1,0,-5601144,0,1,0
12,83106,83100,-1,35,87,0,0,-1,0,-5601144,0,1,0
2,83107,83100,631,0,4,70,15,0,1,0
2,83108,83100,631,0,23,70,15,0,1,0
2,83109,83100,631,0,42,70,15,0,1,0
2,83110,83100,631,0,61,70,15,0,1,0
2,83111,83100,631,0,80,70,15,0,1,0
1,83101,83100,655,0,0,84,61,0,4,0

// Pot HP Tooltip
1,99900,0,-1,55,450,110,110,0,4,0
12,99902,99900,-1,55,13,0,0,-28009,0,-601144,0,1,554
12,99903,99900,-1,55,33,0,0,-1,0,-5601144,0,1,0
12,99904,99900,-1,55,48,0,0,-1,0,-5601144,0,1,0
12,99905,99900,-1,55,63,0,0,-1,0,-5601144,0,1,0
12,99906,99900,-1,55,78,0,0,-1,0,-5601144,0,1,0
12,99907,99900,-1,55,93,0,0,-1,0,-5601144,0,1,0
12,99908,99900,-1,55,108,0,0,-1,0,-5601144,0,1,0
1,99901,99900,-655,0,0,120,120,-1,4,0

// Pot MP Tooltip
1,99910,0,-1,635,450,110,110,0,4,0
12,99912,99910,-1,55,13,0,0,-5336321,0,-5601144,0,1,555
12,99913,99910,-1,55,33,0,0,-1,0,-5601144,0,1,0
12,99914,99910,-1,55,48,0,0,-1,0,-5601144,0,1,0
12,99915,99910,-1,55,63,0,0,-1,0,-5601144,0,1,0
12,99916,99910,-1,55,78,0,0,-1,0,-5601144,0,1,0
12,99917,99910,-1,55,93,0,0,-1,0,-5601144,0,1,0
12,99918,99910,-1,55,108,0,0,-1,0,-5601144,0,1,0
1,99911,99910,-655,0,0,120,120,-1,4,0

// Janela de confirmação
1,82494,0,-1,216,223,368,154,0,4,1
2,82498,82494,612,170,0,28,28,16843009,1,51
2,82497,82494,-662,112,113,144,41,-1,1,0

12,82499,82494,-1,184,45,0,0,-5926270,0,16843009,0,1,0
12,82500,82494,-1,184,60,0,0,-5926270,0,16843009,0,1,0
12,82501,82494,-1,184,75,0,0,-5926270,0,16843009,0,1,0
12,82502,82494,-1,184,90,0,0,-5926270,0,16843009,0,1,0
1,82495,82494,-661,0,0,368,154,-1,4,0

// Janela de confirmação c/ texto editável
1,82504,0,-1,216,223,368,154,0,4,0
2,82505,82504,612,170,0,28,28,16843009,1,51
2,82506,82504,-662,112,113,144,41,-1,1,0

12,82507,82504,-1,184,43,0,0,-5926270,0,16843009,0,1,0
12,82508,82504,-1,184,58,0,0,-5926270,0,16843009,0,1,0
12,82509,82504,-1,184,73,0,0,-5926270,0,16843009,0,1,0
13,82510,82504,-2,133,86,100,13,-1,1,0,0,1,14,0,-858993664,-858993460,-858993460,-858993460,-858993460,-858993460,-858993460,-858993460,-858993460,-858993460,-858993460,-858993460,-858993460,-858993460,-858993460,-858993460,-858993460,-858993460,-858993460,-858993460,-858993460,-858993460,-858993460,-858993460,-858993460,-858993460,-858993460,-858993460,-858993460,-858993460,-858993460,-858993460
2,0,82504,631,133,83,100,19,-1,4,0
1,82511,82504,-661,0,0,368,154,-1,4,0

1,82503,0,-2,0,0,2000,2000,-1610612736,4,0

// Painel Esconder interface

2,38000,0,-713,0,570,30,30,-1,1,279
1,38001,0,-1,0,0,0,0,0,4,0
2,38002,38001,-714,0,570,30,30,-1,1,280
1,38003,38001,-13,440,445,450,198,-1,4,0

// Painel Informações de Mob
1,38004,0,-1,855,40,220,66,0,4,0
12,38006,38004,8,160,10,0,0,-1,0,-5601144,0,2,280
12,38007,38004,7,155,24,0,0,-1,0,-5601144,0,2,280
12,38008,38004,6,155,40,0,0,-1,0,-5601144,0,2,280
1,38005,38004,716,0,0,220,66,0,4,0


// Painel Necromante

1,82000,0,-1,115,34,400,500,0,4,0
1,82001,82000,707,175,392,50,40,0,4,0
2,82002,82000,-709,165,376,71,71,-1,1,0

1,82031,82000,-1,130,150,150,190,0,4,0
1,82032,82031,707,50,10,38,30,0,4,0
1,82033,82031,706,45,3,50,50,0,4,0
12,82034,82031,-1,69,60,0,0,-1,0,-5601144,0,1,0
12,82035,82031,-1,69,80,0,0,-1,0,-5601144,0,1,0
12,82036,82031,-1,69,95,0,0,-1,0,-5601144,0,1,0
12,82037,82031,-1,69,110,0,0,-1,0,-5601144,0,1,0
12,82038,82031,-1,69,125,0,0,-1,0,-5601144,0,1,0
12,82039,82031,-1,69,140,0,0,-1,0,-5601144,0,1,0
12,82040,82031,-1,69,155,0,0,-1,0,-5601144,0,1,0
12,82041,82031,-1,69,170,0,0,-1,0,-5601144,0,1,0
12,82042,82031,-1,69,190,0,0,-16711936,0,-5601144,0,1,0
12,82044,82031,-1,69,205,0,0,-16711936,0,-5601144,0,1,0
1,82045,82031,-655,-20,0,190,220,-1,4,0

1,82003,82000,-1,0,0,400,500,0,4,0
1,82004,82003,707,76,363,50,40,0,4,0
1,82005,82003,707,275,363,50,40,0,4,0
1,82006,82003,707,19,230,50,40,0,4,0
1,82007,82003,707,330,230,50,40,0,4,0
1,82008,82003,707,76,93,50,40,0,4,0
1,82009,82003,707,275,93,50,40,0,4,0
1,82010,82003,707,175,65,50,40,0,4,0
2,82011,82003,-706,65,347,71,71,-1,1,0
2,82012,82003,-706,264,347,71,71,-1,1,0
2,82013,82003,-706,9,215,71,71,-1,1,0
2,82014,82003,-706,319,215,71,71,-1,1,0
2,82015,82003,-706,65,78,71,71,-1,1,0
2,82016,82003,-706,264,78,71,71,-1,1,0
2,82017,82003,-706,165,49,71,71,-1,1,0

1,82018,82003,-2,0,0,400,500,1996488704,4,0
12,82019,82000,-1,200,20,0,0,-4607061,0,-5601144,0,1,362
12,0,82000,-1,86,470,0,0,-5331300,0,-5601144,0,1,363
12,0,82000,-1,313,470,0,0,-5331300,0,-5601144,0,1,184
2,82021,82000,584,19,455,134,30,-1,1,0
2,82020,82000,584,246,455,134,30,-1,1,0
2,82022,82000,-2,78,452,70,21,0,1,0
16,82023,82000,-1,183,73,35,35,1,1,0
16,82024,82000,-1,46,161,35,35,1,1,0
16,82025,82000,-1,319,161,35,35,1,1,0
16,82026,82000,-1,183,188,35,35,1,1,0
16,82027,82000,-1,46,306,35,35,1,1,0
16,82028,82000,-1,318,306,35,35,1,1,0
16,82029,82000,-1,183,299,35,35,1,1,0
12,0,82000,-1,200,469,0,0,-5331300,0,-5601144,0,1,449
2,82043,82000,584,176,461,48,16,-1,1,0
1,82030,82000,705,0,0,400,500,-1,4,0

// Painel Combine


// Painel de destrave

1,500000,0,-1,280,68,542,424,0,4,1
2,500001,500000,612,506,16,20,20,-1,1,185
12,500002,500000,-1,271,22,0,0,-4607061,0,-5601144,0,1,200

12,500004,500000,-1,346,80,0,0,-2439246,0,-5601144,0,1,0
12,500005,500000,-1,346,210,0,0,-2439246,0,-5601144,0,1,548

12,500006,500000,-1,346,235,0,0,-2439246,0,-5601144,0,1,0
12,500007,500000,-1,346,250,0,0,-2439246,0,-5601144,0,1,0
12,500008,500000,-1,346,265,0,0,-2439246,0,-5601144,0,1,0

12,0,500000,-1,346,293,0,0,-5331300,0,-5601144,0,1,449
2,500009,500000,584,323,287,47,12,-1,1,0

16,500010,500000,-1,302,303,35,35,1,1,0
16,500011,500000,-1,356,303,35,35,1,1,0
16,500012,500000,-1,302,350,35,35,1,1,0
16,500013,500000,-1,356,350,35,35,1,1,0

12,500014,500000,-1,285,311,0,0,-2439246,0,-5601144,0,2,0
12,500015,500000,-1,285,333,0,0,-2439246,0,-5601144,0,2,0

12,500016,500000,-1,403,311,0,0,-2439246,0,-5601144,0,0,0
12,500017,500000,-1,403,333,0,0,-2439246,0,-5601144,0,0,0

12,500018,500000,-1,285,358,0,0,-2439246,0,-5601144,0,2,0
12,500019,500000,-1,285,380,0,0,-2439246,0,-5601144,0,2,0

12,500020,500000,-1,403,358,0,0,-2439246,0,-5601144,0,0,0
12,500021,500000,-1,403,380,0,0,-2439246,0,-5601144,0,0,0

12,0,500000,-1,347,403,0,0,-5331300,0,-5601144,0,1,304
2,500022,500000,584,301,394,91,18,-1,1,0

6,500023,500000,-1,80,16,5,54,165,366,16777215,2,2,0
6,500024,500000,-1,100,10,167,119,310,120,16777215,2,0,0
1,500025,500000,704,0,0,542,424,0,4,0









// Painel S Técnicas Skill

1,65567,0,-1,530,0,227,421,0,4,1
2,65568,65567,612,198,8,19,19,-1,1,185

12,65569,65567,-1,112,16,0,0,-4607061,0,-5601144,0,1,190
12,65570,65567,-1,55,45,0,0,-595257,0,-5601144,0,1,191
12,65571,65567,-1,55,136,0,0,-595257,0,-5601144,0,1,192
12,65572,65567,-1,55,226,0,0,-595257,0,-5601144,0,1,193
12,65573,65567,-1,55,316,0,0,-595257,0,-5601144,0,1,194

16,65574,65567,-1,30,61,21,21,1,1,0
16,65575,65567,-1,59,61,21,21,1,1,0
16,65576,65567,-1,88,61,21,21,1,1,0
16,65577,65567,-1,117,61,21,21,1,1,0
16,65578,65567,-1,146,61,21,21,1,1,0
16,65579,65567,-1,175,61,21,21,1,1,0
16,65580,65567,-1,30,93,21,21,1,1,0
16,65581,65567,-1,59,93,21,21,1,1,0
16,94208,65567,-1,88,93,21,21,1,1,0
16,94209,65567,-1,117,93,21,21,1,1,0
16,94210,65567,-1,146,93,21,21,1,1,0
16,94211,65567,-1,175,93,21,21,1,1,0
16,65582,65567,-1,30,152,21,21,1,1,0
16,65583,65567,-1,59,152,21,21,1,1,0
16,65584,65567,-1,88,152,21,21,1,1,0
16,65585,65567,-1,117,152,21,21,1,1,0
16,65586,65567,-1,146,152,21,21,1,1,0
16,65587,65567,-1,175,152,21,21,1,1,0
16,65588,65567,-1,30,184,21,21,1,1,0
16,65589,65567,-1,59,184,21,21,1,1,0
16,94212,65567,-1,88,184,21,21,1,1,0
16,94213,65567,-1,117,184,21,21,1,1,0
16,94214,65567,-1,146,184,21,21,1,1,0
16,94215,65567,-1,175,184,21,21,1,1,0
16,65590,65567,-1,30,243,21,21,1,1,0
16,65591,65567,-1,59,243,21,21,1,1,0
16,65592,65567,-1,88,243,21,21,1,1,0
16,65593,65567,-1,117,243,21,21,1,1,0
16,65594,65567,-1,146,243,21,21,1,1,0
16,65595,65567,-1,175,243,21,21,1,1,0
16,65596,65567,-1,30,275,21,21,1,1,0
16,65597,65567,-1,59,275,21,21,1,1,0
16,94216,65567,-1,88,275,21,21,1,1,0
16,94217,65567,-1,117,275,21,21,1,1,0
16,94218,65567,-1,146,275,21,21,1,1,0
16,94219,65567,-1,175,275,21,21,1,1,0
16,65598,65567,-1,29,333,175,65,2,6,0
12,65599,65567,-1,62,400,60,12,-7700406,0,-5601144,1,1,195
12,65600,65567,-1,134,400,33,12,-7700406,0,-5601144,1,2,0
1,65601,65567,-239,0,0,227,421,-1,4,0

// Painel Mestre de Skill

1,65602,0,-1,280,0,227,421,0,4,0
12,65603,65602,-1,112,16,0,0,-4607061,0,-5601144,0,1,186
12,65604,65602,-1,57,45,0,0,-595257,0,-5601144,0,1,187
12,65605,65602,-1,57,135,0,0,-595257,0,-5601144,0,1,188
12,65606,65602,-1,57,225,0,0,-595257,0,-5601144,0,1,189
16,65607,65602,-1,31,63,191,241,8,4,0
6,65608,65602,-1,6,6,12,323,211,68,0,4,0,0
1,65609,65602,-242,0,0,227,421,-1,4,0






1,864,0,-2,146,36,492,430,0,4,1
12,865,864,-1,245,22,0,0,-4607061,0,-4607061,0,1,87
2,866,864,612,460,12,20,20,-1,1,80

12,6150,864,-1,44,58,0,0,-9409950,0,-5601144,0,1,88
12,6151,864,-1,124,58,0,0,-9409950,0,-5601144,0,1,91
12,6152,864,-1,204,58,0,0,-9409950,0,-5601144,0,1,93

12,6153,864,-1,284,58,0,0,-9409950,0,-5601144,0,1,378
12,6154,864,-1,364,58,0,0,-9409950,0,-5601144,0,1,381
12,6155,864,-1,444,58,0,0,-9409950,0,-5601144,0,1,380

2,867,864,-2,4,45,80,35,0,1,0
2,869,864,-2,84,45,80,35,0,1,0
2,873,864,-2,164,45,80,35,0,1,0

2,6140,864,-2,244,45,80,35,0,1,0
2,6141,864,-2,324,45,80,35,0,1,0
2,6142,864,-2,404,45,80,35,0,1,0


6,870,864,-2,100,19,20,75,460,365,0,2,0,2
6,872,864,-2,100,19,20,75,460,365,0,2,0,2
2,879,864,-2,-100,-200,0,0,0,1,0

1,6070,864,-192,213,405,70,21,-1,4,0


1,6067,864,-1,40,44,480,360,0,4,0
2,6068,6067,-605,-30,370,20,30,-1,1,89
2,6069,6067,-606,418,370,20,30,-1,1,90

1,6064,6067,-1,13,80,454,256,0,4,0
6,6074,6064,-2,11,10,120,5,480,250,0,2,0,0
1,6071,6064,-248,0,0,454,256,-1,4,0

1,6065,6067,-1,13,80,454,256,0,4,0
6,6075,6065,-2,11,10,120,5,480,250,0,2,0,0
1,6072,6065,-249,0,0,454,256,-1,4,0

1,6066,6067,-1,13,80,454,256,0,4,0
6,6076,6066,-2,11,10,120,5,480,250,0,2,0,0
1,6073,6066,-250,0,0,454,256,-1,4,0

1,6160,864,-2,0,0,491,456,0,4,1
6,6161,6160,-1,80,16,5,85,165,366,16777215,2,0,2
6,6162,6160,-1,100,20,172,85,310,366,16777215,2,0,2
1,0,6160,696,8,81,147,366,0,4,1

1,6163,864,-2,0,0,491,456,0,4,1
6,6164,6163,-1,80,16,5,85,165,366,16777215,2,0,2
6,6165,6163,-1,100,20,172,85,310,366,16777215,2,0,2
1,0,6163,696,8,81,147,366,0,4,1

1,6166,864,-2,0,0,491,456,0,4,1
6,6167,6166,-1,80,16,5,85,165,366,16777215,2,0,2
6,6168,6166,-1,100,20,172,85,310,366,16777215,2,0,2
1,0,6166,696,8,81,147,366,0,4,1



1,6055,864,695,0,0,491,456,-1,4,0


2,871,864,-2,-200,-200,0,0,0,1,0

// Painel de ajuda

1,800000,0,-2,165,60,490,456,0,4,1
12,800001,800000,-1,245,22,0,0,-4607061,0,-4607061,0,1,87
2,800002,800000,612,460,12,20,20,-1,1,80

12,800003,800000,-1,44,58,0,0,-595257,0,-5601144,0,1,88
12,800004,800000,-1,124,58,0,0,-9409950,0,-5601144,0,1,91
12,800005,800000,-1,204,58,0,0,-9409950,0,-5601144,0,1,93
12,800006,800000,-1,284,58,0,0,-9409950,0,-5601144,0,1,378
12,800007,800000,-1,364,58,0,0,-9409950,0,-5601144,0,1,381
12,800008,800000,-1,444,58,0,0,-9409950,0,-5601144,0,1,380

2,800009,800000,691,4,45,80,35,0,1,0
2,800010,800000,-2,84,45,80,35,0,1,0
2,800011,800000,-2,164,45,80,35,0,1,0
2,800012,800000,-2,244,45,80,35,0,1,0
2,800013,800000,-2,324,45,80,35,0,1,0
2,800014,800000,-2,404,45,80,35,0,1,0

1,800020,800000,-2,0,0,491,456,0,4,1
6,800021,800020,-1,80,16,5,85,165,366,16777215,2,2,0
6,800022,800020,-1,100,20,172,85,310,366,16777215,2,0,2
1,800023,800020,696,8,80,147,366,0,4,0

1,800015,800000,695,0,0,490,456,-1,4,0

// Painel de Mensagens

1,800100,0,-2,165,40,490,456,0,4,1
12,0,800100,2,245,22,0,0,-4607061,0,-4607061,0,1,606
2,800102,800100,612,460,12,20,20,-1,1,80

1,800106,800100,-734,79,45,12,12,-1,4,0
1,800107,800100,-734,196,45,12,12,-1,4,0
12,800104,800100,-1,59,58,0,0,-595257,0,-5601144,0,1,246
12,800105,800100,-1,171,58,0,0,-9409950,0,-5601144,0,1,79
2,800110,800100,691,3,45,112,35,0,1,0
2,800111,800100,-2,115,46,112,35,0,1,0

1,800120,800100,-2,0,0,490,456,0,4,0
6,874,800120,-2,100,19,20,75,462,375,0,2,0,2

1,800121,800100,-2,0,0,490,456,0,4,0
6,800101,800121,-2,100,19,20,75,462,375,0,2,0,2

1,800103,800100,695,0,0,490,456,-1,4,0

// Janela de Level Up

1,86000,0,-1,216,120,368,75,0,4,0
12,86003,86000,2,184,19,0,0,-3359574,0,-1,0,1,605
12,86001,86000,3,184,35,0,0,-463135,0,-1,0,1,0
1,86002,86000,-639,0,0,368,75,-1,4,0

1,880,0,-1,150,80,480,100,0,4,0
12,6108,880,-1,215,4,420,16,-1,0,-1,0,0,58
12,881,880,-1,15,24,420,16,-1,0,-1,0,0,0
12,882,880,-1,15,41,420,16,-1,0,-1,0,0,0
12,883,880,-1,15,58,420,16,-1,0,-1,0,0,0
12,884,880,-1,15,75,420,16,-1,0,-1,0,0,0
1,6105,880,-270,0,0,70,96,-1,4,0
1,6106,880,-271,70,0,340,96,-1,4,0
1,6107,880,-272,410,0,70,96,-1,4,0
1,669,0,-2,143,129,492,430,0,4,0
6,670,669,-2,100,20,14,29,470,376,0,2,0,2
12,638,669,-1,150,5,200,16,-1,0,-5601144,0,1,79
1,5694,669,-192,213,405,70,21,-1,4,0
2,671,5694,-2,0,0,70,21,-1,1,80
1,5685,669,-183,0,0,60,39,-1,4,0
1,5686,669,-184,60,0,373,39,-1,4,0
1,5687,669,-185,433,0,60,39,-1,4,0
1,5688,669,-186,0,39,60,362,-1,4,0
1,5689,669,-187,60,39,373,362,-1,4,0
1,5690,669,-188,433,39,60,362,-1,4,0
1,5691,669,-189,0,401,60,29,-1,4,0
1,5692,669,-190,60,401,373,29,-1,4,0
1,5693,669,-191,433,401,60,29,-1,4,0
1,819,0,-2,146,36,508,408,-1442840576,4,0
12,820,819,-1,150,5,200,16,-1,0,-5601144,0,1,97
1,823,819,-2,0,0,508,408,0,4,0
1,828,819,-2,0,0,508,408,0,4,0
1,838,819,-2,0,0,508,408,0,4,0
6,825,823,-2,15,15,4,45,500,255,866822826,2,1,0
2,827,823,-2,260,360,100,20,866822826,1,98
1,6091,823,-267,260,360,100,20,-1,4,0
2,822,823,-2,370,360,100,20,866822826,1,99
1,6092,823,-267,370,360,100,20,-1,4,0
12,836,828,-2,4,28,340,16,-1,1,864616447,0,1,100
6,829,828,-2,20,11,4,45,500,187,866822826,2,0,2
6,830,828,-2,10,5,4,233,500,94,866822826,2,0,2
13,837,828,-2,34,334,364,18,-1,1,864616447,0,0,54,0,1971510784,1640,0,0,0,2810992,147036928,4096,0,1971511015,179191514,2811224,1640,0,147036890,147036888,0,4096,2810968,0,2811080,1971679856,2130792658,-2,1971511015,1967472359,1640,147036928,4096,2811224,1967472364,179191450
2,831,828,-2,400,334,70,18,866822826,1,101
1,6093,828,-267,400,334,70,18,-1,4,0
2,832,828,-2,150,360,100,20,866822826,1,102
1,6094,828,-267,150,360,100,20,-1,4,0
2,834,828,-2,260,360,100,20,866822826,1,103
1,6095,828,-267,260,360,100,20,-1,4,0
2,835,828,-2,370,360,100,20,866822826,1,104
1,6096,828,-267,370,360,100,20,-1,4,0
13,839,838,-2,4,28,340,16,-1,1,864616447,0,0,50,0,1971510784,1640,0,0,0,2810992,147036928,4096,0,1971511015,179191514,2811224,1640,0,147036890,147036888,0,4096,2810968,0,2811080,1971679856,2130792658,-2,1971511015,1967472359,1640,147036928,4096,2811224,1967472364,179191450
6,840,838,-2,20,17,4,45,500,289,866822826,2,0,2
2,842,838,-2,40,360,100,20,866822826,1,105
1,6097,838,-267,40,360,100,20,-1,4,0
2,833,838,-2,150,360,100,20,866822826,1,106
1,6098,838,-267,150,360,100,20,-1,4,0
2,841,838,-2,260,360,100,20,866822826,1,107
1,6099,838,-267,260,360,100,20,-1,4,0
2,843,838,-2,370,360,100,20,866822826,1,108
1,6100,838,-267,370,360,100,20,-1,4,0
1,6082,819,-183,0,0,60,39,-1,4,0
1,6083,819,-184,60,0,388,39,-1,4,0
1,6084,819,-185,448,0,60,39,-1,4,0
1,6085,819,-186,0,39,60,340,-1,4,0
1,6086,819,-187,60,39,388,340,-1,4,0
1,6087,819,-188,448,39,60,340,-1,4,0
1,6088,819,-189,0,379,60,29,-1,4,0
1,6089,819,-190,60,379,388,29,-1,4,0
1,6090,819,-191,448,379,60,29,-1,4,0
1,8705,0,-2,272,100,256,280,-1724693436,4,0
2,8807,8705,-2,213,255,40,20,1152035498,1,12
2,8809,8705,-2,172,255,40,20,1152035498,1,50
2,8810,8705,-2,131,255,40,20,1152035498,1,103
2,8811,8705,376,3,253,24,24,1157627903,1,109
2,8812,8705,377,28,253,24,24,1157627903,1,110
2,8813,8705,378,53,253,24,24,1157627903,1,111
2,8814,8705,379,78,253,24,24,1157627903,1,112
2,8815,8705,380,103,253,24,24,1157627903,1,113
1,8961,0,382,183,150,434,179,-1724693436,4,0
12,8962,8961,-1,120,18,46,11,-1,0,-5601144,0,0,160
13,8963,8961,-2,202,18,26,13,-1,1,0,0,0,16,0,1971510784,1640,0,0,0,2810992,147036928,4096,0,1971511015,179191514,2811224,1640,0,147036890,147036888,0,4096,2810968,0,2811080,1971679856,2130792658,-2,1971511015,1967472359,1640,147036928,4096,2811224,1967472364,179191450
12,8965,8961,-1,240,15,33,17,-1,0,-5601144,0,0,161
2,8964,8961,383,243,15,33,17,-1,1,0
12,8979,8961,-1,382,154,33,17,-1,0,-5601144,0,0,162
2,8978,8961,384,385,154,33,17,-1,1,0
2,8966,8961,104,410,6,19,17,1157627903,1,0
12,8967,8961,-1,24,49,47,11,-1,0,-5601144,0,0,163
12,8968,8961,-1,105,46,302,16,-1,0,-5601144,0,1,0
12,8969,8961,-1,83,81,44,10,-1,0,-5601144,0,0,0
12,8971,8961,-1,7,98,198,16,-1,0,-5601144,0,1,0
12,8970,8961,-1,306,81,43,10,-1,0,-5601144,0,0,0
12,8972,8961,-1,230,98,190,16,-1,0,-5601144,0,1,0
13,8973,8961,-2,175,125,22,16,-1,1,0,0,0,16,0,1971510784,1640,0,0,0,2810992,147036928,4096,0,1971511015,179191514,2811224,1640,0,147036890,147036888,0,4096,2810968,0,2811080,1971679856,2130792658,-2,1971511015,1967472359,1640,147036928,4096,2811224,1967472364,179191450
13,8974,8961,-2,225,125,22,16,-1,1,0,0,0,16,0,1971510784,1640,0,0,0,2810992,147036928,4096,0,1971511015,179191514,2811224,1640,0,147036890,147036888,0,4096,2810968,0,2811080,1971679856,2130792658,-2,1971511015,1967472359,1640,147036928,4096,2811224,1967472364,179191450
12,8975,8961,-1,202,101,14,10,-1,0,-5601144,0,0,0
12,8977,8961,-1,206,125,14,10,-1,0,-5601144,0,0,0
1,2048,0,-1,280,100,227,421,0,4,0
12,2051,2048,-1,58,345,85,16,-1,0,-5601144,0,0,180
2,2059,2048,-2,35,84,13,23,0,1,0
2,2060,2048,-2,59,84,13,23,0,1,0
2,2061,2048,-2,83,84,13,23,0,1,0
2,2062,2048,-2,107,84,13,23,0,1,0
2,2063,2048,-2,131,84,13,23,0,1,0
2,2064,2048,-2,155,84,13,23,0,1,0
2,2065,2048,-2,179,84,13,23,0,1,0
2,2066,2048,-2,35,122,13,23,0,1,0
2,2067,2048,-2,59,122,13,23,0,1,0
2,2068,2048,-2,83,122,13,23,0,1,0
2,2069,2048,-2,107,122,13,23,0,1,0
2,2070,2048,-2,131,122,13,23,0,1,0
2,2071,2048,-2,155,122,13,23,0,1,0
2,2072,2048,-2,179,122,13,23,0,1,0
2,2073,2048,-2,35,160,13,23,0,1,0
2,2074,2048,-2,59,160,13,23,0,1,0
2,2075,2048,-2,83,160,13,23,0,1,0
2,2076,2048,-2,107,160,13,23,0,1,0
2,2077,2048,-2,131,160,13,23,0,1,0
2,2078,2048,-2,155,160,13,23,0,1,0
2,2079,2048,-2,179,160,13,23,0,1,0
2,2080,2048,-2,35,198,13,23,0,1,0
2,2081,2048,-2,59,198,13,23,0,1,0
2,2082,2048,-2,83,198,13,23,0,1,0
2,2083,2048,-2,107,198,13,23,0,1,0
2,2084,2048,-2,131,198,13,23,0,1,0
2,2085,2048,-2,155,198,13,23,0,1,0
2,2086,2048,-2,179,198,13,23,0,1,0
2,2087,2048,-2,35,236,13,23,0,1,0
2,2088,2048,-2,59,236,13,23,0,1,0
2,2089,2048,-2,83,236,13,23,0,1,0
2,2090,2048,-2,107,236,13,23,0,1,0
2,2091,2048,-2,131,236,13,23,0,1,0
2,2092,2048,-2,155,236,13,23,0,1,0
2,2093,2048,-2,179,236,13,23,0,1,0
2,2094,2048,-2,35,274,13,23,0,1,0
2,2095,2048,-2,59,274,13,23,0,1,0
2,2096,2048,-2,83,274,13,23,0,1,0
2,2097,2048,-2,107,274,13,23,0,1,0
2,2098,2048,-2,131,274,13,23,0,1,0
2,2099,2048,-2,155,274,13,23,0,1,0
2,2100,2048,-2,179,274,13,23,0,1,0
2,2101,2048,-2,35,312,13,23,0,1,0
2,2102,2048,-2,59,312,13,23,0,1,0
2,2103,2048,-2,83,312,13,23,0,1,0
12,2052,2048,-1,24,372,85,16,-1,0,-5601144,0,0,181
12,2053,2048,-1,92,372,16,16,-1,0,-5601144,0,1,0
12,2054,2048,-1,110,372,16,16,-1,0,-5601144,0,1,0
12,2055,2048,-1,128,372,16,16,-1,0,-5601144,0,1,0
12,2056,2048,-1,146,372,16,16,-1,0,-5601144,0,1,0
12,2057,2048,-1,164,372,16,16,-1,0,-5601144,0,1,0
12,2058,2048,-1,182,372,16,16,-1,0,-5601144,0,1,0
2,2112,2048,-2,15,394,70,21,16843009,1,182
2,2104,2048,-2,79,394,70,21,16843009,1,183
2,2105,2048,-2,143,394,70,21,16843009,1,184
1,2049,2048,-297,0,0,227,421,-1,4,0
1,6185,0,-1,280,0,227,421,0,4,0
2,6192,6185,-2,128,394,78,23,16843009,1,162
2,6192,6185,313,128,394,78,23,16843009,1,0
2,6193,6185,304,9,61,49,97,16843009,1,0
2,6194,6185,303,62,61,49,97,16843009,1,0
2,6195,6185,314,115,61,49,97,16843009,1,0
2,6196,6185,315,168,61,49,97,16843009,1,0
12,6197,6185,-1,2,161,49,13,-1,0,-5601144,0,0,211
12,6198,6185,-1,54,161,49,13,-1,0,-5601144,0,0,212
12,6199,6185,-1,107,161,49,13,-1,0,-5601144,0,0,213
12,6200,6185,-1,160,161,49,13,-1,0,-5601144,0,0,214
6,6201,6185,-2,100,11,10,211,207,140,0,4,0,0
16,6208,6185,-1,10,211,207,140,4,4,0
1,6209,6185,-307,0,0,227,421,-1,4,0

1,6400,0,-1,300,30,227,421,0,4,1
12,6422,6400,-1,89,4,90,16,-1,0,-5601144,0,0,215
2,6401,6400,329,85,347,56,55,0,1,216
2,6402,6400,324,17,356,31,36,0,1,217
2,6403,6400,325,55,357,23,36,0,1,218
2,6404,6400,327,180,357,31,36,0,1,219
2,6405,6400,326,152,357,23,36,0,1,220
12,6406,6400,-1,51,28,28,28,-1,0,-5601144,0,0,0
12,6407,6400,-1,29,285,58,12,-1,0,-5601144,0,0,221
12,6408,6400,-1,107,282,74,18,-86,0,-1,0,0,0
12,6409,6400,-1,69,316,34,14,-1,0,-5601144,0,0,222
12,6416,6400,-1,107,316,48,14,-1,0,-5601144,0,0,223
2,6421,6400,237,198,400,19,17,-1,1,185
1,6417,6400,-319,0,0,227,421,-1,4,0

1,44000,0,-1,590,5,210,30,0,4,0
12,44003,44000,1,10,4,0,0,-16580094,0,-5601144,0,1,0
2,65796,44000,-674,180,0,24,25,-1,1,122
2,44001,44000,-671,158,2,16,23,-1,1,495
2,65794,44000,-675,128,2,21,22,-1,1,120
2,65793,44000,-673,90,2,30,23,-1,1,119
2,65791,44000,-688,62,-2,21,25,-1,1,117
2,65790,44000,-672,39,-1,15,24,-1,1,116
2,65795,44000,-689,18,-1,14,23,-1,1,121
2,44002,44000,-698,-18,-2,33,23,-1,1,93

2,84000,0,-690,726,455,75,48,-1,1,269

2,65787,0,-697,745,410,45,36,-1,1,234


1,66817,0,-325,550,511,120,30,0,4,0


1,1054256,0,-2,146,86,491,456,0,4,0
2,1054257,1054256,612,454,11,25,25,-1,1,80
12,1054258,1054256,-1,246,20,0,0,-4607061,0,-5601144,0,1,81

12,1054279,1054256,-1,59,58,0,0,-9409950,0,-5601144,0,1,82
12,1054280,1054256,-1,183,58,0,0,-9409950,0,-5601144,0,1,83
12,1054281,1054256,-1,308,58,0,0,-9409950,0,-5601144,0,1,84
12,1054282,1054256,-1,432,58,0,0,-9409950,0,-5601144,0,1,85



2,1054259,1054256,-2,3,46,112,35,0,1,0
6,1054260,1054256,-1,80,16,5,85,165,366,16777215,2,0,2
6,1054261,1054256,-1,100,20,172,85,310,366,16777215,2,0,2

2,1054262,1054256,-2,127,46,112,35,0,1,0
6,1054263,1054256,-1,80,16,5,85,165,366,16777215,2,0,2
6,1054264,1054256,-1,100,20,172,85,310,366,16777215,2,0,2

2,1054265,1054256,-2,252,46,112,35,0,1,0
6,1054266,1054256,-1,80,16,5,85,165,366,16777215,2,0,2
6,1054267,1054256,-1,100,20,172,85,310,366,16777215,2,0,2

2,1054268,1054256,-2,376,46,112,35,0,1,0
6,1054269,1054256,-1,80,16,5,85,165,366,16777215,2,0,2
6,1054271,1054256,-1,100,20,172,85,310,366,16777215,2,0,2

6,1054276,1054256,-1,100,20,4,51,200,330,0,2,0,2
6,1054277,1054256,-1,100,20,204,51,300,330,16777215,2,0,2
2,1054278,1054256,-2,340,30,80,16,1431655850,1,261

1,1054272,1054256,444,0,0,491,456,-1,4,0

// Painel Inventário

1,589832,0,-1,530,100,229,291,0,4,1
12,80128,589832,-1,116,12,0,16,-4607061,0,-1,0,1,443
12,80131,589832,-1,64,230,0,16,-5331300,0,-1,0,1,442
12,80132,589832,-1,167,230,0,16,-5331300,0,-1,0,1,196
12,77834,589832,-1,114,211,0,0,-4154276,0,-1,0,1,0
12,77835,589832,-1,157,211,0,0,-4154276,0,-1,0,1,0
2,80129,589832,584,12,225,99,28,-1,1,-1
2,80130,589832,584,117,225,99,28,-1,1,-1
16,67072,589832,-1,15,51,205,124,3,5,0
16,67073,589832,-1,15,51,205,124,3,5,0
16,67074,589832,-1,15,51,205,124,3,5,0
16,67075,589832,-1,15,51,205,124,3,5,0
16,67080,589832,-1,179,181,35,35,1,1,0
2,67076,589832,527,15,181,35,35,-1,1,-1
2,67077,589832,528,56,181,35,35,-1,1,-1
2,67078,589832,528,97,181,35,35,-1,1,-1
2,67079,589832,528,138,181,35,35,-1,1,-1
2,65562,589832,163,201,10,20,20,-1,1,185
2,65563,589832,-2,114,263,18,15,-1,1,0
12,65564,589832,-1,210,272,0,0,-6134214,0,-1,0,2,0
12,65466,589832,-1,90,272,0,0,-3760395,0,-1,0,2,0
1,65565,589832,-240,0,0,229,291,-1,4,0

1,80900,0,-1,34,35,481,450,0,4,0
12,0,80900,4,241,25,0,0,-4607061,0,-5601144,0,1,454

2,80911,80900,612,450,13,22,22,0,1,185

1,80901,80900,-1,0,0,481,450,0,4,0

6,81200,80901,-1,30,30,95,75,202,400,0,4,0,0
1,80912,80901,603,264,54,202,233,0,4,0

1,80700,80900,-1,4,47,93,96,0,4,0
12,0,80700,-1,47,85,0,0,-5331300,0,-5601144,0,1,450
1,0,80700,624,9,23,75,41,0,4,0
2,80907,80700,621,0,0,93,96,-1,1,0

1,80701,80900,-1,4,148,93,96,0,4,0
12,0,80701,-1,47,85,0,0,-5331300,0,-5601144,0,1,451
1,0,80701,622,17,12,58,58,0,4,0
2,80908,80701,621,0,0,93,96,-1,1,0

1,80702,80900,-1,4,249,93,96,0,4,0
12,0,80702,-1,47,85,0,0,-5331300,0,-5601144,0,1,452
1,0,80702,625,14,15,65,56,0,4,0
2,80909,80702,621,0,0,93,96,-1,1,0

1,80703,80900,-1,4,350,93,96,0,4,0
12,0,80703,-1,47,85,0,0,-5331300,0,-5601144,0,1,453
1,0,80703,623,8,8,77,63,0,4,0
2,80910,80703,621,0,0,93,96,-1,1,0

1,80902,80900,-1,0,0,481,450,0,4,0
12,80968,80902,-1,289,379,0,0,-4280422,0,-5601144,0,1,0
2,80934,80902,605,185,367,17,23,-1,1,89
2,80935,80902,606,374,367,17,23,-1,1,90
1,80933,80902,604,106,365,365,75,0,4,0

1,80913,80902,-1,106,57,178,52,0,4,0
16,80969,80913,-1,8,8,35,35,1,1,0
12,80936,80913,-1,43,5,0,16,-4280422,0,-5601144,0,0,0
12,80937,80913,-1,43,17,0,16,-9796794,0,-5601144,0,0,0
12,80938,80913,-1,43,29,0,16,-9477545,0,-5601144,0,0,0
2,80914,80913,598,0,0,178,52,-1,1,0

1,80915,80902,-1,293,57,178,52,0,4,0
16,80970,80915,-1,8,8,35,35,1,1,0
12,80939,80915,-1,43,5,0,16,-4280422,0,-5601144,0,0,0
12,80940,80915,-1,43,17,0,16,-9796794,0,-5601144,0,0,0
12,80941,80915,-1,43,29,0,16,-9477545,0,-5601144,0,0,0
2,80916,80915,598,0,0,178,52,-1,1,0

1,80917,80902,-1,106,120,178,52,0,4,0
16,80971,80917,-1,8,8,35,35,1,1,0
12,80942,80917,-1,43,5,0,16,-4280422,0,-5601144,0,0,0
12,80943,80917,-1,43,17,0,16,-9796794,0,-5601144,0,0,0
12,80944,80917,-1,43,29,0,16,-9477545,0,-5601144,0,0,0
2,80918,80917,598,0,0,178,52,-1,1,0

1,80919,80902,-1,293,120,178,52,0,4,0
16,80972,80919,-1,8,8,35,35,1,1,0
12,80945,80919,-1,43,5,0,16,-4280422,0,-5601144,0,0,0
12,80946,80919,-1,43,17,0,16,-9796794,0,-5601144,0,0,0
12,80947,80919,-1,43,29,0,16,-9477545,0,-5601144,0,0,0
2,80920,80919,598,0,0,178,52,-1,1,0

1,80921,80902,-1,106,183,178,52,0,4,0
16,80973,80921,-1,8,8,35,35,1,1,0
12,80948,80921,-1,43,5,0,16,-4280422,0,-5601144,0,0,0
12,80949,80921,-1,43,17,0,16,-9796794,0,-5601144,0,0,0
12,80950,80921,-1,43,29,0,16,-9477545,0,-5601144,0,0,0
2,80922,80921,598,0,0,178,52,-1,1,0

1,80923,80902,-1,293,183,178,52,0,4,0
16,80974,80923,-1,8,8,35,35,1,1,0
12,80951,80923,-1,43,5,0,16,-4280422,0,-5601144,0,0,0
12,80952,80923,-1,43,17,0,16,-9796794,0,-5601144,0,0,0
12,80953,80923,-1,43,29,0,16,-9477545,0,-5601144,0,0,0
2,80924,80923,598,0,0,178,52,-1,1,0

1,80925,80902,-1,106,246,178,52,0,4,0
16,80975,80925,-1,8,8,35,35,1,1,0
12,80954,80925,-1,43,5,0,16,-4280422,0,-5601144,0,0,0
12,80955,80925,-1,43,17,0,16,-9796794,0,-5601144,0,0,0
12,80956,80925,-1,43,29,0,16,-9477545,0,-5601144,0,0,0
2,80926,80925,598,0,0,178,52,-1,1,0

1,80927,80902,-1,293,246,178,52,0,4,0
16,80976,80927,-1,8,8,35,35,1,1,0
12,80957,80927,-1,43,5,0,16,-4280422,0,-5601144,0,0,0
12,80958,80927,-1,43,17,0,16,-9796794,0,-5601144,0,0,0
12,80959,80927,-1,43,29,0,16,-9477545,0,-5601144,0,0,0
2,80928,80927,598,0,0,178,52,-1,1,0

1,80929,80902,-1,106,309,178,52,0,4,0
16,80977,80929,-1,8,8,35,35,1,1,0
12,80960,80929,-1,43,5,0,16,-4280422,0,-5601144,0,0,0
12,80961,80929,-1,43,17,0,16,-9796794,0,-5601144,0,0,0
12,80962,80929,-1,43,29,0,16,-9477545,0,-5601144,0,0,0
2,80930,80929,598,0,0,178,52,-1,1,0

1,80931,80902,-1,293,309,178,52,0,4,0
16,80978,80931,-1,8,8,35,35,1,1,0
12,80963,80931,-1,43,5,0,16,-11383224,0,-5601144,0,0,0
12,80964,80931,-1,43,17,0,16,-13813729,0,-5601144,0,0,0
12,80965,80931,-1,43,29,0,16,-11786460,0,-5601144,0,0,0
2,80932,80931,598,0,0,178,52,-1,1,0

1,80903,80900,-1,0,0,481,450,0,4,0
12,80220,80903,-1,105,330,90,16,-1,0,-5601144,0,0,0
12,80221,80903,-1,312,330,90,16,-9467321,0,-5601144,0,0,0
12,81008,80903,-1,289,120,0,0,-4280422,0,-5601144,0,1,0

12,80992,80903,-1,230,153,0,0,-4280422,0,-5601144,0,2,0
12,80993,80903,-1,230,175,0,0,-4280422,0,-5601144,0,2,0
12,80994,80903,-1,340,153,0,0,-4280422,0,-5601144,0,0,0
12,80995,80903,-1,340,175,0,0,-4280422,0,-5601144,0,0,0

12,80996,80903,-1,230,199,0,0,-4280422,0,-5601144,0,2,0
12,80997,80903,-1,230,222,0,0,-4280422,0,-5601144,0,2,0
12,80998,80903,-1,340,199,0,0,-4280422,0,-5601144,0,0,0
12,80999,80903,-1,340,222,0,0,-4280422,0,-5601144,0,0,0

12,81000,80903,-1,230,245,0,0,-4280422,0,-5601144,0,2,0
12,81001,80903,-1,230,269,0,0,-4280422,0,-5601144,0,2,0
12,81002,80903,-1,340,245,0,0,-4280422,0,-5601144,0,0,0
12,81003,80903,-1,340,269,0,0,-4280422,0,-5601144,0,0,0

12,81004,80903,-1,230,291,0,0,-4280422,0,-5601144,0,2,0
12,81005,80903,-1,230,316,0,0,-4280422,0,-5601144,0,2,0
12,81006,80903,-1,340,291,0,0,-4280422,0,-5601144,0,0,0
12,81007,80903,-1,340,316,0,0,-4280422,0,-5601144,0,0,0

16,80983,80903,-1,271,62,35,35,1,1,0
16,80984,80903,-1,244,145,35,35,1,1,0
16,80985,80903,-1,298,145,35,35,1,1,0
16,80986,80903,-1,244,192,35,35,1,1,0
16,80987,80903,-1,298,192,35,35,1,1,0
16,80988,80903,-1,244,239,35,35,1,1,0
16,80989,80903,-1,298,239,35,35,1,1,0
16,80990,80903,-1,244,286,35,35,1,1,0
16,80991,80903,-1,298,286,35,35,1,1,0
12,0,80903,-1,289,337,0,0,-5331300,0,-5601144,0,1,449
2,80967,80903,584,268,329,41,15,-14866129,1,0
2,80982,80903,-602,243,350,82,41,-1,1,342
1,80981,80903,597,0,0,481,450,0,4,0

1,80904,80900,-1,0,0,481,450,0,4,0
12,81636,80904,-1,289,379,0,0,-4280422,0,-5601144,0,1,0
2,81637,80904,-605,185,367,17,23,-1,1,89
2,81638,80904,-606,374,367,17,23,-1,1,90
1,81639,80904,604,106,365,365,75,0,4,0

1,81600,80904,-1,106,57,178,89,0,4,0
16,81612,81600,-1,72,2,35,35,1,1,0
12,81618,81600,-1,89,50,0,0,-4280422,0,-5601144,0,1,0
12,81619,81600,-1,89,65,0,0,-9796794,0,-5601144,0,1,0
12,81620,81600,-1,89,78,0,0,-9477545,0,-5601144,0,1,0
2,81606,81600,618,0,0,178,89,-1,1,0

1,81601,80904,-1,293,57,178,89,0,4,0
16,81613,81601,-1,72,2,35,35,1,1,0
12,81621,81601,-1,89,50,0,0,-4280422,0,-5601144,0,1,0
12,81622,81601,-1,89,65,0,0,-9796794,0,-5601144,0,1,0
12,81623,81601,-1,89,78,0,0,-9477545,0,-5601144,0,1,0
2,81607,81601,618,0,0,178,89,-1,1,0

1,81602,80904,-1,106,165,178,89,0,4,0
16,81614,81602,-1,72,2,35,35,1,1,0
12,81624,81602,-1,89,50,0,0,-4280422,0,-5601144,0,1,0
12,81625,81602,-1,89,65,0,0,-9796794,0,-5601144,0,1,0
12,81626,81602,-1,89,78,0,0,-9477545,0,-5601144,0,1,0
2,81608,81602,618,0,0,178,89,-1,1,0

1,81603,80904,-1,293,165,178,89,0,4,0
16,81615,81603,-1,72,2,35,35,1,1,0
12,81627,81603,-1,89,50,0,0,-4280422,0,-5601144,0,1,0
12,81628,81603,-1,89,65,0,0,-9796794,0,-5601144,0,1,0
12,81629,81603,-1,89,78,0,0,-9477545,0,-5601144,0,1,0
2,81609,81603,618,0,0,178,89,-1,1,0

1,81604,80904,-1,106,273,178,89,0,4,0
16,81616,81604,-1,72,2,35,35,1,1,0
12,81630,81604,-1,89,50,0,0,-4280422,0,-5601144,0,1,0
12,81631,81604,-1,89,65,0,0,-9796794,0,-5601144,0,1,0
12,81632,81604,-1,89,78,0,0,-9477545,0,-5601144,0,1,0
2,81610,81604,618,0,0,178,89,-1,1,0

1,81605,80904,-1,293,273,178,89,0,4,0
16,81617,81605,-1,72,2,35,35,1,1,0
12,81633,81605,-1,89,50,0,0,-4280422,0,-5601144,0,1,0
12,81634,81605,-1,89,65,0,0,-9796794,0,-5601144,0,1,0
12,81635,81605,-1,89,78,0,0,-9477545,0,-5601144,0,1,0
2,81611,81605,618,0,0,178,89,-1,1,0

1,81640,80900,-1,0,0,481,450,0,4,0
16,81641,81640,-1,271,60,35,35,1,1,0
12,81642,81640,-1,290,120,0,0,-4280422,0,-5601144,0,1,0

12,81643,81640,-1,278,153,0,0,-4280422,0,-5601144,0,2,0
12,81644,81640,-1,290,153,0,0,-6778493,0,-5601144,0,0,0

16,81670,81640,-1,169,193,35,35,1,1,0
16,81671,81640,-1,267,193,35,35,1,1,0
16,81672,81640,-1,373,193,35,35,1,1,0

12,0,81640,-1,285,170,0,0,-4280422,0,-5601144,0,1,460
12,0,81640,-1,186,186,0,0,-13390844,0,-5601144,0,1,457
12,0,81640,-1,285,186,0,0,-8158333,0,-5601144,0,1,458
12,0,81640,-1,390,186,0,0,-5493756,0,-5601144,0,1,459

12,81645,81640,-1,186,238,0,0,-13390844,0,-5601144,0,1,0
12,81646,81640,-1,285,238,0,0,-8158333,0,-5601144,0,1,0
12,81647,81640,-1,390,238,0,0,-5493756,0,-5601144,0,1,0

12,81648,81640,-1,290,255,0,0,-5331300,0,-5601144,0,1,449
2,81649,81640,584,257,249,63,13,-1,1,0

16,81650,81640,-1,244,266,35,35,1,1,0
12,81651,81640,-1,230,274,0,0,-4280422,0,-5601144,0,2,0
12,81652,81640,-1,230,295,0,0,-4280422,0,-5601144,0,2,0

16,81653,81640,-1,298,266,35,35,1,1,0
12,81654,81640,-1,340,274,0,0,-4280422,0,-5601144,0,0,0
12,81655,81640,-1,340,295,0,0,-4280422,0,-5601144,0,0,0

16,81656,81640,-1,244,313,35,35,1,1,0
12,81657,81640,-1,230,320,0,0,-4280422,0,-5601144,0,2,0
12,81658,81640,-1,230,342,0,0,-4280422,0,-5601144,0,2,0

16,81659,81640,-1,298,313,35,35,1,1,0
12,81660,81640,-1,340,320,0,0,-4280422,0,-5601144,0,0,0
12,81661,81640,-1,340,342,0,0,-4280422,0,-5601144,0,0,0

16,81662,81640,-1,244,360,35,35,1,1,0
12,81663,81640,-1,230,367,0,0,-4280422,0,-5601144,0,2,0
12,81664,81640,-1,230,389,0,0,-4280422,0,-5601144,0,2,0

16,81665,81640,-1,298,360,35,35,1,1,0
12,81666,81640,-1,340,367,0,0,-4280422,0,-5601144,0,0,0
12,81667,81640,-1,340,389,0,0,-4280422,0,-5601144,0,0,0

2,81668,81640,-619,230,400,117,42,-1,1,0
1,81669,81640,615,0,0,481,450,0,4,0

1,80905,80900,-1,0,0,481,450,0,4,0

16,80045,80905,-1,271,60,35,35,1,1,0
16,80046,80905,-1,164,151,35,35,1,1,0
16,80047,80905,-1,164,208,35,35,1,1,0
16,80048,80905,-1,164,265,35,35,1,1,0
16,80049,80905,-1,164,322,35,35,1,1,0

12,80050,80905,-1,110,113,90,16,-1,0,-5601144,0,0,0
12,80059,80905,-1,370,113,90,16,-1,0,-5601144,0,2,0

12,80051,80905,-1,205,151,90,16,-1,0,-5601144,0,0,0
12,80052,80905,-1,205,208,90,16,-1,0,-5601144,0,0,0
12,80053,80905,-1,205,265,90,16,-1,0,-5601144,0,0,0
12,80054,80905,-1,205,322,90,16,-1,0,-5601144,0,0,0

12,80055,80905,-1,205,173,90,16,-255,0,-5601144,0,0,0
12,80056,80905,-1,205,230,90,16,-255,0,-5601144,0,0,0
12,80057,80905,-1,205,287,90,16,-255,0,-5601144,0,0,0
12,80058,80905,-1,205,344,90,16,-255,0,-5601144,0,0,0

2,80061,80905,607,218,388,140,50,-1,1,-1
1,80062,80905,608,0,0,481,450,0,4,0

1,80906,80900,-1,0,0,481,450,0,4,0
6,81201,80906,-1,30,30,100,55,202,400,0,4,0,0

12,81068,80906,-1,385,130,0,0,-3120,0,16843009,0,1,0
12,81069,80906,-1,385,143,0,0,-2439246,0,16843009,0,1,0
12,81070,80906,-1,300,258,0,0,-5291829,0,16843009,0,0,0
10,81067,80906,611,0,0,317,220,135,8,-1,-1,1
12,81063,80906,-1,385,170,0,0,-5144763,0,16843009,0,1,446
12,81064,80906,-1,385,186,0,0,-8277404,0,16843009,0,1,0
12,81065,80906,-1,385,197,0,0,-7516611,0,16843009,0,1,0
12,81066,80906,-1,385,215,0,0,-4607061,0,16843009,0,1,445

16,81051,80906,-1,244,303,35,35,1,1,0
16,81052,80906,-1,298,303,35,35,1,1,0
16,81053,80906,-1,244,350,35,35,1,1,0
16,81054,80906,-1,298,350,35,35,1,1,0

12,81055,80906,-1,230,310,0,0,-4607061,0,16843009,0,2,0
12,81056,80906,-1,230,332,0,0,-4607061,0,16843009,0,2,0

12,81057,80906,-1,338,310,0,0,-4607061,0,16843009,0,0,0
12,81058,80906,-1,338,332,0,0,-4607061,0,16843009,0,0,0

12,81059,80906,-1,230,358,0,0,-4607061,0,16843009,0,2,0
12,81060,80906,-1,230,380,0,0,-4607061,0,16843009,0,2,0

12,81061,80906,-1,338,358,0,0,-4607061,0,16843009,0,0,0
12,81062,80906,-1,338,380,0,0,-4607061,0,16843009,0,0,0

12,0,80906,-1,290,296,0,0,-5331300,0,-5601144,0,1,449
2,80980,80906,584,257,291,63,11,-1,1,0

12,81050,80906,-1,288,280,0,0,-4607061,0,16843009,0,1,447
2,80979,80906,610,233,399,110,40,0,4,0
1,80966,80906,609,0,0,481,450,0,4,0

1,0,80900,596,0,0,481,450,0,4,0

1,80229,0,-1,250,140,300,260,0,4,0
12,80230,80229,-1,105,13,90,16,-1,0,-5601144,0,1,345
12,80246,80229,-1,40,231,90,16,-1,0,-5601144,0,0,209
12,80247,80229,-1,196,231,90,16,-1,0,-5601144,0,0,210
2,80231,80229,584,18,228,105,22,-1,1,-1
2,80232,80229,584,176,228,105,22,-1,1,-1
12,80233,80229,-1,101,66,90,16,-1,0,-5601144,0,1,-1
12,80234,80229,-1,101,91,90,16,-1,0,-5601144,0,1,-1
12,80235,80229,-1,101,116,90,16,-1,0,-5601144,0,1,-1
12,80236,80229,-1,101,141,90,16,-1,0,-5601144,0,1,-1
12,80237,80229,-1,101,166,90,16,-1,0,-5601144,0,1,-1
12,80238,80229,-1,101,191,90,16,-1,0,-5601144,0,1,-1
2,80239,80229,591,19,63,245,20,-1,1,-1
2,80240,80229,591,19,88,245,20,-1,1,-1
2,80241,80229,591,19,113,245,20,-1,1,-1
2,80242,80229,591,19,138,245,20,-1,1,-1
2,80243,80229,591,19,163,245,20,-1,1,-1
2,80244,80229,591,19,188,245,20,-1,1,-1
1,80245,80229,590,0,0,300,260,0,4,0

// Painel C Personagem

1,65696,0,-1,530,0,437,479,0,4,1

12,65697,65696,-1,218,15,0,0,-4607061,0,-1,0,1,128
2,65769,65696,163,407,14,17,17,0,1,80

12,65545,65696,-1,67,50,0,16,-3120,0,-1,0,1,196
12,80122,65696,-1,168,50,0,16,-9409942,0,-1,0,1,439
12,80121,65696,-1,269,50,0,16,-9409942,0,-1,0,1,560

2,80140,65696,-2,22,46,89,29,-1,1,0
2,80141,65696,-2,126,46,89,29,-1,1,0
2,80142,65696,-2,230,46,89,29,-1,1,0


1,80800,65696,-1,0,0,437,479,0,4,0
12,80801,80800,-1,97,94,0,0,-4280422,0,-1,0,1,561

1,80890,80800,726,194,105,96,96,0,4,0

12,80802,80800,-1,308,222,0,0,-4806507,0,-1,0,1,564
12,80803,80800,-1,308,300,0,0,-7115197,0,-1,0,1,563

12,80804,80800,-1,242,95,0,0,-3359574,0,-1,0,1,565
12,80805,80800,-1,363,95,0,0,-3359574,0,-1,0,1,439

12,80806,80800,-1,363,120,0,0,-6778493,0,-1,0,1,575
12,80807,80800,-1,363,135,0,0,-6778493,0,-1,0,1,147
12,80808,80800,-1,363,150,0,0,-6778493,0,-1,0,1,144
12,80809,80800,-1,363,165,0,0,-6778493,0,-1,0,1,474
12,80810,80800,-1,363,180,0,0,-6778493,0,-1,0,1,470
12,80811,80800,-1,363,195,0,0,-6778493,0,-1,0,1,148

6,80873,80800,-1,13,13,188,232,250,150,0,4,0,0

1,80812,80800,-1,16,110,161,49,0,4,0
16,80813,80812,-1,7,7,35,35,1,1,0
12,80814,80812,-1,45,11,0,0,-7633801,0,-4280422,0,0,439
1,80815,80812,-722,50,29,70,14,-1,4,0
2,80816,80812,-727,139,3,15,15,-1,4,567
12,80817,80812,-1,45,25,0,0,-7633801,0,-4280422,0,0,572
12,80818,80812,-1,155,38,0,0,-7633801,0,-4280422,0,2,598
2,80820,80812,720,0,0,161,49,-1,1,0

1,80821,80800,-1,16,163,161,49,0,4,0
16,80822,80821,-1,7,7,35,35,1,1,0
12,80823,80821,-1,45,11,0,0,-7633801,0,-4280422,0,0,439
1,80824,80821,-722,50,29,70,14,-1,4,0
2,80825,80821,-727,139,3,15,15,-1,4,567
12,80826,80821,-1,45,25,0,0,-7633801,0,-4280422,0,0,572
12,80827,80821,-1,155,38,0,0,-7633801,0,-4280422,0,2,598
2,80829,80821,720,0,0,161,49,-1,1,0

1,80830,80800,-1,16,216,161,49,0,4,0
16,80831,80830,-1,7,7,35,35,1,1,0
12,80832,80830,-1,45,11,0,0,-7633801,0,-4280422,0,0,439
1,80833,80830,-722,50,29,70,14,-1,4,0
2,80834,80830,-727,139,3,15,15,-1,4,567
12,80835,80830,-1,45,25,0,0,-7633801,0,-4280422,0,0,572
12,80836,80830,-1,155,38,0,0,-7633801,0,-4280422,0,2,598
2,80838,80830,720,0,0,161,49,-1,1,0

1,80839,80800,-1,16,269,161,49,0,4,0
16,80840,80839,-1,7,7,35,35,1,1,0
12,80841,80839,-1,45,11,0,0,-7633801,0,-4280422,0,0,439
1,80842,80839,-722,50,29,70,14,-1,4,0
2,80843,80839,-727,139,3,15,15,-1,4,567
12,80844,80839,-1,45,25,0,0,-7633801,0,-4280422,0,0,572
12,80845,80839,-1,155,38,0,0,-7633801,0,-4280422,0,2,598
2,80847,80839,720,0,0,161,49,-1,1,0

1,80848,80800,-1,16,322,161,49,0,4,0
16,80849,80848,-1,7,7,35,35,1,1,0
12,80850,80848,-1,45,11,0,0,-7633801,0,-4280422,0,0,439
1,80851,80848,-722,50,29,70,14,-1,4,0
2,80852,80848,-727,139,3,15,15,-1,4,567
12,80853,80848,-1,45,25,0,0,-7633801,0,-4280422,0,0,572
12,80854,80848,-1,155,38,0,0,-7633801,0,-4280422,0,2,598
2,80856,80848,720,0,0,161,49,-1,1,0

1,80857,80800,-1,16,375,161,49,0,4,0
16,80858,80857,-1,7,7,35,35,1,1,0
12,80859,80857,-1,45,11,0,0,-7633801,0,-4280422,0,0,439
1,80860,80857,-722,50,29,70,14,-1,4,0
2,80861,80857,-727,139,3,15,15,-1,4,567
12,80862,80857,-1,45,25,0,0,-7633801,0,-4280422,0,0,572
12,80863,80857,-1,155,38,0,0,-7633801,0,-4280422,0,2,598
2,80865,80857,720,0,0,161,49,-1,1,0

12,80866,80800,-1,54,456,0,0,-5331300,0,-1,0,1,562
2,80867,80800,584,14,445,80,22,0,1,0

12,80882,80800,-1,136,456,0,0,-5331300,0,-1,0,1,597
2,80883,80800,584,97,445,80,22,0,1,0

12,80868,80800,-1,97,434,0,0,-4280422,0,-5601144,0,1,439
2,80869,80800,-605,35,427,11,15,-1,1,89
2,80870,80800,-606,147,427,11,15,-1,1,90

12,80871,80800,-1,377,450,0,0,-5331300,0,-1,0,1,566
2,80872,80800,584,328,437,97,27,0,1,0

12,80874,80800,-1,257,450,0,0,-6778493,0,-1,0,1,576

12,80875,80800,-1,192,322,0,0,-6778493,0,-1,0,0,0
12,80876,80800,-1,192,337,0,0,-6778493,0,-1,0,0,0
12,80877,80800,-1,192,352,0,0,-6778493,0,-1,0,0,0
12,80878,80800,-1,192,367,0,0,-6778493,0,-1,0,0,0
12,80879,80800,-1,192,382,0,0,-6778493,0,-1,0,0,0
12,80880,80800,-1,192,397,0,0,-6778493,0,-1,0,0,0
12,80881,80800,-1,192,412,0,0,-6778493,0,-1,0,0,0

1,0,80800,718,0,0,437,479,0,4,0

1,81800,65696,-1,0,0,437,479,0,4,0

2,81801,81800,-605,19,85,11,15,-1,1,6
12,81802,81800,2,220,100,0,0,-6778493,0,-1,0,1,577
6,81803,81800,-1,13,13,22,116,250,150,0,4,0,0

12,81804,81800,2,220,215,0,0,-6778493,0,-1,0,1,578

12,81805,81800,-1,20,243,0,0,-6778493,0,-1,0,0,579
12,81806,81800,-1,20,265,0,0,-6778493,0,-1,0,0,580
12,81807,81800,-1,20,287,0,0,-6778493,0,-1,0,0,581
12,81808,81800,-1,20,309,0,0,-6778493,0,-1,0,0,582
12,81809,81800,-1,20,331,0,0,-6778493,0,-1,0,0,583
12,81810,81800,-1,20,353,0,0,-6778493,0,-1,0,0,584
12,81811,81800,-1,20,375,0,0,-6778493,0,-1,0,0,585
12,81812,81800,-1,20,397,0,0,-6778493,0,-1,0,0,586
12,81813,81800,-1,20,419,0,0,-6778493,0,-1,0,0,587
12,81814,81800,-1,20,441,0,0,-6778493,0,-1,0,0,588

10,81815,81800,725,100,100,300,234,100,13,-65281,-1,1
10,81816,81800,725,0,100,300,256,100,13,-65281,-1,1
10,81817,81800,725,2,100,300,278,100,13,-65281,-1,1
10,81818,81800,725,0,100,300,300,100,13,-65281,-1,1
10,81819,81800,725,2,100,300,322,100,13,-65281,-1,1
10,81820,81800,725,3,100,300,344,100,13,-65281,-1,1
10,81821,81800,725,0,100,300,366,100,13,-65281,-1,1
10,81822,81800,725,0,100,300,388,100,13,-65281,-1,1
10,81823,81800,725,0,100,300,410,100,13,-65281,-1,1
10,81824,81800,725,0,100,300,432,100,13,-65281,-1,1

1,0,81800,719,0,0,437,479,0,4,0


1,80113,65696,-1,0,0,437,479,0,4,0
1,80116,80113,583,284,195,145,6,-1,4,0
12,80117,80113,-1,278,82,90,16,-3359574,0,-5601144,0,0,433
12,65703,80113,-1,337,100,90,16,-6778493,0,-5601144,0,2,134
12,65704,80113,-1,278,100,90,16,-6778493,0,-5601144,0,0,135
12,65713,80113,-1,360,115,67,16,-6778493,0,-5601144,0,2,0
12,65714,80113,-1,278,115,90,16,-6778493,0,-5601144,0,0,139
12,65820,80113,-1,360,145,67,16,-6778493,0,-5601144,0,2,0
12,65821,80113,-1,278,145,90,16,-6778493,0,-5601144,0,0,621
12,65707,80113,-1,278,130,90,16,-7700406,0,-5601144,0,2,137
12,80114,80113,-1,330,130,90,16,-6778493,0,-5601144,0,1,430
12,65708,80113,-1,338,130,90,16,-7700406,0,-5601144,0,2,137
12,65709,80113,-1,278,130,90,16,-6778493,0,-5601144,0,0,137
12,65710,80113,-1,260,160,167,16,-7486356,0,-5601144,0,2,0
12,65711,80113,-1,260,175,167,16,-5943240,0,-5601144,0,2,0
12,65712,80113,-1,278,160,90,16,-6778493,0,-5601144,0,0,431
12,80115,80113,-1,278,175,90,16,-6778493,0,-5601144,0,0,432
12,65822,80113,-1,278,460,67,16,-6778493,0,-5601144,0,0,622
12,65767,80113,-1,360,460,67,16,-6778493,0,-5601144,0,2,0

12,65705,80113,-1,360,445,67,16,-6778493,0,-5601144,0,2,0
12,65706,80113,-1,278,445,90,16,-6778493,0,-5601144,0,0,136

12,65823,80113,5,110,100,67,16,-6778493,0,-5601144,0,1,623
12,65824,80113,5,110,115,67,16,-6778493,0,-5601144,0,1,0

1,80112,80113,-1,0,0,437,479,0,4,0
16,65546,80112,-1,24,105,35,35,2,2,16384
16,65549,80112,-1,24,149,35,35,2,2,8192
16,65550,80112,-1,24,193,35,35,2,2,256
16,65552,80112,-1,24,237,35,35,2,2,1024
16,65553,80112,-1,24,281,35,35,2,2,2048
16,65551,80112,-1,24,325,35,35,2,2,512
16,65700,80112,-1,24,369,35,35,1,1,0
16,65555,80112,-1,219,105,35,35,2,2,2
16,65558,80112,-1,219,149,35,35,2,2,4
16,65560,80112,-1,219,193,35,35,2,2,16
16,65559,80112,-1,219,237,35,35,3,2,8
16,65561,80112,-1,219,281,35,35,2,2,32
16,65548,80112,-1,219,325,35,35,2,2,4096
16,65547,80112,-1,219,369,35,35,2,2,32768
16,65556,80112,-1,149,419,35,35,4,2,128
16,65557,80112,-1,94,419,35,35,3,2,64

2,65810,80112,658,200,335,16,16,-1,1,559
2,65811,80112,658,258,325,14,14,-1,1,612
2,65812,80112,658,258,343,14,14,-1,1,616

1,80135,80113,-1,0,130,437,479,0,4,0
1,80124,80135,583,284,185,145,6,-1,4,0
12,80123,80135,-1,279,82,90,16,-3359574,0,-5601144,0,0,440
12,65717,80135,-1,279,100,90,16,-6778493,0,-5601144,0,0,140
12,65715,80135,-1,340,100,67,16,-6778493,0,-5601144,0,2,0
2,65716,80135,238,413,101,13,13,-1,1,0
12,65720,80135,-1,279,115,90,16,-6778493,0,-5601144,0,0,47
12,65718,80135,-1,340,115,67,16,-6778493,0,-5601144,0,2,0
2,65719,80135,238,413,116,13,13,-1,1,0
12,65723,80135,-1,279,130,90,16,-6778493,0,-5601144,0,0,48
12,65721,80135,-1,340,130,67,16,-6778493,0,-5601144,0,2,0
2,65722,80135,238,413,131,13,13,-1,1,0
12,65726,80135,-1,279,145,90,16,-6778493,0,-5601144,0,0,49
12,65724,80135,-1,340,145,67,16,-6778493,0,-5601144,0,2,0
2,65725,80135,238,413,146,13,13,-1,1,0
12,65727,80135,-1,360,165,67,16,-7700406,0,-5601144,0,2,0
12,65728,80135,-1,279,165,90,16,-7700406,0,-5601144,0,0,141
1,80136,80113,-1,0,45,437,479,0,4,0
1,80127,80136,583,284,395,145,6,-1,4,0
12,80126,80136,-1,279,292,90,16,-3359574,0,-5601144,0,0,441
12,65755,80136,-1,279,310,90,16,-6778493,0,-5601144,0,0,154
12,65753,80136,-1,340,310,67,16,-6778493,0,-5601144,0,2,0
2,65754,80136,238,413,311,13,13,-1,1,0
12,65758,80136,-1,279,325,90,16,-6778493,0,-5601144,0,0,155
12,65756,80136,-1,340,325,67,16,-6778493,0,-5601144,0,2,0
2,65757,80136,238,413,326,13,13,-1,1,0
12,65761,80136,-1,279,340,90,16,-6778493,0,-5601144,0,0,156
12,65759,80136,-1,340,340,67,16,-6778493,0,-5601144,0,2,0
2,65760,80136,238,413,341,13,13,-1,1,0
12,65764,80136,-1,279,355,90,16,-6778493,0,-5601144,0,0,157
12,65762,80136,-1,340,355,67,16,-6778493,0,-5601144,0,2,0
2,65763,80136,238,413,356,13,13,-1,1,0
12,65766,80136,-1,279,375,90,16,-7700406,0,-5601144,0,0,158
12,65765,80136,-1,360,375,67,16,-7700406,0,-5601144,0,2,0
1,65768,80136,65,800,600,0,0,-1,4,0

1,80111,65696,-1,0,0,437,479,0,4,0
12,0,80111,-1,218,94,0,0,-11807489,0,-5601144,0,1,448
16,80200,80111,-1,24,115,35,35,1,1,0
16,80201,80111,-1,95,115,35,35,1,1,0
16,80202,80111,-1,166,115,35,35,1,1,0
16,80203,80111,-1,237,115,35,35,1,1,0
16,80204,80111,-1,308,115,35,35,1,1,0
16,80205,80111,-1,378,115,35,35,1,1,0
12,80190,80111,-1,42,165,0,0,-6778493,0,-5601144,0,1,442
12,80191,80111,-1,113,165,0,0,-6778493,0,-5601144,0,1,442
12,80192,80111,-1,184,165,0,0,-6778493,0,-5601144,0,1,442
12,80193,80111,-1,255,165,0,0,-6778493,0,-5601144,0,1,442
12,80194,80111,-1,326,165,0,0,-6778493,0,-5601144,0,1,442
12,80195,80111,-1,397,165,0,0,-6778493,0,-5601144,0,1,442

1,80133,80111,-1,2,195,437,479,0,4,0
1,0,80133,583,4,100,135,6,-1,4,0
12,0,80133,-1,74,0,0,0,-7115197,0,-5601144,0,1,484
12,65730,80133,-1,0,25,0,0,-6778493,0,-5601144,0,0,142
12,65729,80133,-1,138,25,0,0,-6778493,0,-5601144,0,2,0
12,80159,80133,-1,0,40,0,0,-6778493,0,-5601144,0,0,462
12,80160,80133,-1,138,40,0,0,-6778493,0,-5601144,0,2,0
12,65732,80133,-1,0,55,0,0,-6778493,0,-5601144,0,0,143
12,65731,80133,-1,138,55,0,0,-6778493,0,-5601144,0,2,0
12,80161,80133,-1,0,70,0,0,-6778493,0,-5601144,0,0,463
12,80162,80133,-1,138,70,0,0,-6778493,0,-5601144,0,2,0
12,80184,80133,-1,0,85,0,0,-6778493,0,-5601144,0,0,467
12,80185,80133,-1,138,85,0,0,-6778493,0,-5601144,0,2,0

12,80120,80133,-1,74,120,0,0,-7115197,0,-5601144,0,1,92
12,65738,80133,-1,0,145,0,0,-6778493,0,-5601144,0,0,146
12,65737,80133,-1,138,145,0,0,-6778493,0,-5601144,0,2,0
12,80180,80133,-1,0,160,0,0,-6778493,0,-5601144,0,0,482
12,80181,80133,-1,138,160,0,0,-6778493,0,-5601144,0,2,0
12,80182,80133,-1,0,175,0,0,-6778493,0,-5601144,0,0,483
12,80183,80133,-1,138,175,0,0,-6778493,0,-5601144,0,2,0


1,80134,80111,-1,143,195,437,479,0,4,0
1,0,80134,583,7,115,136,6,-1,4,0
1,0,80134,583,7,205,136,6,-1,4,0
12,80118,80134,-1,74,0,0,0,-7115197,0,-5601144,0,1,461
12,80165,80134,-1,0,25,0,0,-6778493,0,-5601144,0,0,465
12,80166,80134,-1,140,25,0,0,-6778493,0,-5601144,0,2,0
12,65734,80134,-1,0,40,0,0,-6778493,0,-5601144,0,0,437
12,65733,80134,-1,140,40,0,0,-4617652,0,-5601144,0,2,0
12,65742,80134,-1,0,55,0,0,-6778493,0,-5601144,0,0,148
12,65741,80134,-1,140,55,0,0,-6778493,0,-5601144,0,2,0
12,80188,80134,-1,0,70,0,0,-6778493,0,-5601144,0,0,438
12,80189,80134,-1,140,70,0,0,-4617652,0,-5601144,0,2,0
12,65736,80134,-1,0,85,0,0,-6778493,0,-5601144,0,0,486
12,65735,80134,-1,140,85,0,0,-4617652,0,-5601144,0,2,0
12,80176,80134,-1,0,100,0,0,-6778493,0,-5601144,0,0,470
12,80177,80134,-1,140,100,0,0,-6778493,0,-5601144,0,2,0

12,0,80134,-1,74,135,0,0,-7115197,0,-5601144,0,1,149
12,65744,80134,-1,0,160,0,0,-6778493,0,-5601144,0,0,468
12,65743,80134,-1,140,160,0,0,-6778493,0,-5601144,0,2,0
12,80186,80134,-1,0,175,0,0,-6778493,0,-5601144,0,0,485
12,80187,80134,-1,140,175,0,0,-6778493,0,-5601144,0,2,0
12,80174,80134,-1,0,190,0,0,-6778493,0,-5601144,0,0,469
12,80175,80134,-1,140,190,0,0,-6778493,0,-5601144,0,2,0

12,0,80134,-1,74,225,0,0,-7115197,0,-5601144,0,1,92
12,80163,80134,-1,0,250,0,0,-6778493,0,-5601144,0,0,464
12,80164,80134,-1,140,250,0,0,-6778493,0,-5601144,0,2,0
12,80167,80134,-1,0,265,0,0,-6778493,0,-5601144,0,0,466
12,80168,80134,-1,140,265,0,0,-6778493,0,-5601144,0,2,0


1,80150,80111,-1,290,195,437,479,0,4,0
1,0,80150,583,7,70,136,6,-1,4,0
1,0,80150,583,7,175,136,6,-1,4,0
12,0,80150,-1,74,0,0,0,-7115197,0,-5601144,0,1,472
12,80151,80150,-1,0,25,0,0,-6778493,0,-5601144,0,0,473
12,80152,80150,-1,140,25,0,0,-6778493,0,-5601144,0,2,0
12,65740,80150,-1,0,40,0,0,-6778493,0,-5601144,0,0,147
12,65739,80150,-1,140,40,0,0,-6778493,0,-5601144,0,2,0
12,80153,80150,-1,0,55,0,0,-6778493,0,-5601144,0,0,474
12,80154,80150,-1,140,55,0,0,-6778493,0,-5601144,0,2,0

12,0,80150,-1,74,90,0,0,-7115197,0,-5601144,0,1,487
12,65746,80150,-1,0,115,0,0,-6778493,0,-5601144,0,0,477
12,65745,80150,-1,140,115,0,0,-6778493,0,-5601144,0,2,0
12,65748,80150,-1,0,130,0,0,-6778493,0,-5601144,0,0,478
12,65747,80150,-1,140,130,0,0,-6778493,0,-5601144,0,2,0
12,65750,80150,-1,0,145,0,0,-6778493,0,-5601144,0,0,479
12,65749,80150,-1,140,145,0,0,-6778493,0,-5601144,0,2,0
12,65752,80150,-1,0,160,0,0,-6778493,0,-5601144,0,0,480
12,65751,80150,-1,140,160,0,0,-6778493,0,-5601144,0,2,0

12,0,80150,-1,74,195,0,0,-7115197,0,-5601144,0,1,92
12,80155,80150,-1,0,220,0,0,-6778493,0,-5601144,0,0,475
12,80156,80150,-1,140,220,0,0,-6778493,0,-5601144,0,2,0
12,80157,80150,-1,0,235,0,0,-6778493,0,-5601144,0,0,476
12,80158,80150,-1,140,235,0,0,-6778493,0,-5601144,0,2,0
12,80178,80150,-1,0,250,0,0,-6778493,0,-5601144,0,0,471
12,80179,80150,-1,140,250,0,0,-6778493,0,-5601144,0,2,0

1,88000,0,-1,20,20,416,463,0,4,0
12,0,88000,-1,209,23,0,0,-4607061,0,-5601144,0,1,492
2,88007,88000,612,385,13,22,22,-1,1,0

12,88037,88000,-1,67,57,0,0,-9409942,0,-5601144,0,1,489
12,88038,88000,-1,209,57,0,0,-9409942,0,-5601144,0,1,490
12,88039,88000,-1,349,57,0,0,-9409942,0,-5601144,0,1,491

2,88004,88000,-2,25,42,84,28,-1,1,0
2,88005,88000,-2,167,42,84,28,-1,1,0
2,88006,88000,-2,307,42,84,28,-1,1,0

1,88003,88000,-1,0,0,416,463,0,4,0
6,88092,88003,-1,30,30,10,100,202,400,0,4,0,0

12,88089,88003,-1,301,170,0,0,-3120,0,16843009,0,1,0
12,88090,88003,-1,301,183,0,0,-2439246,0,16843009,0,1,0
12,88091,88003,-1,301,258,0,0,-5291829,0,16843009,0,1,0

2,88088,88003,-654,147,420,120,35,-1,1,0

12,0,88003,-1,208,298,0,0,-4607061,0,16843009,0,1,493

12,88078,88003,-1,208,318,0,0,-5331300,0,-5601144,0,1,449
2,88079,88003,584,176,312,63,13,-1,1,0

16,88074,88003,-1,164,332,35,35,1,1,0
16,88075,88003,-1,218,332,35,35,1,1,0
16,88076,88003,-1,164,379,35,35,1,1,0
16,88077,88003,-1,218,379,35,35,1,1,0

12,88080,88003,-1,147,341,0,0,-6778493,0,-5601144,0,2,488
12,88081,88003,-1,147,362,0,0,-6778493,0,-5601144,0,2,488

12,88082,88003,-1,260,341,0,0,-6778493,0,-5601144,0,0,488
12,88083,88003,-1,260,362,0,0,-6778493,0,-5601144,0,0,488

12,88084,88003,-1,147,388,0,0,-6778493,0,-5601144,0,2,488
12,88085,88003,-1,147,410,0,0,-6778493,0,-5601144,0,2,488

12,88086,88003,-1,260,387,0,0,-6778493,0,-5601144,0,0,488
12,88087,88003,-1,260,409,0,0,-6778493,0,-5601144,0,0,488

1,88024,88003,651,0,0,416,463,0,4,0

1,88040,88000,-1,0,0,416,463,0,4,0

2,88073,88040,-654,147,420,120,35,-1,1,0
12,88045,88040,-1,208,200,0,0,-4154276,0,16843009,0,1,202

16,88041,88040,-1,102,114,35,35,1,1,0
16,88042,88040,-1,279,114,35,35,1,1,0
12,88043,88040,-1,120,164,0,0,-6778493,0,-5601144,0,1,491
12,88044,88040,-1,297,164,0,0,-6778493,0,-5601144,0,1,491
12,88046,88040,-1,208,224,0,0,-5331300,0,-5601144,0,1,449
2,88047,88040,584,176,218,63,13,-1,1,0

16,88048,88040,-1,163,238,35,35,1,1,0
16,88049,88040,-1,217,238,35,35,1,1,0
16,88050,88040,-1,163,285,35,35,1,1,0
16,88051,88040,-1,217,285,35,35,1,1,0
16,88052,88040,-1,163,332,35,35,1,1,0
16,88053,88040,-1,217,332,35,35,1,1,0
16,88054,88040,-1,163,379,35,35,1,1,0
16,88055,88040,-1,217,379,35,35,1,1,0

12,88056,88040,-1,147,246,0,0,-6778493,0,-5601144,0,2,488
12,88057,88040,-1,147,268,0,0,-6778493,0,-5601144,0,2,488

12,88058,88040,-1,260,246,0,0,-6778493,0,-5601144,0,0,488
12,88059,88040,-1,260,268,0,0,-6778493,0,-5601144,0,0,488

12,88060,88040,-1,147,294,0,0,-6778493,0,-5601144,0,2,488
12,88061,88040,-1,147,316,0,0,-6778493,0,-5601144,0,2,488

12,88062,88040,-1,260,294,0,0,-6778493,0,-5601144,0,0,488
12,88063,88040,-1,260,316,0,0,-6778493,0,-5601144,0,0,488

12,88064,88040,-1,147,341,0,0,-6778493,0,-5601144,0,2,488
12,88065,88040,-1,147,362,0,0,-6778493,0,-5601144,0,2,488

12,88066,88040,-1,260,341,0,0,-6778493,0,-5601144,0,0,488
12,88067,88040,-1,260,362,0,0,-6778493,0,-5601144,0,0,488

12,88068,88040,-1,147,388,0,0,-6778493,0,-5601144,0,2,488
12,88069,88040,-1,147,410,0,0,-6778493,0,-5601144,0,2,488

12,88070,88040,-1,260,387,0,0,-6778493,0,-5601144,0,0,488
12,88071,88040,-1,260,409,0,0,-6778493,0,-5601144,0,0,488

1,0,88040,653,0,0,416,463,0,4,0

1,88002,88000,-1,0,0,416,463,0,4,0

12,88031,88002,-1,209,115,0,0,-11756095,0,-5601144,0,1,488
12,88032,88002,-1,209,176,0,0,-11756095,0,-5601144,0,1,488
12,88033,88002,-1,209,237,0,0,-11756095,0,-5601144,0,1,488
12,88034,88002,-1,209,298,0,0,-11756095,0,-5601144,0,1,488
12,88035,88002,-1,209,359,0,0,-11756095,0,-5601144,0,1,488
12,88036,88002,-1,209,420,0,0,-11756095,0,-5601144,0,1,488

2,88025,88002,652,103,88,209,54,-1,1,0
2,88026,88002,652,103,149,209,54,-1,1,0
2,88027,88002,652,103,210,209,54,-1,1,0
2,88028,88002,652,103,271,209,54,-1,1,0
2,88029,88002,652,103,332,209,54,-1,1,0
2,88030,88002,652,103,393,209,54,-1,1,0

16,88010,88002,-1,50,97,35,35,1,1,0
16,88011,88002,-1,50,158,35,35,1,1,0
16,88012,88002,-1,50,218,35,35,1,1,0
16,88013,88002,-1,50,280,35,35,1,1,0
16,88014,88002,-1,50,341,35,35,1,1,0
16,88015,88002,-1,50,400,35,35,1,1,0
16,88016,88002,-1,330,97,35,35,1,1,0
16,88017,88002,-1,330,158,35,35,1,1,0
16,88018,88002,-1,330,218,35,35,1,1,0
16,88019,88002,-1,330,280,35,35,1,1,0
16,88020,88002,-1,330,341,35,35,1,1,0
16,88021,88002,-1,330,400,35,35,1,1,0
1,88022,88002,650,0,0,416,463,0,4,0

1,88001,88000,-1,0,0,416,463,0,4,0
6,88093,88001,-1,30,30,45,113,202,400,0,4,0,0
1,88023,88001,649,0,0,416,463,0,4,0

1,85000,0,-1,127,35,388,450,0,4,0

12,85057,85000,4,193,23,0,0,-4607061,0,-5601144,0,1,556

12,85074,85000,-1,62,50,0,0,-5331300,0,-1,0,1,299
12,85075,85000,-1,182,50,0,0,-5331300,0,-1,0,1,300
2,85072,85000,-2,22,39,81,26,-1,1,0
2,85073,85000,-2,141,39,81,26,-1,1,0
12,85058,85000,-1,329,422,0,16,-9131331,0,-1,0,1,0

1,85070,85000,-1,0,0,388,450,0,4,0
12,85056,85070,-1,193,393,0,0,-4280422,0,-5601144,0,1,0
2,85054,85070,-605,89,382,17,23,-1,1,89
2,85055,85070,-606,278,382,17,23,-1,1,90

1,85002,85070,-1,11,71,178,52,0,4,0
1,85094,85002,630,0,0,35,35,-1,4,0
16,85022,85002,-1,8,8,35,35,1,1,0
12,85032,85002,-1,43,8,0,16,-4280422,0,-5601144,0,0,0
12,85033,85002,-1,43,27,0,16,-9131331,0,-5601144,0,0,0
16,85060,85002,-1,105,25,35,35,1,1,0
2,85012,85002,599,0,0,178,52,-1,1,0

1,85003,85070,-1,198,71,178,52,0,4,0
1,85095,85003,630,0,0,35,35,-1,4,0
16,85023,85003,-1,8,8,35,35,1,1,0
12,85034,85003,-1,43,8,0,16,-4280422,0,-5601144,0,0,0
12,85035,85003,-1,43,27,0,16,-9131331,0,-5601144,0,0,0
16,85061,85003,-1,105,25,35,35,1,1,0
2,85013,85003,599,0,0,178,52,-1,1,0

1,85004,85070,-1,11,134,178,52,0,4,0
1,85096,85004,630,0,0,35,35,-1,4,0
16,85024,85004,-1,8,8,35,35,1,1,0
12,85036,85004,-1,43,8,0,16,-4280422,0,-5601144,0,0,0
12,85037,85004,-1,43,27,0,16,-9131331,0,-5601144,0,0,0
16,85062,85004,-1,105,25,35,35,1,1,0
2,85014,85004,599,0,0,178,52,-1,1,0

1,85005,85070,-1,198,134,178,52,0,4,0
1,85097,85005,630,0,0,35,35,-1,4,0
16,85025,85005,-1,8,8,35,35,1,1,0
12,85038,85005,-1,43,8,0,16,-4280422,0,-5601144,0,0,0
12,85039,85005,-1,43,27,0,16,-9131331,0,-5601144,0,0,0
16,85063,85005,-1,105,25,35,35,1,1,0
2,85015,85005,599,0,0,178,52,-1,1,0

1,85006,85070,-1,11,197,178,52,0,4,0
1,85098,85006,630,0,0,35,35,-1,4,0
16,85026,85006,-1,8,8,35,35,1,1,0
12,85040,85006,-1,43,8,0,16,-4280422,0,-5601144,0,0,0
12,85041,85006,-1,43,27,0,16,-9131331,0,-5601144,0,0,0
16,85064,85006,-1,105,25,35,35,1,1,0
2,85016,85006,599,0,0,178,52,-1,1,0

1,85007,85070,-1,198,197,178,52,0,4,0
1,85099,85007,630,0,0,35,35,-1,4,0
16,85027,85007,-1,8,8,35,35,1,1,0
12,85042,85007,-1,43,8,0,16,-4280422,0,-5601144,0,0,0
12,85043,85007,-1,43,27,0,16,-9131331,0,-5601144,0,0,0
16,85065,85007,-1,105,25,35,35,1,1,0
2,85017,85007,599,0,0,178,52,-1,1,0

1,85008,85070,-1,11,260,178,52,0,4,0
1,85100,85008,630,0,0,35,35,-1,4,0
16,85028,85008,-1,8,8,35,35,1,1,0
12,85044,85008,-1,43,8,0,16,-4280422,0,-5601144,0,0,0
12,85045,85008,-1,43,27,0,16,-9131331,0,-5601144,0,0,0
16,85066,85008,-1,105,25,35,35,1,1,0
2,85018,85008,599,0,0,178,52,-1,1,0

1,85009,85070,-1,198,260,178,52,0,4,0
1,85101,85009,630,0,0,35,35,-1,4,0
16,85029,85009,-1,8,8,35,35,1,1,0
12,85046,85009,-1,43,8,0,16,-4280422,0,-5601144,0,0,0
12,85047,85009,-1,43,27,0,16,-9131331,0,-5601144,0,0,0
16,85067,85009,-1,105,25,35,35,1,1,0
2,85019,85009,599,0,0,178,52,-1,1,0

1,85010,85070,-1,11,323,178,52,0,4,0
1,85102,85010,630,0,0,35,35,-1,4,0
16,85030,85010,-1,8,8,35,35,1,1,0
12,85048,85010,-1,43,8,0,16,-4280422,0,-5601144,0,0,0
12,85049,85010,-1,43,27,0,16,-9131331,0,-5601144,0,0,0
16,85068,85010,-1,105,25,35,35,1,1,0
2,85020,85010,599,0,0,178,52,-1,1,0

1,85011,85070,-1,198,323,178,52,0,4,0
1,85103,85011,630,0,0,35,35,-1,4,0
16,85031,85011,-1,8,8,35,35,1,1,0
12,85050,85011,-1,43,8,0,16,-4280422,0,-5601144,0,0,0
12,85051,85011,-1,43,27,0,16,-9131331,0,-5601144,0,0,0
16,85069,85011,-1,105,25,35,35,1,1,0
2,85021,85011,599,0,0,178,52,-1,1,0

12,85053,85070,-1,61,422,0,16,-5331300,0,-1,0,1,299
2,85052,85070,584,12,418,101,25,-1,1,-1

2,85076,85000,612,355,9,22,22,0,1,185
1,85071,85000,-1,0,0,388,450,0,4,0

16,80076,85071,-1,177,86,35,35,1,1,0
16,80077,85071,-1,70,177,35,35,1,1,0
16,80078,85071,-1,70,234,35,35,1,1,0
16,80079,85071,-1,70,291,35,35,1,1,0
16,80080,85071,-1,70,348,35,35,1,1,0

12,80081,85071,-1,194,143,0,0,-70969,0,-5601144,0,1,553
12,80082,85071,-1,30,143,0,0,-997025,0,-5601144,0,0,0
12,80083,85071,-1,358,143,0,0,-12810707,0,-5601144,0,2,0

12,80084,85071,-1,125,184,0,0,-4280422,0,-5601144,0,0,0
12,80088,85071,-1,125,206,0,0,-6324650,0,-5601144,0,0,0
12,80085,85071,-1,125,241,0,0,-4280422,0,-5601144,0,0,0
12,80089,85071,-1,125,263,0,0,-6324650,0,-5601144,0,0,0
12,80086,85071,-1,125,298,0,0,-4280422,0,-5601144,0,0,0
12,80090,85071,-1,125,320,0,0,-6324650,0,-5601144,0,0,0
12,80087,85071,-1,125,355,0,0,-4280422,0,-5601144,0,0,0
12,80091,85071,-1,125,377,0,0,-6324650,0,-5601144,0,0,0

12,0,85071,-1,61,422,0,16,-5331300,0,-1,0,1,339
2,80092,85071,584,12,418,101,25,-1,1,-1
1,80093,85071,715,0,0,388,450,0,4,0

1,85001,85000,626,0,0,388,450,0,4,0

1,77965,0,-1,164,100,472,348,0,4,0
12,77966,77965,-1,236,20,0,0,-4607061,0,-5601144,0,1,269
2,77999,77965,612,435,12,22,20,-1,1,80

12,77968,77965,-1,82,60,0,0,-7633801,0,-5601144,0,1,283
12,77969,77965,-1,82,92,0,0,-7633801,0,-5601144,0,1,332
12,77970,77965,-1,82,124,0,0,-7633801,0,-5601144,0,1,284
12,77971,77965,-1,82,156,0,0,-7633801,0,-5601144,0,1,285
12,77972,77965,-1,82,188,0,0,-7633801,0,-5601144,0,1,286
12,77973,77965,-1,82,220,0,0,-7633801,0,-5601144,0,1,287
12,78186,77965,-1,82,252,0,0,-7633801,0,-5601144,0,1,288
12,78189,77965,-1,82,284,0,0,-7633801,0,-5601144,0,1,614

2,78042,77965,631,8,47,147,25,-1,1,-1
2,78043,77965,631,8,79,147,25,-1,1,-1
2,78044,77965,631,8,111,147,25,-1,1,-1
2,78045,77965,631,8,143,147,25,-1,1,-1
2,78046,77965,631,8,175,147,25,-1,1,-1
2,78047,77965,631,8,207,147,25,-1,1,-1
2,78048,77965,631,8,239,147,25,-1,1,-1
2,78049,77965,631,8,271,147,25,-1,1,-1

12,77975,77965,-1,206,100,0,0,-3760395,0,-5601144,0,1,275
12,77976,77965,-1,264,100,0,0,-3760395,0,-5601144,0,1,275
12,77977,77965,-1,322,100,0,0,-3760395,0,-5601144,0,1,275
12,77978,77965,-1,380,100,0,0,-3760395,0,-5601144,0,1,275
12,77979,77965,-1,438,100,0,0,-3760395,0,-5601144,0,1,275

12,77980,77965,-1,206,158,0,0,-3760395,0,-5601144,0,1,275
12,77981,77965,-1,264,158,0,0,-3760395,0,-5601144,0,1,275
12,77982,77965,-1,322,158,0,0,-3760395,0,-5601144,0,1,275
12,77983,77965,-1,380,158,0,0,-3760395,0,-5601144,0,1,275
12,77984,77965,-1,438,158,0,0,-3760395,0,-5601144,0,1,275

12,77985,77965,-1,206,216,0,0,-3760395,0,-5601144,0,1,275
12,77986,77965,-1,264,216,0,0,-3760395,0,-5601144,0,1,275
12,77987,77965,-1,322,216,0,0,-3760395,0,-5601144,0,1,275
12,77988,77965,-1,380,216,0,0,-3760395,0,-5601144,0,1,275
12,77989,77965,-1,438,216,0,0,-3760395,0,-5601144,0,1,275

12,77990,77965,-1,206,274,0,0,-3760395,0,-5601144,0,1,275
12,77991,77965,-1,264,274,0,0,-3760395,0,-5601144,0,1,275
12,77992,77965,-1,322,274,0,0,-3760395,0,-5601144,0,1,275
12,77993,77965,-1,380,274,0,0,-3760395,0,-5601144,0,1,275
12,77994,77965,-1,438,274,0,0,-3760395,0,-5601144,0,1,275

12,77997,77965,-1,82,265,0,16,-6448741,0,-5601144,0,1,0
12,77996,77965,-1,82,280,0,16,-6448741,0,-5601144,0,1,0
12,77995,77965,-1,82,295,0,16,-6448741,0,-5601144,0,1,0

13,77998,77965,-2,7,318,125,13,-1,1,0,0,0,14,0,-858993664,-858993460,-858993460,-858993460,-858993460,-858993460,-858993460,-858993460,-858993460,-858993460,-858993460,-858993460,-858993460,-858993460,-858993460,-858993460,-858993460,-858993460,-858993460,-858993460,-858993460,-858993460,-858993460,-858993460,-858993460,-858993460,-858993460,-858993460,-858993460,-858993460,-858993460,-858993460

2,78000,77965,-629,134,316,17,17,-1,1,290

1,78021,77965,630,188,54,35,35,-1,4,0
1,78022,77965,630,246,54,35,35,-1,4,0
1,78023,77965,630,304,54,35,35,-1,4,0
1,78024,77965,630,362,54,35,35,-1,4,0
1,78025,77965,630,420,54,35,35,-1,4,0

1,78026,77965,630,188,112,35,35,-1,4,0
1,78027,77965,630,246,112,35,35,-1,4,0
1,78028,77965,630,304,112,35,35,-1,4,0
1,78029,77965,630,362,112,35,35,-1,4,0
1,78030,77965,630,420,112,35,35,-1,4,0

1,78031,77965,630,188,170,35,35,-1,4,0
1,78032,77965,630,246,170,35,35,-1,4,0
1,78033,77965,630,304,170,35,35,-1,4,0
1,78034,77965,630,362,170,35,35,-1,4,0
1,78035,77965,630,420,170,35,35,-1,4,0

1,78036,77965,630,188,228,35,35,-1,4,0
1,78037,77965,630,246,228,35,35,-1,4,0
1,78038,77965,630,304,228,35,35,-1,4,0
1,78039,77965,630,362,228,35,35,-1,4,0
1,78040,77965,630,420,228,35,35,-1,4,0

16,78001,77965,-1,188,54,35,35,1,1,0
16,78002,77965,-1,246,54,35,35,1,1,1
16,78003,77965,-1,304,54,35,35,1,1,2
16,78004,77965,-1,362,54,35,35,1,1,3
16,78005,77965,-1,420,54,35,35,1,1,4

16,78006,77965,-1,188,112,35,35,1,1,5
16,78007,77965,-1,246,112,35,35,1,1,6
16,78008,77965,-1,304,112,35,35,1,1,7
16,78009,77965,-1,362,112,35,35,1,1,8
16,78010,77965,-1,420,112,35,35,1,1,9

16,78011,77965,-1,188,170,35,35,1,1,10
16,78012,77965,-1,246,170,35,35,1,1,11
16,78013,77965,-1,304,170,35,35,1,1,12
16,78014,77965,-1,362,170,35,35,1,1,13
16,78015,77965,-1,420,170,35,35,1,1,14

16,78016,77965,-1,188,228,35,35,1,1,15
16,78017,77965,-1,246,228,35,35,1,1,16
16,78018,77965,-1,304,228,35,35,1,1,17
16,78019,77965,-1,362,228,35,35,1,1,18
16,78020,77965,-1,420,228,35,35,1,1,19

12,78051,77965,-1,415,324,0,0,-3760395,0,-5601144,0,1,292

12,0,77965,-1,258,325,0,0,-5331300,0,-5601144,0,1,456
2,78187,77965,584,185,314,146,22,-1,1,-1

12,78188,77965,-1,322,296,0,0,-6448741,0,-5601144,0,1,291
2,78052,77965,-605,238,287,17,23,-1,1,89
2,78053,77965,-606,387,287,17,23,-1,1,90

1,78041,77965,628,0,0,472,348,0,4,0


1,6432,0,-1,280,0,227,283,0,4,0
12,6433,6432,-1,114,15,0,0,-4607061,0,-5601144,0,1,197
12,6452,6432,-1,75,155,49,13,-6778493,0,-5601144,0,0,199
12,6435,6432,-1,115,262,0,0,-5331300,0,-5601144,0,1,198
2,6434,6432,584,76,252,78,23,-1,1,0
16,6436,6432,-1,67,42,35,35,4,2,0
16,6437,6432,-1,126,42,35,35,2,2,0
16,6438,6432,-1,85,71,35,35,4,2,0
6,6439,6432,-1,5,6,5,181,202,87,0,4,0,0
1,6440,6432,-363,0,0,227,283,-1,4,0


1,81921,0,-1,0,0,440,450,0,4,0
12,81922,81921,-1,220,16,0,0,-4607061,0,-5601144,0,1,200
12,0,81921,-1,220,425,0,0,-5331300,0,-5601144,0,1,201
2,81923,81921,584,142,410,156,30,-1,1,0
16,81924,81921,-1,23,54,35,35,1,1,0
16,81925,81921,-1,74,54,35,35,1,1,0
16,81926,81921,-1,125,54,35,35,1,1,0
16,81927,81921,-1,176,54,35,35,1,1,0
16,81928,81921,-1,227,54,35,35,1,1,0
16,81929,81921,-1,278,54,35,35,1,1,0
16,81930,81921,-1,329,54,35,35,1,1,0
16,81931,81921,-1,380,54,35,35,1,1,0
16,81932,81921,-1,23,99,35,35,1,1,0
16,81933,81921,-1,74,99,35,35,1,1,0
16,81934,81921,-1,125,99,35,35,1,1,0
16,81935,81921,-1,176,99,35,35,1,1,0
16,81936,81921,-1,227,99,35,35,1,1,0
16,81937,81921,-1,278,99,35,35,1,1,0
16,81938,81921,-1,329,99,35,35,1,1,0
16,81939,81921,-1,380,99,35,35,1,1,0
16,81940,81921,-1,23,143,35,35,1,1,0
16,81941,81921,-1,74,143,35,35,1,1,0
16,81942,81921,-1,125,143,35,35,1,1,0
16,81943,81921,-1,176,143,35,35,1,1,0
16,81944,81921,-1,227,143,35,35,1,1,0
16,81945,81921,-1,278,143,35,35,1,1,0
16,81946,81921,-1,329,143,35,35,1,1,0
16,81947,81921,-1,380,143,35,35,1,1,0
12,0,81921,-1,280,205,0,0,-6778493,0,-5601144,0,0,243
12,81948,81921,-1,1160,180,50,20,-6778493,0,-5601144,0,0,243
12,81949,81921,-1,340,205,0,0,-997025,0,-1,0,0,0

16,81981,81921,-1,23,225,35,35,1,1,0
12,81959,81921,-1,64,235,0,0,-6778493,0,-5601144,0,0,0
12,81951,81921,-1,64,254,0,0,-6778493,0,-5601144,0,0,0

16,81982,81921,-1,224,225,35,35,1,1,0
12,81960,81921,-1,265,235,0,0,-6778493,0,-5601144,0,0,0
12,81952,81921,-1,265,254,0,0,-6778493,0,-5601144,0,0,0

16,81983,81921,-1,23,270,35,35,1,1,0
12,81961,81921,-1,64,280,0,0,-6778493,0,-5601144,0,0,0
12,81953,81921,-1,64,299,0,0,-6778493,0,-5601144,0,0,0

16,81984,81921,-1,224,270,35,35,1,1,0
12,81962,81921,-1,265,280,0,0,-6778493,0,-5601144,0,0,0
12,81954,81921,-1,265,299,0,0,-6778493,0,-5601144,0,0,0

16,81985,81921,-1,23,315,35,35,1,1,0
12,81963,81921,-1,64,325,0,0,-6778493,0,-5601144,0,0,0
12,81955,81921,-1,64,344,0,0,-6778493,0,-5601144,0,0,0

16,81986,81921,-1,224,315,35,35,1,1,0
12,81964,81921,-1,265,325,0,0,-6778493,0,-5601144,0,0,0
12,81956,81921,-1,265,344,0,0,-6778493,0,-5601144,0,0,0

16,81987,81921,-1,23,360,35,35,1,1,0
12,81965,81921,-1,64,370,0,0,-6778493,0,-5601144,0,0,0
12,81957,81921,-1,64,389,0,0,-6778493,0,-5601144,0,0,0

16,81988,81921,-1,224,360,35,35,1,1,0
12,81966,81921,-1,265,370,0,0,-6778493,0,-5601144,0,0,0
12,81958,81921,-1,265,389,0,0,-6778493,0,-5601144,0,0,0

1,81989,81921,-550,0,0,440,450,-1,2,0



1,65771,65768,-2,-120,-60,140,80,1996488704,4,0
12,65772,65771,-1,10,10,120,20,-86,0,-5601144,0,1,0
12,65773,65771,-1,10,30,120,16,-1,0,-5601144,0,1,0
12,65774,65771,-1,10,48,120,16,-1,0,-5601144,0,1,0
1,80144,80111,616,0,0,437,479,-1,4,0
1,65770,65696,582,0,0,437,479,-1,4,0

1,80105,0,-2,-490,-435,0,0,-1,4,0
6,65944,80105,-2,100,5,7,348,338,70,0,2,0,1
1,65947,0,-2,0,59,10,24,0,4,0

1,90113,0,544,25,470,60,18,0,4,0
2,90114,90113,-2,10,2,44,13,-1,1,0

1,90128,0,544,25,353,58,110,0,4,0
2,90129,90128,-2,16,0,40,12,-1,1,245
2,90130,90128,-2,16,14,40,12,-1,1,246
2,90131,90128,-2,16,28,40,12,-1,1,247
2,90132,90128,-2,16,42,40,12,-1,1,248
2,90133,90128,-2,16,56,40,12,-1,1,249
2,90134,90128,-2,16,70,40,12,-1,1,250
2,90135,90128,-2,15,84,40,12,-1,1,251
2,90136,90128,-2,14,96,40,12,-1,1,252

1,65000,0,-1,0,0,0,0,0,4,0
6,65667,65000,-1,1000,5,7,348,338,60,0,2,0,1
1,65943,65000,-2,0,59,10,24,1426063360,4,0

2,86086,65000,238,3,470,13,13,-1,1,253
2,86087,65000,238,3,484,13,13,-1,1,254

1,65668,0,291,0,59,10,24,-1,4,0
12,65669,0,-1,5,63,300,16,-2394,0,-5601144,1,0,0
1,65670,0,-1,20,562,211,38,0,4,0
13,65671,65670,-2,0,-2,290,18,-1,1,0,0,0,46,0,1971510784,1640,0,0,0,2810992,147036928,4096,0,1971511015,179191514,2811224,1640,0,147036890,147036888,0,4096,2810968,0,2811080,1971679856,2130792658,-2,1971511015,1967472359,1640,147036928,4096,2811224,1967472364,179191450
1,73729,65670,-544,0,0,290,18,-1,4,0

1,65672,0,-1,40,472,110,58,0,4,0
12,131072,65672,-1,0,0,50,15,-1,0,16843009,0,1,240
12,65682,65672,-1,58,0,50,15,-1,0,16843009,0,1,124
12,65683,65672,-1,116,0,50,15,-1,0,16843009,0,1,125
12,65684,65672,-1,174,0,50,15,-1,0,16843009,0,1,126
12,65685,65672,-1,232,0,50,15,-1,0,16843009,0,1,127
2,131073,65672,543,0,0,58,18,-1,1,0
2,65673,65672,543,58,0,58,18,-1,1,0
2,65674,65672,543,116,0,58,18,-1,1,0
2,65675,65672,543,174,0,58,18,-1,1,0
2,65676,65672,543,232,0,58,18,-1,1,0
2,131074,65672,543,0,0,58,18,0,1,0
2,65677,65672,-543,58,0,58,18,0,1,0
2,65678,65672,-543,116,0,58,18,0,1,0
2,65679,65672,-543,174,0,58,18,0,1,0
2,65680,65672,-543,232,0,58,18,0,1,0
1,65681,65672,542,0,0,290,18,0,4,0
1,65610,0,-2,0,0,206,132,0,4,0
12,65611,65610,-1,27,13,80,16,-1,0,-5601144,0,0,114
12,65618,65610,-1,136,70,20,16,-1,0,-5601144,0,1,0
12,65619,65610,-1,168,70,20,16,-1,0,-5601144,0,1,0

1,65628,0,-2,0,400,800,74,0,4,0
2,66565,65628,-2,205,61,13,13,-1,1,0
2,66566,65628,-2,236,61,13,13,-1,1,0
2,66567,65628,-2,267,61,13,13,-1,1,0
2,66568,65628,-2,298,61,13,13,-1,1,0
2,66569,65628,-2,329,61,13,13,-1,1,0
1,65636,65628,364,368,45,35,25,-1426063361,4,0
1,65642,0,-2,612,518,264,38,0,4,0
2,65785,65628,-481,3000,43,50,17,0,1,0
12,65665,65628,-1,143,38,33,16,-1,0,-5601144,0,0,0
12,65666,65628,-1,172,38,33,16,-1,0,-5601144,0,0,0
1,65641,65628,-2,0,0,0,0,-1,4,0

1,65885,0,-1,0,0,257,136,0,4,1
12,0,65885,-1,70,112,0,0,-5331300,0,-1,0,1,50
12,0,65885,-1,185,112,0,0,-5331300,0,-1,0,1,51
2,65886,65885,584,21,102,100,21,-1,1,0
2,65887,65885,584,135,102,100,21,-1,1,0
12,65888,65885,-1,128,35,0,0,-6778493,0,-1,0,1,77
13,65889,65885,-2,56,57,102,16,-1,1,0,0,0,10,0,1971510784,1640,0,0,0,2810992,147036928,4096,0,1971511015,179191514,2811224,1640,0,147036890,147036888,0,4096,2810968,0,2811080,1971679856,2130792658,-2,1971511015,1967472359,1640,147036928,4096,2811224,1967472364,179191450

1,65891,65885,-1,0,0,0,0,0,4,0
2,65892,65891,658,43,78,16,16,0,4,0
2,65893,65891,658,103,78,16,16,0,4,0
2,65894,65891,658,163,78,16,16,0,4,0
12,0,65891,-1,57,86,0,0,-5331300,0,-1,0,0,595
12,0,65891,-1,117,86,0,0,-5331300,0,-1,0,0,596
12,0,65891,-1,177,86,0,0,-5331300,0,-1,0,0,594

1,65890,65885,-506,0,0,257,136,-1,4,0

// Guarda Carga

1,65686,0,-1,280,0,227,421,0,4,0
12,65687,65686,-1,68,6,90,16,-4607061,0,-5601144,0,1,165

12,67359,65686,-1,51,46,0,0,-9409942,0,-5601144,0,1,587
12,67360,65686,-1,135,46,0,0,-3120,0,-5601144,0,1,588

2,67357,65686,-2,11,34,80,25,-1,1,0
2,67358,65686,-2,95,34,80,25,-1,1,0

1,83200,65686,-1,0,0,227,421,0,4,0

2,65688,83200,241,5,397,18,18,-1,1,613
12,65689,83200,-1,30,394,74,18,-6134214,0,-1,0,2,0

12,67339,83200,-1,143,380,90,16,-256,0,-5601144,0,1,0
12,67340,83200,-1,163,380,90,16,-256,0,-5601144,0,1,0

16,67326,83200,-1,12,62,212,330,8,5,0
16,67327,83200,-1,12,62,212,330,8,5,0
16,67328,83200,-1,12,62,212,330,8,5,0
16,67329,83200,-1,12,62,212,330,8,5,0
16,67330,83200,-1,12,62,212,330,8,5,0

12,67350,83200,-1,79,394,90,16,-56,0,-5601144,0,1,347
12,67351,83200,-1,100,394,90,16,-4607061,0,-5601144,0,1,348
12,67352,83200,-1,121,394,90,16,-4607061,0,-5601144,0,1,349
12,67353,83200,-1,142,394,90,16,-4607061,0,-5601144,0,1,350
12,67354,83200,-1,163,394,90,16,-4607061,0,-5601144,0,1,351
2,67332,83200,711,115,394,18,17,-1,1,-1
2,67333,83200,710,136,394,18,17,-1,1,-1
2,67334,83200,710,157,394,18,17,-1,1,-1
2,67335,83200,712,178,394,18,17,-1,1,-1
2,67336,83200,712,199,394,18,17,-1,1,-1
1,65691,83200,245,0,0,227,421,-1,4,0

1,83201,65686,-1,0,0,227,421,0,4,0

1,83202,83201,-1,7,60,0,0,0,4,0
16,83203,83202,-1,26,8,35,35,1,1,0
12,83211,83202,-1,60,8,90,16,-4607061,0,-5601144,0,0,612
12,83215,83202,-1,60,25,90,16,-4607061,0,-5601144,0,0,589
2,83207,83202,599,17,0,178,52,-1,1,0

16,83204,83202,-1,26,68,35,35,1,1,0
12,83212,83202,-1,60,68,90,16,-4607061,0,-5601144,0,0,612
12,83216,83202,-1,60,85,90,16,-4607061,0,-5601144,0,0,589
2,83208,83202,599,17,60,178,52,-1,1,0

16,83205,83202,-1,26,128,35,35,1,1,0
12,83213,83202,-1,60,128,90,16,-4607061,0,-5601144,0,0,612
12,83217,83202,-1,60,145,90,16,-4607061,0,-5601144,0,0,589
2,83209,83202,599,17,120,178,52,-1,1,0

16,83206,83202,-1,26,188,35,35,1,1,0
12,83214,83202,-1,60,188,90,16,-4607061,0,-5601144,0,0,612
12,83218,83202,-1,60,205,90,16,-4607061,0,-5601144,0,0,589
2,83210,83202,599,17,180,178,52,-1,1,0

1,83219,83202,-1,0,0,0,0,0,4,0

16,83220,83219,-1,40,240,35,35,1,1,0

12,83221,83219,-1,72,243,90,16,-4607061,0,-5601144,0,0,293
12,83222,83219,-1,72,257,90,16,-4607061,0,-5601144,0,0,589

12,83223,83219,-1,56,282,0,16,-4607061,0,-5601144,0,1,591
12,83224,83219,-1,158,282,0,16,-4607061,0,-5601144,0,1,592

16,83225,83219,-1,48,297,35,35,1,1,0
16,83226,83219,-1,146,297,35,35,1,1,0

12,83227,83219,-1,56,330,0,0,-4607061,0,-5601144,0,1,304
12,83228,83219,-1,158,330,0,0,-4607061,0,-5601144,0,1,590
2,83229,83219,584,21,320,70,20,-1,1,0
2,83230,83219,584,123,320,70,20,-1,1,0

1,0,83201,743,0,0,227,421,0,4,0



1,65692,0,-1,280,0,227,421,0,4,0
12,65693,65692,-1,68,8,90,16,-1,0,-5601144,0,1,164
16,65694,65692,-1,12,62,211,329,8,5,0
1,65695,65692,-261,0,0,227,421,-1,2,0
1,65857,0,-1,280,0,227,282,0,4,0
12,65858,65857,-1,78,4,90,16,-1,0,-5601144,0,0,166
2,65859,65857,-2,78,245,70,21,-1,1,167
1,65860,65857,-269,74,245,78,23,-1,4,0
16,65861,65857,-1,98,43,35,35,1,1,0
16,65862,65857,-1,98,117,35,35,1,1,0
16,65863,65857,-1,16,192,35,35,1,1,0
16,65864,65857,-1,69,192,35,35,1,1,0
16,65865,65857,-1,125,192,35,35,1,1,0
16,65866,65857,-1,180,192,35,35,1,1,0
1,65869,65857,-268,0,0,227,282,-1,4,0


1,105437,0,-1,40,-70,0,0,0,4,0
2,1054273,105437,365,650,524,37,38,-1,1,86

2,878,0,278,772,458,32,32,-1,1,96



1,86017,0,-1,0,0,355,415,0,4,0
12,86018,86017,-1,170,3,90,16,-1,0,-5601144,0,3,244
2,86019,86017,-2,141,383,75,25,-1,1,257
16,86020,86017,-1,20,50,35,35,1,1,0
16,86021,86017,-1,60,50,35,35,1,1,0
16,86022,86017,-1,100,50,35,35,1,1,0
16,86023,86017,-1,140,50,35,35,1,1,0
16,86024,86017,-1,180,50,35,35,1,1,0
16,86025,86017,-1,221,50,35,35,1,1,0
16,86026,86017,-1,260,50,35,35,1,1,0
16,86027,86017,-1,301,50,35,35,1,1,0
16,86028,86017,-1,20,90,35,35,1,1,0
16,86029,86017,-1,60,90,35,35,1,1,0
16,86030,86017,-1,101,90,35,35,1,1,0
16,86031,86017,-1,140,90,35,35,1,1,0
16,86032,86017,-1,181,90,35,35,1,1,0
16,86033,86017,-1,221,90,35,35,1,1,0
16,86034,86017,-1,261,90,35,35,1,1,0
16,86035,86017,-1,300,90,35,35,1,1,0
16,86036,86017,-1,20,130,35,35,1,1,0
16,86037,86017,-1,60,130,35,35,1,1,0
16,86038,86017,-1,100,130,35,35,1,1,0
16,86039,86017,-1,140,130,35,35,1,1,0
16,86040,86017,-1,180,130,35,35,1,1,0
16,86041,86017,-1,220,130,35,35,1,1,0
16,86042,86017,-1,260,130,35,35,1,1,0
16,86043,86017,-1,300,130,35,35,1,1,0
16,86077,86017,-1,20,210,35,35,1,1,0
12,86055,86017,-1,60,218,115,15,-1,0,-5601144,0,0,0
12,86047,86017,-1,60,235,115,15,-1,0,-5601144,0,0,0
16,86078,86017,-1,180,210,35,35,1,1,0
12,86056,86017,-1,220,218,115,15,-1,0,-5601144,0,0,0
12,86048,86017,-1,220,235,115,15,-1,0,-5601144,0,0,0
16,86079,86017,-1,20,255,35,35,1,1,0
12,86057,86017,-1,60,258,115,15,-1,0,-5601144,0,0,0
12,86049,86017,-1,60,273,115,15,-1,0,-5601144,0,0,0
16,86080,86017,-1,180,255,35,35,1,1,0
12,86058,86017,-1,220,258,115,15,-1,0,-5601144,0,0,0
12,86050,86017,-1,220,273,115,15,-1,0,-5601144,0,0,0
16,86081,86017,-1,20,295,35,35,1,1,0
12,86059,86017,-1,60,298,49,13,-1,0,-5601144,0,0,0
12,86051,86017,-1,60,316,49,13,-1,0,-5601144,0,0,0
16,86082,86017,-1,180,295,35,35,1,1,0
12,86060,86017,-1,220,298,49,13,-1,0,-5601144,0,0,0
12,86052,86017,-1,220,316,49,13,-1,0,-5601144,0,0,0
16,86083,86017,-1,20,335,35,35,1,1,0
12,86061,86017,-1,60,338,49,13,-1,0,-5601144,0,0,0
12,86053,86017,-1,60,356,49,13,-1,0,-5601144,0,0,0
16,86084,86017,-1,180,335,35,35,1,1,0
12,86062,86017,-1,220,338,49,13,-1,0,-5601144,0,0,0
12,86054,86017,-1,220,356,49,13,-1,0,-5601144,0,0,0
1,86085,86017,-551,0,0,355,415,-1,2,0


// Painel AutoLoja


1,646,0,-1,0,0,220,178,0,4,0
12,64665,646,-1,130,164,0,0,-4607061,0,-5601144,0,0,0
1,64666,646,663,116,153,67,18,0,4,0

12,6054,646,-1,110,17,0,0,-4607061,0,-5601144,0,1,170
2,667,646,657,192,153,18,18,-1,1,171
2,668,646,612,192,153,18,18,-1,1,172

12,665,646,-2,76,43,0,0,-6778493,0,-5601144,0,0,173
12,6079,646,-2,9,43,0,0,-6778493,0,-5601144,0,0,174

12,666,646,-2,76,58,0,0,-6778493,0,-5601144,0,0,175
12,6080,646,-2,9,58,0,0,-6778493,0,5601144,0,0,176


12,812,646,-1,100,164,0,0,-997025,0,-1,0,2,0
1,64667,646,667,9,153,100,18,0,4,0

16,653,646,-1,10,70,35,35,1,1,0
16,654,646,-1,51,70,35,35,1,1,0
16,655,646,-1,93,70,35,35,1,1,0
16,656,646,-1,134,70,35,35,1,1,0
16,657,646,-1,175,70,35,35,1,1,0
16,658,646,-1,10,110,35,35,1,1,0
16,659,646,-1,51,110,35,35,1,1,0
16,660,646,-1,93,110,35,35,1,1,0
16,661,646,-1,134,110,35,35,1,1,0
16,662,646,-1,175,110,35,35,1,1,0
1,647,646,-529,0,0,220,178,-1,4,0

1,640,0,-505,0,0,157,100,-1,4,0
2,641,640,-2,16,39,70,21,0,1,59
2,642,640,-2,16,65,70,21,0,1,60
2,643,640,-2,76,39,70,21,0,1,61
12,6077,640,-1,61,15,33,16,-1,0,-1,0,1,62
2,620,640,-2,96,127,70,21,0,1,63
2,639,640,-2,96,49,70,21,0,1,64
2,621,640,-2,96,75,70,21,0,1,65
2,622,640,-2,96,101,70,21,0,1,66
2,623,640,-2,96,127,70,21,0,1,67
2,816,640,-2,96,49,70,21,0,1,68
2,817,640,-2,96,75,70,21,0,1,69
2,862,640,-2,96,101,70,21,0,1,70
2,863,640,-2,96,127,70,21,0,1,71
12,645,640,-1,96,15,33,16,-1,0,-1,0,0,72
2,912,640,-2,96,49,70,21,0,1,73
2,913,640,-2,96,75,70,21,0,1,74
2,914,640,-2,96,101,70,21,0,1,75
2,915,640,-2,96,127,70,21,0,1,76

1,12288,0,-2,216,223,368,154,0,4,1
6,12289,12288,-2,10,10,117,45,132,180,0,4,1,0
12,12290,12288,-1,184,25,0,0,-5926270,0,-5601144,0,1,494
2,12291,12288,642,112,113,144,41,0,1,0
1,65910,12288,-661,0,0,368,154,-1,4,1

// Mestre Grifo

1,12544,0,-1,250,190,317,233,0,4,1

12,12546,12544,-1,0,6,317,14,-1,0,-5601144,0,1,205
12,12547,12544,-1,24,33,60,14,-1,0,-5601144,0,1,206
12,12548,12544,-1,147,33,60,14,-1,0,-5601144,0,1,207
12,12549,12544,-1,258,33,60,14,-1,0,-5601144,0,1,208

12,0,12544,-1,94,202,60,21,-1,0,-5601144,0,1,209
12,0,12544,-1,172,202,60,21,-1,0,-5601144,0,1,210
2,12550,12544,631,94,202,60,21,-1,1,-1
2,12551,12544,631,172,202,60,21,-1,1,-1

1,12552,12544,-1,5,50,320,14,0,4,0
12,12553,12552,-1,49,6,0,0,-1,0,-5601144,0,1,-1
12,12554,12552,-1,98,6,0,0,-1,0,-5601144,0,0,-1
12,12555,12552,-1,285,6,0,0,-1,0,-5601144,0,1,-1
2,12556,12552,631,0,0,320,14,-1,1,-1

1,12557,12544,-1,5,65,320,14,0,4,0
12,12558,12557,-1,49,6,0,0,-1,0,-5601144,0,1,-1
12,12559,12557,-1,98,6,0,0,-1,0,-5601144,0,0,-1
12,12560,12557,-1,285,6,0,0,-1,0,-5601144,0,1,-1
2,12561,12557,631,0,0,320,14,-1,1,-1

1,12562,12544,-1,5,80,320,14,0,4,0
12,12563,12562,-1,49,6,0,0,-1,0,-5601144,0,1,-1
12,12564,12562,-1,98,6,0,0,-1,0,-5601144,0,0,-1
12,12565,12562,-1,285,6,0,0,-1,0,-5601144,0,1,-1
2,12566,12562,631,0,0,320,14,-1,1,-1

1,12567,12544,-1,5,95,320,14,0,4,0
12,12568,12567,-1,49,6,0,0,-1,0,-5601144,0,1,-1
12,12569,12567,-1,98,6,0,0,-1,0,-5601144,0,0,-1
12,12570,12567,-1,285,6,0,0,-1,0,-5601144,0,1,-1
2,12571,12567,631,0,0,320,14,-1,1,-1

1,12572,12544,-1,5,110,320,14,0,4,0
12,12573,12572,-1,49,6,0,0,-1,0,-5601144,0,1,-1
12,12574,12572,-1,98,6,0,0,-1,0,-5601144,0,0,-1
12,12575,12572,-1,285,6,0,0,-1,0,-5601144,0,1,-1
2,12576,12572,631,0,0,320,14,-1,1,-1

1,12577,12544,-1,5,125,320,14,0,4,0
12,12578,12577,-1,49,6,0,0,-1,0,-5601144,0,1,-1
12,12579,12577,-1,98,6,0,0,-1,0,-5601144,0,0,-1
12,12580,12577,-1,285,6,0,0,-1,0,-5601144,0,1,-1
2,12581,12577,631,0,0,320,14,-1,1,-1

1,12582,12544,-1,5,140,320,14,0,4,0
12,12583,12582,-1,49,6,0,0,-1,0,-5601144,0,1,-1
12,12584,12582,-1,98,6,0,0,-1,0,-5601144,0,0,-1
12,12585,12582,-1,285,6,0,0,-1,0,-5601144,0,1,-1
2,12586,12582,631,0,0,320,14,-1,1,-1

1,12587,12544,-1,5,155,320,14,0,4,0
12,12588,12587,-1,49,6,0,0,-1,0,-5601144,0,1,-1
12,12589,12587,-1,98,6,0,0,-1,0,-5601144,0,0,-1
12,12590,12587,-1,285,6,0,0,-1,0,-5601144,0,1,-1
2,12591,12587,631,0,0,320,14,-1,1,-1

1,12592,12544,-1,5,170,320,14,0,4,0
12,12593,12592,-1,49,6,0,0,-1,0,-5601144,0,1,-1
12,12594,12592,-1,98,6,0,0,-1,0,-5601144,0,0,-1
12,12595,12592,-1,285,6,0,0,-1,0,-5601144,0,1,-1
2,12596,12592,631,0,0,320,14,-1,1,-1

1,12597,12544,-1,5,185,320,14,0,4,0
12,12598,12597,-1,49,6,0,0,-1,0,-5601144,0,1,-1
12,12599,12597,-1,98,6,0,0,-1,0,-5601144,0,0,-1
12,12600,12597,-1,285,6,0,0,-1,0,-5601144,0,1,-1
2,12601,12597,631,0,0,320,14,-1,1,-1



1,12545,12544,-366,0,0,329,233,-1,4,0


// Painel Trade

1,576,0,-1,280,0,226,349,0,4,0
12,6109,576,-1,89,6,90,16,-4607061,0,-5601144,0,0,177

12,602,576,-1,10,31,82,16,-4607061,0,-5601144,0,0,178
12,603,576,-1,110,31,80,16,-4154276,0,-5601144,0,0,0


2,601,576,657,197,31,16,17,-1,1,0
1,0,576,658,198,30,16,17,0,4,0

16,8192,576,-1,14,52,35,35,1,1,0
16,8193,576,-1,56,52,35,35,1,1,0
16,8194,576,-1,97,52,35,35,1,1,0
16,8195,576,-1,138,52,35,35,1,1,0
16,8196,576,-1,180,52,35,35,1,1,0
16,8197,576,-1,14,93,35,35,1,1,0
16,8198,576,-1,56,93,35,35,1,1,0
16,8199,576,-1,97,93,35,35,1,1,0
16,8200,576,-1,138,93,35,35,1,1,0
16,8201,576,-1,180,93,35,35,1,1,0
16,8202,576,-1,14,134,35,35,1,1,0
16,8203,576,-1,56,134,35,35,1,1,0
16,8204,576,-1,97,134,35,35,1,1,0
16,8205,576,-1,138,134,35,35,1,1,0
16,8206,576,-1,180,134,35,35,1,1,0

12,618,576,-1,10,178,79,16,-4607061,0,-5601144,0,0,179
12,619,576,-1,110,178,80,16,-4154276,0,-5601144,0,0,0

2,617,576,657,197,177,16,17,-1,1,0
1,0,576,658,198,176,16,17,0,4,0

16,8448,576,-1,14,201,35,35,1,1,0
16,8449,576,-1,56,201,35,35,1,1,0
16,8450,576,-1,97,201,35,35,1,1,0
16,8451,576,-1,138,201,35,35,1,1,0
16,8452,576,-1,180,201,35,35,1,1,0
16,8453,576,-1,14,242,35,35,1,1,0
16,8454,576,-1,56,242,35,35,1,1,0
16,8455,576,-1,97,242,35,35,1,1,0
16,8456,576,-1,138,242,35,35,1,1,0
16,8457,576,-1,180,242,35,35,1,1,0
16,8458,576,-1,14,284,35,35,1,1,0
16,8459,576,-1,56,284,35,35,1,1,0
16,8460,576,-1,97,284,35,35,1,1,0
16,8461,576,-1,138,284,35,35,1,1,0
16,8462,576,-1,180,284,35,35,1,1,0
1,577,576,-530,0,0,227,349,-1,4,0





1,65566,0,-2,0,0,800,520,0,4,0



1,490001,0,-2,0,-30,140,320,0,4,1
1,475136,490001,-2,0,0,140,320,0,4,1
12,475137,475136,-1,66,15,0,0,-463135,0,-5601144,0,1,123
2,475139,475136,-2,30,280,76,21,-1,1,159

12,490004,475136,-1,30,314,0,0,-463135,0,-5601144,0,1,427
12,490005,475136,-1,98,314,0,0,-463135,0,-5601144,0,1,418
2,490002,475136,-682,-15,299,85,19,-1,1,0
2,490003,475136,-682,55,299,85,19,-1,1,0

1,7601111,475136,-2,0,5,140,320,0,4,1
2,7602194,7601111,658,85,25,15,15,-1,1,0
12,7602195,7601111,-1,19,24,20,16,-1,0,-5601144,0,0,255
1,7602196,7601111,657,85,24,15,15,0,4,0

6,475138,475136,-1,12,12,7,30,108,250,0,2,1,0

1,490000,475136,-2,10,26,140,320,0,4,0
12,7602193,490000,-1,0,461,64,16,-5291829,0,-5601144,0,0,0
1,475152,490000,200,0,0,10,10,-1,4,0
1,475153,490000,200,0,0,10,10,2004318071,4,0
1,475154,490000,200,0,0,10,10,2004318071,4,0
1,475155,490000,200,0,0,10,10,2004318071,4,0
1,475156,490000,200,0,0,10,10,2004318071,4,0
1,475157,490000,200,0,0,10,10,2004318071,4,0
1,475158,490000,200,0,0,10,10,2004318071,4,0
1,475159,490000,200,0,0,10,10,2004318071,4,0
1,475160,490000,200,0,0,10,10,2004318071,4,0
1,475161,490000,200,0,0,10,10,2004318071,4,0
1,475162,490000,200,0,0,10,10,2004318071,4,0
1,475163,490000,200,0,0,10,10,2004318071,4,0
1,475164,490000,200,0,0,10,10,2004318071,4,0
1,475165,490000,200,0,0,10,10,2004318071,4,0
1,475166,490000,200,0,0,10,10,2004318071,4,0
1,475167,490000,200,0,0,10,10,2004318071,4,0
1,475168,490000,200,0,0,10,10,-1,4,0
1,475169,490000,200,0,0,10,10,2004318071,4,0
1,475170,490000,200,0,0,10,10,2004318071,4,0
1,475171,490000,200,0,0,10,10,2004318071,4,0
1,475172,490000,200,0,0,10,10,2004318071,4,0
1,475173,490000,200,0,0,10,10,2004318071,4,0
1,475174,490000,200,0,0,10,10,2004318071,4,0
1,475175,490000,200,0,0,10,10,2004318071,4,0
1,475176,490000,200,0,0,10,10,2004318071,4,0
1,475177,490000,200,0,0,10,10,2004318071,4,0
1,475178,490000,200,0,0,10,10,2004318071,4,0
1,475179,490000,200,0,0,10,10,2004318071,4,0
1,475180,490000,200,0,0,10,10,2004318071,4,0
1,475181,490000,200,0,0,10,10,2004318071,4,0
1,475182,490000,200,0,0,10,10,2004318071,4,0
1,475183,490000,200,0,0,10,10,2004318071,4,0
1,475184,490000,200,0,0,10,10,2004318071,4,0
1,475185,490000,200,0,0,10,10,2004318071,4,0
1,475186,490000,200,0,0,10,10,2004318071,4,0
1,475187,490000,200,0,0,10,10,2004318071,4,0
1,475188,490000,200,0,0,10,10,2004318071,4,0
1,475189,490000,200,0,0,10,10,2004318071,4,0
1,475190,490000,200,0,0,10,10,2004318071,4,0
1,475191,490000,200,0,0,10,10,2004318071,4,0
1,475192,490000,200,0,0,10,10,2004318071,4,0
1,475193,490000,200,0,0,10,10,2004318071,4,0
1,475194,490000,200,0,0,10,10,2004318071,4,0
1,475195,490000,200,0,0,10,10,2004318071,4,0
1,475196,490000,200,0,0,10,10,2004318071,4,0
1,475197,490000,200,0,0,10,10,2004318071,4,0
1,475198,490000,200,0,0,10,10,2004318071,4,0
1,475199,490000,200,0,0,10,10,2004318071,4,0
1,475200,490000,200,0,0,10,10,-1,4,0
1,475201,490000,200,0,0,10,10,2004318071,4,0
1,475202,490000,200,0,0,10,10,2004318071,4,0
1,475203,490000,200,0,0,10,10,2004318071,4,0
1,475204,490000,200,0,0,10,10,2004318071,4,0
1,475205,490000,200,0,0,10,10,2004318071,4,0
1,475206,490000,200,0,0,10,10,2004318071,4,0
1,475207,490000,200,0,0,10,10,2004318071,4,0
1,475208,490000,200,0,0,10,10,2004318071,4,0
1,475209,490000,200,0,0,10,10,2004318071,4,0
1,475210,490000,200,0,0,10,10,2004318071,4,0
1,475211,490000,200,0,0,10,10,2004318071,4,0
1,475212,490000,200,0,0,10,10,2004318071,4,0
1,475213,490000,200,0,0,10,10,2004318071,4,0
1,475214,490000,200,0,0,10,10,2004318071,4,0
1,475215,490000,200,0,0,10,10,2004318071,4,0
1,475216,490000,200,0,0,10,10,2004318071,4,0
1,475217,490000,200,0,0,10,10,2004318071,4,0
1,475218,490000,200,0,0,10,10,2004318071,4,0
1,475219,490000,200,0,0,10,10,2004318071,4,0
1,475220,490000,200,0,0,10,10,2004318071,4,0
1,475221,490000,200,0,0,10,10,2004318071,4,0
1,475222,490000,200,0,0,10,10,2004318071,4,0
1,475223,490000,200,0,0,10,10,2004318071,4,0
1,475224,490000,200,0,0,10,10,2004318071,4,0
1,475225,490000,200,0,0,10,10,2004318071,4,0
1,475226,490000,200,0,0,10,10,2004318071,4,0
1,475227,490000,200,0,0,10,10,2004318071,4,0
1,475228,490000,200,0,0,10,10,2004318071,4,0
1,475229,490000,200,0,0,10,10,2004318071,4,0
1,475230,490000,200,0,0,10,10,2004318071,4,0
1,475231,490000,200,0,0,10,10,2004318071,4,0
1,475232,490000,200,0,0,10,10,-1,4,0
1,475233,490000,200,0,0,10,10,2004318071,4,0
1,475234,490000,200,0,0,10,10,2004318071,4,0
1,475235,490000,200,0,0,10,10,2004318071,4,0
1,475236,490000,200,0,0,10,10,2004318071,4,0
1,475237,490000,200,0,0,10,10,2004318071,4,0
1,475238,490000,200,0,0,10,10,2004318071,4,0
1,475239,490000,200,0,0,10,10,2004318071,4,0
1,475240,490000,200,0,0,10,10,2004318071,4,0
1,475241,490000,200,0,0,10,10,2004318071,4,0
1,475242,490000,200,0,0,10,10,2004318071,4,0
1,475243,490000,200,0,0,10,10,2004318071,4,0
1,475244,490000,200,0,0,10,10,2004318071,4,0
1,475245,490000,200,0,0,10,10,2004318071,4,0
1,475246,490000,200,0,0,10,10,2004318071,4,0
1,475247,490000,200,0,0,10,10,2004318071,4,0
1,475248,490000,200,0,0,10,10,2004318071,4,0
1,475249,490000,200,0,0,10,10,2004318071,4,0
1,475250,490000,200,0,0,10,10,2004318071,4,0
1,475251,490000,200,0,0,10,10,2004318071,4,0
1,475252,490000,200,0,0,10,10,2004318071,4,0
1,475253,490000,200,0,0,10,10,2004318071,4,0
1,475254,490000,200,0,0,10,10,2004318071,4,0
1,475255,490000,200,0,0,10,10,2004318071,4,0
1,475256,490000,200,0,0,10,10,2004318071,4,0
1,475257,490000,200,0,0,10,10,2004318071,4,0
1,475258,490000,200,0,0,10,10,2004318071,4,0
1,475259,490000,200,0,0,10,10,2004318071,4,0
1,475260,490000,200,0,0,10,10,2004318071,4,0
1,475261,490000,200,0,0,10,10,2004318071,4,0
1,475262,490000,200,0,0,10,10,2004318071,4,0
1,475263,490000,200,0,0,10,10,2004318071,4,0
1,475264,490000,200,0,0,10,10,-1,4,0
1,475265,490000,200,0,0,10,10,2004318071,4,0
1,475266,490000,200,0,0,10,10,2004318071,4,0
1,475267,490000,200,0,0,10,10,2004318071,4,0
1,475268,490000,200,0,0,10,10,2004318071,4,0
1,475269,490000,200,0,0,10,10,2004318071,4,0
1,475270,490000,200,0,0,10,10,2004318071,4,0
1,475271,490000,200,0,0,10,10,2004318071,4,0
1,475272,490000,200,0,0,10,10,2004318071,4,0
1,475273,490000,200,0,0,10,10,2004318071,4,0
1,475274,490000,200,0,0,10,10,2004318071,4,0
1,475275,490000,200,0,0,10,10,2004318071,4,0
1,475276,490000,200,0,0,10,10,2004318071,4,0
1,475277,490000,200,0,0,10,10,2004318071,4,0
1,475278,490000,200,0,0,10,10,2004318071,4,0
1,475279,490000,200,0,0,10,10,2004318071,4,0
1,475280,490000,200,0,0,10,10,2004318071,4,0
1,475281,490000,200,0,0,10,10,2004318071,4,0
1,475282,490000,200,0,0,10,10,2004318071,4,0
1,475283,490000,200,0,0,10,10,2004318071,4,0
1,475284,490000,200,0,0,10,10,2004318071,4,0
1,475285,490000,200,0,0,10,10,2004318071,4,0
1,475286,490000,200,0,0,10,10,2004318071,4,0
1,475287,490000,200,0,0,10,10,2004318071,4,0
1,475288,490000,200,0,0,10,10,2004318071,4,0
1,475289,490000,200,0,0,10,10,2004318071,4,0
1,475290,490000,200,0,0,10,10,2004318071,4,0
1,475291,490000,200,0,0,10,10,2004318071,4,0
1,475292,490000,200,0,0,10,10,2004318071,4,0
1,475293,490000,200,0,0,10,10,2004318071,4,0
1,475294,490000,200,0,0,10,10,2004318071,4,0
1,475295,490000,200,0,0,10,10,2004318071,4,0
1,475296,490000,200,0,0,10,10,-1,4,0
1,475297,490000,200,0,0,10,10,2004318071,4,0
1,475298,490000,200,0,0,10,10,2004318071,4,0
1,475299,490000,200,0,0,10,10,2004318071,4,0
1,475300,490000,200,0,0,10,10,2004318071,4,0
1,475301,490000,200,0,0,10,10,2004318071,4,0
1,475302,490000,200,0,0,10,10,2004318071,4,0
1,475303,490000,200,0,0,10,10,2004318071,4,0
1,475304,490000,200,0,0,10,10,2004318071,4,0
1,475305,490000,200,0,0,10,10,2004318071,4,0
1,475306,490000,200,0,0,10,10,2004318071,4,0
1,475307,490000,200,0,0,10,10,2004318071,4,0
1,475308,490000,200,0,0,10,10,2004318071,4,0
1,475309,490000,200,0,0,10,10,2004318071,4,0
1,475310,490000,200,0,0,10,10,2004318071,4,0
1,475311,490000,200,0,0,10,10,2004318071,4,0
1,475312,490000,200,0,0,10,10,2004318071,4,0
1,475313,490000,200,0,0,10,10,2004318071,4,0
1,475314,490000,200,0,0,10,10,2004318071,4,0
1,475315,490000,200,0,0,10,10,2004318071,4,0
1,475316,490000,200,0,0,10,10,2004318071,4,0
1,475317,490000,200,0,0,10,10,2004318071,4,0
1,475318,490000,200,0,0,10,10,2004318071,4,0
1,475319,490000,200,0,0,10,10,2004318071,4,0
1,475320,490000,200,0,0,10,10,2004318071,4,0
1,475321,490000,200,0,0,10,10,2004318071,4,0
1,475322,490000,200,0,0,10,10,2004318071,4,0
1,475323,490000,200,0,0,10,10,2004318071,4,0
1,475324,490000,200,0,0,10,10,2004318071,4,0
1,475325,490000,200,0,0,10,10,2004318071,4,0
1,475326,490000,200,0,0,10,10,2004318071,4,0
1,475327,490000,200,0,0,10,10,2004318071,4,0
1,475328,490000,200,0,0,10,10,-1,4,0
1,475329,490000,200,0,0,10,10,2004318071,4,0
1,475330,490000,200,0,0,10,10,2004318071,4,0
1,475331,490000,200,0,0,10,10,2004318071,4,0
1,475332,490000,200,0,0,10,10,2004318071,4,0
1,475333,490000,200,0,0,10,10,2004318071,4,0
1,475334,490000,200,0,0,10,10,2004318071,4,0
1,475335,490000,200,0,0,10,10,2004318071,4,0
1,475336,490000,200,0,0,10,10,2004318071,4,0
1,475337,490000,200,0,0,10,10,2004318071,4,0
1,475338,490000,200,0,0,10,10,2004318071,4,0
1,475339,490000,200,0,0,10,10,2004318071,4,0
1,475340,490000,200,0,0,10,10,2004318071,4,0
1,475341,490000,200,0,0,10,10,2004318071,4,0
1,475342,490000,200,0,0,10,10,2004318071,4,0
1,475343,490000,200,0,0,10,10,2004318071,4,0
1,475344,490000,200,0,0,10,10,2004318071,4,0
1,475345,490000,200,0,0,10,10,2004318071,4,0
1,475346,490000,200,0,0,10,10,2004318071,4,0
1,475347,490000,200,0,0,10,10,2004318071,4,0
1,475348,490000,200,0,0,10,10,2004318071,4,0
1,475349,490000,200,0,0,10,10,2004318071,4,0
1,475350,490000,200,0,0,10,10,2004318071,4,0
1,475351,490000,200,0,0,10,10,2004318071,4,0
1,475352,490000,200,0,0,10,10,2004318071,4,0
1,475353,490000,200,0,0,10,10,2004318071,4,0
1,475354,490000,200,0,0,10,10,2004318071,4,0
1,475355,490000,200,0,0,10,10,2004318071,4,0
1,475356,490000,200,0,0,10,10,2004318071,4,0
1,475357,490000,200,0,0,10,10,2004318071,4,0
1,475358,490000,200,0,0,10,10,2004318071,4,0
1,475359,490000,200,0,0,10,10,2004318071,4,0
1,475360,490000,200,0,0,10,10,-1,4,0
1,475361,490000,200,0,0,10,10,2004318071,4,0
1,475362,490000,200,0,0,10,10,2004318071,4,0
1,475363,490000,200,0,0,10,10,2004318071,4,0
1,475364,490000,200,0,0,10,10,2004318071,4,0
1,475365,490000,200,0,0,10,10,2004318071,4,0
1,475366,490000,200,0,0,10,10,2004318071,4,0
1,475367,490000,200,0,0,10,10,2004318071,4,0
1,475368,490000,200,0,0,10,10,2004318071,4,0
1,475369,490000,200,0,0,10,10,2004318071,4,0
1,475370,490000,200,0,0,10,10,2004318071,4,0
1,475371,490000,200,0,0,10,10,2004318071,4,0
1,475372,490000,200,0,0,10,10,2004318071,4,0
1,475373,490000,200,0,0,10,10,2004318071,4,0
1,475374,490000,200,0,0,10,10,2004318071,4,0
1,475375,490000,200,0,0,10,10,2004318071,4,0
1,475376,490000,200,0,0,10,10,2004318071,4,0
1,475377,490000,200,0,0,10,10,2004318071,4,0
1,475378,490000,200,0,0,10,10,2004318071,4,0
1,475379,490000,200,0,0,10,10,2004318071,4,0
1,475380,490000,200,0,0,10,10,2004318071,4,0
1,475381,490000,200,0,0,10,10,2004318071,4,0
1,475382,490000,200,0,0,10,10,2004318071,4,0
1,475383,490000,200,0,0,10,10,2004318071,4,0
1,475384,490000,200,0,0,10,10,2004318071,4,0
1,475385,490000,200,0,0,10,10,2004318071,4,0
1,475386,490000,200,0,0,10,10,2004318071,4,0
1,475387,490000,200,0,0,10,10,2004318071,4,0
1,475388,490000,200,0,0,10,10,2004318071,4,0
1,475389,490000,200,0,0,10,10,2004318071,4,0
1,475390,490000,200,0,0,10,10,2004318071,4,0
1,475391,490000,200,0,0,10,10,2004318071,4,0
1,475392,490000,200,0,0,10,10,-1,4,0
1,475393,490000,200,0,0,10,10,2004318071,4,0
1,475394,490000,200,0,0,10,10,2004318071,4,0
1,475395,490000,200,0,0,10,10,2004318071,4,0
1,475396,490000,200,0,0,10,10,2004318071,4,0
1,475397,490000,200,0,0,10,10,2004318071,4,0
1,475398,490000,200,0,0,10,10,2004318071,4,0
1,475399,490000,200,0,0,10,10,2004318071,4,0
1,475400,490000,200,0,0,10,10,2004318071,4,0
1,475401,490000,200,0,0,10,10,2004318071,4,0
1,475402,490000,200,0,0,10,10,2004318071,4,0
1,475403,490000,200,0,0,10,10,2004318071,4,0
1,475404,490000,200,0,0,10,10,2004318071,4,0
1,475405,490000,200,0,0,10,10,2004318071,4,0
1,475406,490000,200,0,0,10,10,2004318071,4,0
1,475407,490000,200,0,0,10,10,2004318071,4,0
1,475408,490000,200,0,0,10,10,2004318071,4,0
1,475409,490000,200,0,0,10,10,2004318071,4,0
1,475410,490000,200,0,0,10,10,2004318071,4,0
1,475411,490000,200,0,0,10,10,2004318071,4,0
1,475412,490000,200,0,0,10,10,2004318071,4,0
1,475413,490000,200,0,0,10,10,2004318071,4,0
1,475414,490000,200,0,0,10,10,2004318071,4,0
1,475415,490000,200,0,0,10,10,2004318071,4,0
1,475416,490000,200,0,0,10,10,2004318071,4,0
1,475417,490000,200,0,0,10,10,2004318071,4,0
1,475418,490000,200,0,0,10,10,2004318071,4,0
1,475419,490000,200,0,0,10,10,2004318071,4,0
1,475420,490000,200,0,0,10,10,2004318071,4,0
1,475421,490000,200,0,0,10,10,2004318071,4,0
1,475422,490000,200,0,0,10,10,2004318071,4,0
1,475423,490000,200,0,0,10,10,2004318071,4,0
1,475424,490000,200,0,0,10,10,-1,4,0
1,475425,490000,200,0,0,10,10,2004318071,4,0
1,475426,490000,200,0,0,10,10,2004318071,4,0
1,475427,490000,200,0,0,10,10,2004318071,4,0
1,475428,490000,200,0,0,10,10,2004318071,4,0
1,475429,490000,200,0,0,10,10,2004318071,4,0
1,475430,490000,200,0,0,10,10,2004318071,4,0
1,475431,490000,200,0,0,10,10,2004318071,4,0
1,475432,490000,200,0,0,10,10,2004318071,4,0
1,475433,490000,200,0,0,10,10,2004318071,4,0
1,475434,490000,200,0,0,10,10,2004318071,4,0
1,475435,490000,200,0,0,10,10,2004318071,4,0
1,475436,490000,200,0,0,10,10,2004318071,4,0
1,475437,490000,200,0,0,10,10,2004318071,4,0
1,475438,490000,200,0,0,10,10,2004318071,4,0
1,475439,490000,200,0,0,10,10,2004318071,4,0
1,475440,490000,200,0,0,10,10,2004318071,4,0
1,475441,490000,200,0,0,10,10,2004318071,4,0
1,475442,490000,200,0,0,10,10,2004318071,4,0
1,475443,490000,200,0,0,10,10,2004318071,4,0
1,475444,490000,200,0,0,10,10,2004318071,4,0
1,475445,490000,200,0,0,10,10,2004318071,4,0
1,475446,490000,200,0,0,10,10,2004318071,4,0
1,475447,490000,200,0,0,10,10,2004318071,4,0
1,475448,490000,200,0,0,10,10,2004318071,4,0
1,475449,490000,200,0,0,10,10,2004318071,4,0
1,475450,490000,200,0,0,10,10,2004318071,4,0
1,475451,490000,200,0,0,10,10,2004318071,4,0
1,475452,490000,200,0,0,10,10,2004318071,4,0
1,475453,490000,200,0,0,10,10,2004318071,4,0
1,475454,490000,200,0,0,10,10,2004318071,4,0
1,475455,490000,200,0,0,10,10,2004318071,4,0
1,475456,490000,200,0,0,10,10,-1,4,0
1,475457,490000,200,0,0,10,10,2004318071,4,0
1,475458,490000,200,0,0,10,10,2004318071,4,0
1,475459,490000,200,0,0,10,10,2004318071,4,0
1,475460,490000,200,0,0,10,10,2004318071,4,0
1,475461,490000,200,0,0,10,10,2004318071,4,0
1,475462,490000,200,0,0,10,10,2004318071,4,0
1,475463,490000,200,0,0,10,10,2004318071,4,0
1,475464,490000,200,0,0,10,10,2004318071,4,0
1,475465,490000,200,0,0,10,10,2004318071,4,0
1,475466,490000,200,0,0,10,10,2004318071,4,0
1,475467,490000,200,0,0,10,10,2004318071,4,0
1,475468,490000,200,0,0,10,10,2004318071,4,0
1,475469,490000,200,0,0,10,10,2004318071,4,0
1,475470,490000,200,0,0,10,10,2004318071,4,0
1,475471,490000,200,0,0,10,10,2004318071,4,0
1,475472,490000,200,0,0,10,10,2004318071,4,0
1,475473,490000,200,0,0,10,10,2004318071,4,0
1,475474,490000,200,0,0,10,10,2004318071,4,0
1,475475,490000,200,0,0,10,10,2004318071,4,0
1,475476,490000,200,0,0,10,10,2004318071,4,0
1,475477,490000,200,0,0,10,10,2004318071,4,0
1,475478,490000,200,0,0,10,10,2004318071,4,0
1,475479,490000,200,0,0,10,10,2004318071,4,0
1,475480,490000,200,0,0,10,10,2004318071,4,0
1,475481,490000,200,0,0,10,10,2004318071,4,0
1,475482,490000,200,0,0,10,10,2004318071,4,0
1,475483,490000,200,0,0,10,10,2004318071,4,0
1,475484,490000,200,0,0,10,10,2004318071,4,0
1,475485,490000,200,0,0,10,10,2004318071,4,0
1,475486,490000,200,0,0,10,10,2004318071,4,0
1,475487,490000,200,0,0,10,10,2004318071,4,0
1,475488,490000,200,0,0,10,10,-1,4,0
1,475489,490000,200,0,0,10,10,2004318071,4,0
1,475490,490000,200,0,0,10,10,2004318071,4,0
1,475491,490000,200,0,0,10,10,2004318071,4,0
1,475492,490000,200,0,0,10,10,2004318071,4,0
1,475493,490000,200,0,0,10,10,2004318071,4,0
1,475494,490000,200,0,0,10,10,2004318071,4,0
1,475495,490000,200,0,0,10,10,2004318071,4,0
1,475496,490000,200,0,0,10,10,2004318071,4,0
1,475497,490000,200,0,0,10,10,2004318071,4,0
1,475498,490000,200,0,0,10,10,2004318071,4,0
1,475499,490000,200,0,0,10,10,2004318071,4,0
1,475500,490000,200,0,0,10,10,2004318071,4,0
1,475501,490000,200,0,0,10,10,2004318071,4,0
1,475502,490000,200,0,0,10,10,2004318071,4,0
1,475503,490000,200,0,0,10,10,2004318071,4,0
1,475504,490000,200,0,0,10,10,2004318071,4,0
1,475505,490000,200,0,0,10,10,2004318071,4,0
1,475506,490000,200,0,0,10,10,2004318071,4,0
1,475507,490000,200,0,0,10,10,2004318071,4,0
1,475508,490000,200,0,0,10,10,2004318071,4,0
1,475509,490000,200,0,0,10,10,2004318071,4,0
1,475510,490000,200,0,0,10,10,2004318071,4,0
1,475511,490000,200,0,0,10,10,2004318071,4,0
1,475512,490000,200,0,0,10,10,2004318071,4,0
1,475513,490000,200,0,0,10,10,2004318071,4,0
1,475514,490000,200,0,0,10,10,2004318071,4,0
1,475515,490000,200,0,0,10,10,2004318071,4,0
1,475516,490000,200,0,0,10,10,2004318071,4,0
1,475517,490000,200,0,0,10,10,2004318071,4,0
1,475518,490000,200,0,0,10,10,2004318071,4,0
1,475519,490000,200,0,0,10,10,2004318071,4,0
1,475520,490000,200,0,0,10,10,-1,4,0
1,475521,490000,200,0,0,10,10,2004318071,4,0
1,475522,490000,200,0,0,10,10,2004318071,4,0
1,475523,490000,200,0,0,10,10,2004318071,4,0
1,475524,490000,200,0,0,10,10,2004318071,4,0
1,475525,490000,200,0,0,10,10,2004318071,4,0
1,475526,490000,200,0,0,10,10,2004318071,4,0
1,475527,490000,200,0,0,10,10,2004318071,4,0
1,475528,490000,200,0,0,10,10,2004318071,4,0
1,475529,490000,200,0,0,10,10,2004318071,4,0
1,475530,490000,200,0,0,10,10,2004318071,4,0
1,475531,490000,200,0,0,10,10,2004318071,4,0
1,475532,490000,200,0,0,10,10,2004318071,4,0
1,475533,490000,200,0,0,10,10,2004318071,4,0
1,475534,490000,200,0,0,10,10,2004318071,4,0
1,475535,490000,200,0,0,10,10,2004318071,4,0
1,475536,490000,200,0,0,10,10,2004318071,4,0
1,475537,490000,200,0,0,10,10,2004318071,4,0
1,475538,490000,200,0,0,10,10,2004318071,4,0
1,475539,490000,200,0,0,10,10,2004318071,4,0
1,475540,490000,200,0,0,10,10,2004318071,4,0
1,475541,490000,200,0,0,10,10,2004318071,4,0
1,475542,490000,200,0,0,10,10,2004318071,4,0
1,475543,490000,200,0,0,10,10,2004318071,4,0
1,475544,490000,200,0,0,10,10,2004318071,4,0
1,475545,490000,200,0,0,10,10,2004318071,4,0
1,475546,490000,200,0,0,10,10,2004318071,4,0
1,475547,490000,200,0,0,10,10,2004318071,4,0
1,475548,490000,200,0,0,10,10,2004318071,4,0
1,475549,490000,200,0,0,10,10,2004318071,4,0
1,475550,490000,200,0,0,10,10,2004318071,4,0
1,475551,490000,200,0,0,10,10,2004318071,4,0
1,475552,490000,200,0,0,10,10,-1,4,0
1,475553,490000,200,0,0,10,10,2004318071,4,0
1,475554,490000,200,0,0,10,10,2004318071,4,0
1,475555,490000,200,0,0,10,10,2004318071,4,0
1,475556,490000,200,0,0,10,10,2004318071,4,0
1,475557,490000,200,0,0,10,10,2004318071,4,0
1,475558,490000,200,0,0,10,10,2004318071,4,0
1,475559,490000,200,0,0,10,10,2004318071,4,0
1,475560,490000,200,0,0,10,10,2004318071,4,0
1,475561,490000,200,0,0,10,10,2004318071,4,0
1,475562,490000,200,0,0,10,10,2004318071,4,0
1,475563,490000,200,0,0,10,10,2004318071,4,0
1,475564,490000,200,0,0,10,10,2004318071,4,0
1,475565,490000,200,0,0,10,10,2004318071,4,0
1,475566,490000,200,0,0,10,10,2004318071,4,0
1,475567,490000,200,0,0,10,10,2004318071,4,0

1,0,475136,-656,0,0,130,320,-1,4,0


1,289,0,-11,636,0,137,170,2013265919,4,0
1,6136,289,-292,0,-23,136,23,-1,4,0
12,6137,6136,-1,32,3,80,16,-86,0,-1,0,0,78
1,12841,289,-2,0,-22,137,39,0,4,0
12,771,289,-1,24,140,80,16,-86,0,-1,0,0,0
2,5714,289,-2,118,4,13,13,0,1,0
2,5715,289,-2,0,0,41,38,0,1,0
1,291,289,660,196,184,16,16,-1,4,0

1,69633,0,-2,0,0,0,0,0,4,0
12,69635,69633,-1,1500,8,80,16,-1,0,-5601144,0,0,228
10,65625,69633,540,0,0,0,0,0,0,-1,-1,1
1,69634,69633,-537,0,0,0,0,-1,4,0
1,69636,69633,-541,0,0,0,0,-1,4,0
1,90368,0,-537,5,5,520,50,0,4,0
1,90369,90368,200,0,0,20,20,2004318071,4,0
1,90370,90368,200,0,0,20,20,2004318071,4,0
1,90371,90368,200,0,0,20,20,2004318071,4,0
1,90372,90368,200,0,0,20,20,2004318071,4,0
1,90373,90368,200,0,0,20,20,2004318071,4,0
1,90374,90368,200,0,0,20,20,2004318071,4,0
1,90375,90368,200,0,0,20,20,2004318071,4,0
1,90376,90368,200,0,0,20,20,2004318071,4,0
1,90377,90368,200,0,0,20,20,2004318071,4,0
1,90378,90368,200,0,0,20,20,2004318071,4,0
1,90379,90368,200,0,0,20,20,2004318071,4,0
1,90380,90368,200,0,0,20,20,2004318071,4,0
1,90381,90368,200,0,0,20,20,2004318071,4,0
1,90382,90368,200,0,0,20,20,2004318071,4,0
1,90383,90368,200,0,0,20,20,2004318071,4,0
1,90384,90368,200,0,0,20,20,2004318071,4,0
1,90385,90368,200,0,0,20,20,2004318071,4,0
1,90386,90368,200,0,0,20,20,2004318071,4,0
1,90387,90368,200,0,0,20,20,2004318071,4,0
1,90388,90368,200,0,0,20,20,2004318071,4,0
1,90389,90368,200,0,0,20,20,2004318071,4,0
1,90390,90368,200,0,0,20,20,2004318071,4,0
1,90391,90368,200,0,0,20,20,2004318071,4,0
1,90392,90368,200,0,0,20,20,2004318071,4,0
1,90393,90368,200,0,0,20,20,2004318071,4,0
1,90394,90368,200,0,0,20,20,2004318071,4,0
1,90395,90368,200,0,0,20,20,2004318071,4,0
1,90396,90368,200,0,0,20,20,2004318071,4,0
1,90397,90368,200,0,0,20,20,2004318071,4,0
1,90398,90368,200,0,0,20,20,2004318071,4,0
1,90399,90368,200,0,0,20,20,2004318071,4,0
1,1616,0,-2,282,240,255,63,286331153,4,1
2,1618,1616,559,45,15,35,35,-1,1,0
2,1619,1616,560,110,15,35,35,-1,1,0
2,1617,1616,561,170,15,35,35,-1,1,0
1,1620,1616,558,0,0,255,63,-1,4,0


// Painel Main

1,80110,0,-1,22,497,780,103,1,4,0
12,99991,80110,-1,16,91,0,0,-1,0,-5601144,0,1,0
12,99992,80110,-1,735,91,0,0,-1,0,-5601144,0,1,0
2,99993,80110,-2,0,70,29,30,-1,1,0
2,99994,80110,-2,719,70,29,30,-1,1,0
2,65786,80110,-498,75,73,28,26,-1,1,0
12,65612,80110,-1,95,44,80,16,-5069675,0,-5601144,0,0,228
12,65613,80110,-1,110,44,80,16,-5069675,0,-5601144,0,0,0
16,66560,80110,-1,103,65,35,35,1,1,0
16,66561,80110,-1,144,65,35,35,1,1,0
16,66562,80110,-1,185,65,35,35,1,1,0
2,65646,80110,-540,640,87,13,13,0,1,0
2,65647,80110,-540,640,63,13,13,0,1,0
12,65643,80110,-1,638,77,20,8,-1,0,-5601144,0,1,0
1,65637,80110,478,616,45,12,12,-1,4,0
1,65638,80110,478,628,45,12,12,-1,4,0
1,65639,80110,478,640,45,12,12,-1,4,0
12,65614,80110,-1,27,45,20,16,-1,0,-5601144,0,2,0
12,65615,80110,-1,37,45,20,16,-1,0,-5601144,0,0,0
12,65616,80110,-1,679,45,20,16,-1,0,-5601144,0,2,0
12,65617,80110,-1,689,45,20,16,-1,0,-5601144,0,0,0
2,66570,80110,-540,-500,0,0,0,0,1,0
1,65648,80110,-1,165,65,0,0,0,4,0
1,65784,65648,-488,64,-3,35,3,-1,4,0
1,65783,65648,-488,105,-3,36,3,-1,4,0
1,65782,65648,-488,147,-3,36,3,-1,4,0
1,65781,65648,-488,189,-3,35,3,-1,4,0
1,65780,65648,-488,230,-3,35,3,-1,4,0
1,65779,65648,-488,271,-3,36,3,-1,4,0
1,65778,65648,-488,314,-3,35,3,-1,4,0
1,65777,65648,-488,355,-3,35,3,-1,4,0
1,65776,65648,-488,397,-3,35,3,-1,4,0
1,65775,65648,-488,439,-3,35,3,-1,4,0
1,80100,80110,-1,-81,39,0,0,0,4,0
10,65655,80100,566,0,0,218,6,48,12,-1,-1,1
10,65656,80100,567,0,0,266,6,48,12,-1,-1,1
10,65657,80100,568,0,0,314,6,48,12,-1,-1,1
10,65658,80100,569,0,0,362,6,48,12,-1,-1,1
10,65659,80100,570,0,0,410,6,48,12,-1,-1,1
10,65660,80100,571,0,0,458,6,48,12,-1,-1,1
10,65661,80100,572,0,0,506,6,48,12,-1,-1,1
10,65662,80100,573,0,0,554,6,48,12,-1,-1,1
10,65663,80100,574,0,0,602,6,48,12,-1,-1,1
10,65664,80100,575,0,0,650,6,49,12,-1,-1,1
1,80103,80110,576,0,0,751,103,-1,4,0
16,65644,80110,-1,228,61,413,40,1,10,0
16,65645,80110,-1,228,61,413,40,1,10,0
10,65621,80110,565,0,0,2,3,96,103,-1,-1,0
10,65623,80110,564,0,0,653,3,96,103,-1,-1,0
1,80104,80110,-563,0,0,751,103,-1,4,0

1,90465,80110,-1,-230,-505,640,20,0,4,0

1,65797,90465,-1,-15,-45,80,15,0,4,0
12,65798,65797,-1,116,461,64,16,-56,0,-5601144,0,1,0

1,5749,90465,-1,0,-7,96,298,0,4,0
12,1328,5749,-1,3000,7,51,15,-1,0,-1,0,3,0
12,90432,5749,-1,3000,7,34,15,-1,0,-1,0,3,0
12,1329,5749,-1,3000,25,51,15,-1,0,-1,0,0,0
12,90433,5749,-1,3000,25,34,15,-1,0,-1,0,3,0
12,1330,5749,-1,3000,43,51,15,-1,0,-1,0,3,0
12,90434,5749,-1,3000,43,34,15,-1,0,-1,0,3,0
12,1331,5749,-1,3000,61,51,15,-1,0,-1,0,3,0
12,90435,5749,-1,3000,61,34,15,-1,0,-1,0,3,0
12,1332,5749,-1,3000,79,51,15,-1,0,-1,0,3,0
12,90436,5749,-1,3000,79,34,15,-1,0,-1,0,3,0
12,1333,5749,-1,3000,97,51,15,-1,0,-1,0,3,0
12,90437,5749,-1,3000,97,34,15,-1,0,-1,0,3,0
12,1334,5749,-1,3000,115,51,15,-1,0,-1,0,3,0
12,90438,5749,-1,3000,115,34,15,-1,0,-1,0,3,0
12,1335,5749,-1,3000,133,51,15,-1,0,-1,0,3,0
12,90439,5749,-1,3000,133,34,15,-1,0,-1,0,3,0
12,1336,5749,-1,3000,151,51,15,-1,0,-1,0,3,0
12,90440,5749,-1,3000,151,34,15,-1,0,-1,0,3,0
12,1337,5749,-1,3000,169,51,15,-1,0,-1,0,3,0
12,90441,5749,-1,3000,169,34,15,-1,0,-1,0,3,0
12,1338,5749,-1,3000,187,51,15,-1,0,-1,0,3,0
12,90442,5749,-1,3000,187,34,15,-1,0,-1,0,3,0
12,1339,5749,-1,3000,205,51,15,-1,0,-1,0,3,0
12,90443,5749,-1,3000,205,34,15,-1,0,-1,0,3,0
12,1340,5749,-1,3000,223,51,15,-1,0,-1,0,3,0
12,90444,5749,-1,3000,223,34,15,-1,0,-1,0,3,0
12,1341,5749,-1,3000,241,51,15,-1,1,-1,0,3,0
12,90445,5749,-1,3000,241,34,15,-1,0,-1,0,3,0
12,1342,5749,-1,3000,259,51,15,-1,0,-1,0,3,0
12,90446,5749,-1,3000,259,34,15,-1,0,-1,0,3,0
12,1343,5749,-1,3000,277,51,15,-1,0,-1,0,3,0
12,90447,5749,-1,3000,277,34,15,-1,0,-1,0,3,0
12,1344,5749,-1,3000,277,51,15,-1,0,-1,0,3,0
12,90448,5749,-1,3000,277,34,15,-1,0,-1,0,3,0
12,1345,5749,-1,3000,277,51,15,-1,0,-1,0,3,0
12,90449,5749,-1,3000,277,34,15,-1,0,-1,0,3,0
12,1346,5749,-1,3000,277,51,15,-1,0,-1,0,3,0
12,90450,5749,-1,3000,277,34,15,-1,0,-1,0,3,0
12,1347,5749,-1,3000,277,51,15,-1,0,-1,0,3,0
12,90451,5749,-1,3000,277,34,15,-1,0,-1,0,3,0
12,1348,5749,-1,3000,277,51,15,-1,0,-1,0,3,0
12,90452,5749,-1,3000,277,34,15,-1,0,-1,0,3,0
12,1349,5749,-1,3000,277,51,15,-1,0,-1,0,3,0
12,90453,5749,-1,3000,277,34,15,-1,0,-1,0,3,0
12,1350,5749,-1,3000,277,51,15,-1,0,-1,0,3,0
12,90454,5749,-1,3000,277,34,15,-1,0,-1,0,3,0
12,1351,5749,-1,3000,277,51,15,-1,0,-1,0,3,0
12,90455,5749,-1,3000,277,34,15,-1,0,-1,0,3,0
12,1352,5749,-1,3000,277,51,15,-1,0,-1,0,3,0
12,90456,5749,-1,3000,277,34,15,-1,0,-1,0,3,0
12,1353,5749,-1,3000,277,51,15,-1,0,-1,0,3,0
12,90457,5749,-1,3000,277,34,15,-1,0,-1,0,3,0
12,1354,5749,-1,3000,277,51,15,-1,0,-1,0,3,0
12,90458,5749,-1,3000,277,34,15,-1,0,-1,0,3,0
12,1355,5749,-1,3000,277,51,15,-1,0,-1,0,3,0
12,90459,5749,-1,3000,277,34,15,-1,0,-1,0,3,0
12,1356,5749,-1,3000,277,51,15,-1,0,-1,0,3,0
12,90460,5749,-1,3000,277,34,15,-1,0,-1,0,3,0
12,1357,5749,-1,3000,277,51,15,-1,0,-1,0,3,0
12,90461,5749,-1,3000,277,34,15,-1,0,-1,0,3,0
12,1358,5749,-1,3000,277,51,15,-1,0,-1,0,3,0
12,90462,5749,-1,3000,277,34,15,-1,0,-1,0,3,0
12,1359,5749,-1,3000,277,51,15,-1,0,-1,0,3,0
12,90463,5749,-1,3000,277,34,15,-1,0,-1,0,3,0

1,90464,90465,-1,290,442,640,20,0,4,0
1,90400,90464,200,0,0,20,20,2004318071,4,0
1,90401,90464,200,0,0,20,20,2004318071,4,0
1,90402,90464,200,0,0,20,20,2004318071,4,0
1,90403,90464,200,0,0,20,20,2004318071,4,0
1,90404,90464,200,0,0,20,20,2004318071,4,0
1,90405,90464,200,0,0,20,20,2004318071,4,0
1,90406,90464,200,0,0,20,20,2004318071,4,0
1,90407,90464,200,0,0,20,20,2004318071,4,0
1,90408,90464,200,0,0,20,20,20043180,4,0
1,90409,90464,200,0,0,20,20,2004318071,4,0
1,90410,90464,200,0,0,20,20,2004318071,4,0
1,90411,90464,200,0,0,20,20,2004318071,4,0
1,90412,90464,200,0,0,20,20,2004318071,4,0
1,90413,90464,200,0,0,20,20,2004318071,4,0
1,90414,90464,200,0,0,20,20,2004318071,4,0
1,90415,90464,200,0,0,20,20,2004318071,4,0
1,90416,90464,200,0,0,20,20,2004318071,4,0
1,90417,90464,200,0,0,20,20,2004318071,4,0
1,90418,90464,200,0,0,20,20,2004318071,4,0
1,90419,90464,200,0,0,20,20,2004318071,4,0
1,90420,90464,200,0,0,20,20,2004318071,4,0
1,90421,90464,200,0,0,20,20,2004318071,4,0
1,90422,90464,200,0,0,20,20,2004318071,4,0
1,90423,90464,200,0,0,20,20,2004318071,4,0
1,90424,90464,200,0,0,20,20,2004318071,4,0
1,90425,90464,200,0,0,20,20,2004318071,4,0
1,90426,90464,200,0,0,20,20,2004318071,4,0
1,90427,90464,200,0,0,20,20,2004318071,4,0
1,90428,90464,200,0,0,20,20,2004318071,4,0
1,90429,90464,200,0,0,20,20,2004318071,4,0
1,90430,90464,200,0,0,20,20,2004318071,4,0
1,90431,90464,200,0,0,20,20,2004318071,4,0

// Painel Roleta

1,82443,0,-1,129,110,542,322,0,4,0
12,82445,82443,2,271,15,0,0,-4607061,0,16843009,0,1,389
12,82464,82443,5,271,106,0,0,-595257,0,16843009,0,1,0
12,82478,82443,-1,340,279,0,0,-6778493,0,16843009,0,0,0
10,82446,82443,725,0,0,200,270,142,17,-65281,-1,1
12,82462,82443,-1,204,294,90,16,-5331300,0,16843009,0,0,390
12,82463,82443,-1,290,294,90,16,-5331300,0,16843009,0,0,391
2,82447,82443,584,195,293,71,17,-1,1,-1
2,82448,82443,584,276,293,71,17,-1,1,-1
16,82449,82443,-1,228,52,35,35,1,1,0
16,82477,82443,-1,280,52,35,35,1,1,0
16,82450,82443,-1,254,143,35,35,1,1,0
12,82476,82443,-1,271,193,0,0,-1,0,16843009,0,1,0

12,0,82443,5,271,215,0,0,-7308722,0,16843009,0,1,416
16,84030,82443,-1,34,226,35,35,1,1,0
16,84031,82443,-1,78,226,35,35,1,1,0
16,84032,82443,-1,122,226,35,35,1,1,0
16,84033,82443,-1,166,226,35,35,1,1,0
16,84034,82443,-1,210,226,35,35,1,1,0
16,84035,82443,-1,254,226,35,35,1,1,0
16,84036,82443,-1,298,226,35,35,1,1,0
16,84037,82443,-1,342,226,35,35,1,1,0
16,84038,82443,-1,386,226,35,35,1,1,0
16,84039,82443,-1,430,226,35,35,1,1,0
16,84040,82443,-1,474,226,35,35,1,1,0

1,0,82443,614,0,0,543,323,0,4,0

1,82479,82443,-1,57,0,0,0,0,4,0

1,82480,82479,-1,0,140,39,39,0,4,0
1,82465,82480,613,0,0,39,39,0,4,0
1,82451,82480,526,2,3,35,35,0,4,0

1,82481,82479,-1,39,140,39,39,0,4,0
1,82466,82481,613,0,0,39,39,0,4,0
1,82452,82481,526,2,3,35,35,0,4,0

1,82482,82479,-1,78,140,39,39,0,4,0
1,82467,82482,613,0,0,39,39,0,4,0
1,82453,82482,526,2,3,35,35,0,4,0

1,82483,82479,-1,0,140,39,39,0,4,0
1,82468,82483,613,0,0,39,39,0,4,0
1,82454,82483,526,2,3,35,35,0,4,0

1,82484,82479,-1,156,140,39,39,0,4,0
1,82469,82484,613,0,0,39,39,0,4,0
1,82455,82484,526,2,3,35,35,0,4,0

1,82485,82479,-1,195,140,39,39,0,4,0
1,82470,82485,613,0,0,39,39,0,4,0
1,82456,82485,526,2,3,35,35,0,4,0

1,82486,82479,-1,234,140,39,39,0,4,0
1,82471,82486,613,0,0,39,39,0,4,0
1,82457,82486,526,2,3,35,35,0,4,0

1,82487,82479,-1,273,140,39,39,0,4,0
1,82472,82487,613,0,0,39,39,0,4,0
1,82458,82487,526,2,3,35,35,0,4,0

1,82488,82479,-1,312,140,39,39,0,4,0
1,82473,82488,613,0,0,39,39,0,4,0
1,82459,82488,526,2,3,35,35,0,4,0

1,82489,82479,-1,351,140,39,39,0,4,0
1,82474,82489,613,0,0,39,39,0,4,0
1,82460,82489,526,2,3,35,35,0,4,0

1,82490,82479,-1,390,140,39,39,0,4,0
1,82475,82490,613,0,0,39,39,0,4,0
1,82461,82490,526,2,3,35,35,0,4,0


1,82444,82443,732,0,0,543,323,0,4,0









2,67342,0,686,1678,452,55,55,-1,1,403

// Painel Comprar

1,82342,0,-1,300,150,240,264,0,4,0
1,82353,82342,636,53,120,14,13,0,4,0
12,82344,82342,-1,120,15,0,0,-4607061,0,16843009,0,1,162
16,82345,82342,-1,102,40,35,35,1,1,0

12,82346,82342,-1,120,90,0,0,-3359574,0,16843009,0,1,0

12,82347,82342,-1,12,128,0,0,-6778493,0,16843009,0,0,292
12,82348,82342,-1,65,128,0,0,-3760395,0,16843009,0,0,0

12,82354,82342,-1,122,128,0,0,-6778493,0,16843009,0,0,293
12,82355,82342,-1,150,128,0,0,-6778493,0,16843009,0,0,0

12,82356,82342,-1,65,161,0,0,-5331300,0,16843009,0,1,50
12,82357,82342,-1,176,161,0,0,-5331300,0,16843009,0,1,51
2,82358,82342,584,17,150,95,22,-1,1,-1
2,82359,82342,584,128,150,95,22,-1,1,-1

2,82360,82342,-2,185,117,17,18,-1,1,0
2,82361,82342,-2,206,117,17,18,-1,1,0

1,82343,82342,633,0,0,240,264,0,4,0
1,0,82342,-1,0,-100,400,400,0,4,0



1,31005,0,-1,0,0,424,41,0,4,0
2,31002,31005,-665,349,0,111,14,-1,1,280
1,31000,31005,-1,188,0,424,41,0,4,0
12,31001,31000,-1,212,26,0,0,-3359574,0,-1,0,1,0
2,31003,31000,-666,161,0,111,14,-1,1,279
1,31004,31000,-664,0,8,424,33,-1,4,0

1,31010,0,-1,320,40,160,40,0,4,0
12,31011,31010,-1,80,15,0,0,-1,0,-1,0,1,0
12,31012,31010,-1,80,30,0,0,-1,0,-1,0,1,0
1,31013,31010,-664,0,20,160,20,-1,4,0

1,78062,0,-1,200,175,400,250,0,4,0
2,78092,78062,612,372,12,20,20,-1,1,80
12,78063,78062,-1,200,22,0,0,-4607061,0,-5601144,0,1,281
12,78064,78062,-1,200,58,0,0,-6778493,0,-5601144,0,1,282
13,78066,78062,-2,150,73,100,13,-1,1,0,0,1,8,1,-858993664,-858993460,-858993460,-858993460,-858993460,-858993460,-858993460,-858993460,-858993460,-858993460,-858993460,-858993460,-858993460,-858993460,-858993460,-858993460,-858993460,-858993460,-858993460,-858993460,-858993460,-858993460,-858993460,-858993460,-858993460,-858993460,-858993460,-858993460,-858993460,-858993460,-858993460,-858993460

12,78075,78062,-1,200,100,0,0,-6778493,0,-1,0,1,504
12,78076,78062,-1,200,112,0,0,-6778493,0,-1,0,1,505

12,78067,78062,-1,40,136,0,0,-6778493,0,-5601144,0,0,496
12,78068,78062,-1,40,155,0,0,-6778493,0,-5601144,0,0,497
12,78069,78062,-1,40,175,0,0,-6778493,0,-5601144,0,0,498
12,78070,78062,-1,40,194,0,0,-6778493,0,-5601144,0,0,499
12,78071,78062,-1,225,136,0,0,-6778493,0,-5601144,0,0,500
12,78072,78062,-1,225,155,0,0,-6778493,0,-5601144,0,0,501
12,78073,78062,-1,225,175,0,0,-6778493,0,-5601144,0,0,502
12,78074,78062,-1,225,194,0,0,-6778493,0,-5601144,0,0,503

2,78083,78062,657,19,128,16,16,0,4,0
2,78084,78062,657,19,147,16,16,0,4,0
2,78085,78062,657,19,166,16,16,0,4,0
2,78086,78062,657,19,185,16,16,0,4,0
2,78087,78062,657,204,128,16,16,0,4,0
2,78088,78062,657,204,147,16,16,0,4,0
2,78089,78062,657,204,166,16,16,0,4,0
2,78090,78062,657,204,185,16,16,0,4,0

12,78065,78062,-1,200,229,0,0,-5331300,0,-5601144,0,1,209
2,78091,78062,584,127,217,145,23,-1,1,-1

1,78093,78062,676,0,0,400,250,0,4,0





1,83300,0,-1,114,100,572,288,0,4,0
12,83302,83300,-1,243,7,90,16,-1,0,-5601144,0,1,403
2,83303,83300,237,546,18,19,17,-1,1,80
1,83304,83300,-1,23,56,526,67,0,4,0
12,83305,83304,-1,86,7,90,16,-1,0,-5601144,0,0,0
12,83306,83304,-1,86,26,90,16,-1,0,-5601144,0,0,0
12,83307,83304,-1,86,45,90,16,-1,0,-5601144,0,0,0
12,83308,83304,-1,416,7,90,16,-1,0,-5601144,0,0,0
12,83309,83304,-1,416,26,90,16,-1,0,-5601144,0,0,0
12,83310,83304,-1,416,45,90,16,-1,0,-5601144,0,0,0
12,83311,83304,-1,0,44,90,16,-1,0,-5601144,0,1,0
2,83312,83304,584,11,45,66,17,-1,1,-1
1,83313,83304,659,407,10,10,10,0,4,0
1,83314,83304,659,407,29,10,10,0,4,0
1,83315,83304,659,407,48,10,10,0,4,0
16,83316,83304,632,26,6,35,35,1,1,0
1,83317,83304,685,0,0,526,67,0,4,0
1,83318,83300,-1,23,126,526,67,0,4,0
12,83319,83318,-1,86,7,90,16,-1,0,-5601144,0,0,0
12,83320,83318,-1,86,26,90,16,-1,0,-5601144,0,0,0
12,83321,83318,-1,86,45,90,16,-1,0,-5601144,0,0,0
12,83322,83318,-1,416,7,90,16,-1,0,-5601144,0,0,0
12,83323,83318,-1,416,26,90,16,-1,0,-5601144,0,0,0
12,83324,83318,-1,416,45,90,16,-1,0,-5601144,0,0,0
12,83325,83318,-1,0,44,90,16,-1,0,-5601144,0,1,0
2,83326,83318,584,11,45,66,17,-1,1,-1
1,83327,83318,659,407,10,10,10,0,4,0
1,83328,83318,659,407,29,10,10,0,4,0
1,83329,83318,659,407,48,10,10,0,4,0
16,83330,83318,632,26,6,35,35,1,1,0
1,83331,83318,685,0,0,526,67,0,4,0
1,83332,83300,-1,23,196,526,67,0,4,0
12,83333,83332,-1,86,7,90,16,-1,0,-5601144,0,0,0
12,83334,83332,-1,86,26,90,16,-1,0,-5601144,0,0,0
12,83335,83332,-1,86,45,90,16,-1,0,-5601144,0,0,0
12,83336,83332,-1,416,7,90,16,-1,0,-5601144,0,0,0
12,83337,83332,-1,416,26,90,16,-1,0,-5601144,0,0,0
12,83338,83332,-1,416,45,90,16,-1,0,-5601144,0,0,0
12,83339,83332,-1,0,44,90,16,-1,0,-5601144,0,1,0
2,83340,83332,584,11,45,66,17,-1,1,-1
1,83341,83332,659,407,10,10,10,0,4,0
1,83342,83332,659,407,29,10,10,0,4,0
1,83343,83332,659,407,48,10,10,0,4,0
16,83344,83332,632,26,6,35,35,1,1,0
1,83345,83332,685,0,0,526,67,0,4,0
1,83301,83300,684,0,0,572,288,0,4,0

// Painel de Mortos

1,77891,0,-1,2,5,1,1,0,4,0

1,77902,77891,-1,0,0,221,14,0,4,0
12,77892,77902,-1,13,0,90,16,-1,0,-5601144,0,2,0
12,77897,77902,-1,114,0,90,16,-1,0,-5601144,0,0,0
1,77907,77902,701,1,1,12,11,0,4,0
1,77908,77902,701,208,1,12,11,0,4,0
1,0,77902,703,107,1,8,10,0,4,0
1,77917,77902,-664,0,-3,221,18,-1,4,0

1,77903,77891,-1,0,15,221,14,0,4,0
12,77893,77903,-1,13,0,90,16,-1,0,-5601144,0,2,0
12,77898,77903,-1,114,0,90,16,-1,0,-5601144,0,0,0
1,77909,77903,701,1,1,12,11,0,4,0
1,77910,77903,701,208,1,12,11,0,4,0
1,0,77903,703,107,1,8,10,0,4,0
1,77918,77903,-664,0,-3,221,18,-1,4,0

1,77904,77891,-1,0,30,221,14,0,4,0
12,77894,77904,-1,13,0,90,16,-1,0,-5601144,0,2,0
12,77899,77904,-1,114,0,90,16,-1,0,-5601144,0,0,0
1,77911,77904,701,1,1,12,11,0,4,0
1,77912,77904,701,208,1,12,11,0,4,0
1,0,77904,703,107,1,8,10,0,4,0
1,77919,77904,-664,0,-3,221,18,-1,4,0

1,77905,77891,-1,0,45,221,14,0,4,0
12,77895,77905,-1,13,0,90,16,-1,0,-5601144,0,2,0
12,77900,77905,-1,114,0,90,16,-1,0,-5601144,0,0,0
1,77913,77905,701,1,1,12,11,0,4,0
1,77914,77905,701,208,1,12,11,0,4,0
1,0,77905,703,107,1,8,10,0,4,0
1,77920,77905,-664,0,-3,221,18,-1,4,0

1,77906,77891,-1,0,60,221,14,0,4,0
12,77896,77906,-1,13,0,90,16,-1,0,-5601144,0,2,0
12,77901,77906,-1,114,0,90,16,-1,0,-5601144,0,0,0
1,77915,77906,701,1,1,12,11,0,4,0
1,77916,77906,701,208,1,12,11,0,4,0
1,0,77906,703,107,1,8,10,0,4,0
1,77921,77906,-664,0,-3,221,18,-1,4,0

// Painel Joia de Cargo
1,80260,0,-1,752,350,40,40,0,4,0
12,80261,80260,-1,-25,32,90,16,-1,0,-5601144,0,1,30
2,80262,80260,-527,0,0,35,35,-1,1,400


// Painel Macro

1,65788,0,-1,550,511,120,30,0,4,0
12,66823,65788,-1,40,6,10,30,-1,0,-5601144,0,1,223
2,66819,65788,-460,30,0,28,28,-1,1,230
12,66824,65788,-1,40,6,73,30,-1,0,-5601144,0,1,223
2,66820,65788,-461,60,0,28,28,-1,1,231
2,66818,65788,-458,0,0,28,28,-1,1,234
2,66821,65788,-465,90,0,28,28,-1,1,0
1,66822,65788,-525,0,0,0,0,-1,4,0
2,73729,65788,-481,580,0,0,0,0,1,0
1,65800,65788,-1,0,0,0,0,0,4,0

// Painel Troca Evento

1,82311,0,-2,287,45,229,329,0,4,0
2,82335,82311,612,198,9,22,22,0,1,185
16,82313,82311,-1,27,55,35,35,1,1,0
16,82314,82311,-1,99,55,35,35,1,1,0
16,82315,82311,-1,169,55,35,35,1,1,0

16,82316,82311,-1,27,161,35,35,1,1,0
16,82317,82311,-1,99,161,35,35,1,1,0
16,82318,82311,-1,169,161,35,35,1,1,0
16,82319,82311,-1,27,222,35,35,1,1,0
16,82320,82311,-1,99,222,35,35,1,1,0
16,82321,82311,-1,169,222,35,35,1,1,0

12,82322,82311,-1,1,96,90,16,-1,0,16843009,0,1,8
12,82323,82311,-1,70,96,90,16,-1,0,16843009,0,1,8
12,82324,82311,-1,141,96,90,16,-1,0,16843009,0,1,8

12,82325,82311,-1,1,199,90,16,-1,0,16843009,0,1,9
12,82326,82311,-1,70,199,90,16,-1,0,16843009,0,1,9
12,82327,82311,-1,141,199,90,16,-1,0,16843009,0,1,9
12,82328,82311,-1,1,260,90,16,-1,0,16843009,0,1,9
12,82329,82311,-1,70,260,90,16,-1,0,16843009,0,1,9
12,82330,82311,-1,141,260,90,16,-1,0,16843009,0,1,9

12,82331,82311,2,68,8,90,16,-1,0,16843009,0,1,552
12,82334,82311,-1,68,133,90,16,-1,0,16843009,0,1,558
12,82332,82311,-1,73,297,90,16,-1,0,16843009,0,1,61
2,82333,82311,584,82,297,70,18,0,1,0
1,82312,82311,708,0,0,229,329,0,4,0

1,84200,0,-1,1470,45,0,0,0,4,0
12,84202,84200,5,69,10,0,0,-7569291,0,16843009,0,1,0
12,84203,84200,2,69,30,0,0,-3819870,0,16843009,0,1,0
1,84201,84200,-717,0,0,138,40,-1,4,0