1,Warrior,0.0,0.0.0.0.0,0,0,1,0,0,EF_CLASS,1,EF_RANGE,1,EF_REGENHP,2,EF_REGENMP,2,EF_CRITICAL,10
6,Warrior,40.0,0.0.0.0.0,0,0,1,0,0,EF_CLASS,1,EF_RANGE,1,EF_REGENHP,2,EF_REGENMP,2,EF_CRITICAL,10
7,Warrior,40.0,0.0.0.0.0,0,0,1,0,0,EF_CLASS,1,EF_RANGE,1,EF_REGENHP,2,EF_REGENMP,2,EF_CRITICAL,10
8,Warrior,40.0,0.0.0.0.0,0,0,1,0,0,EF_CLASS,1,EF_RANGE,1,EF_REGENHP,2,EF_REGENMP,2,EF_CRITICAL,10
9,Warrior,40.0,0.0.0.0.0,0,0,1,0,0,EF_CLASS,1,EF_RANGE,1,EF_REGENHP,2,EF_REGENMP,2,EF_CRITICAL,10
11,Mage,0.0,0.0.0.0.0,0,0,1,0,0,EF_CLASS,2,EF_RANGE,1,EF_REGENHP,2,EF_REGENMP,4,EF_CRITICAL,10
16,Mage,40.0,0.0.0.0.0,0,0,1,0,0,EF_CLASS,2,EF_RANGE,1,EF_REGENHP,2,EF_REGENMP,4,EF_CRITICAL,10
17,Mage,40.0,0.0.0.0.0,0,0,1,0,0,EF_CLASS,2,EF_RANGE,1,EF_REGENHP,2,EF_REGENMP,4,EF_CRITICAL,10
18,Mage,40.0,0.0.0.0.0,0,0,1,0,0,EF_CLASS,2,EF_RANGE,1,EF_REGENHP,2,EF_REGENMP,4,EF_CRITICAL,10
19,Mage,40.0,0.0.0.0.0,0,0,1,0,0,EF_CLASS,2,EF_RANGE,1,EF_REGENHP,2,EF_REGENMP,4,EF_CRITICAL,10
21,Guardian,0.0,0.0.0.0.0,0,0,1,0,0,EF_CLASS,4,EF_RANGE,1,EF_REGENHP,2,EF_REGENMP,4,EF_CRITICAL,10
22,Wolf_Man,0.0,0.0.0.0.0,0,0,1,0,0,EF_CLASS,116,EF_REGENHP,2,EF_REGENMP,4,EF_CRITICAL,10,EF_RANGE,1
23,Bear_Man,1.0,0.0.0.0.0,0,0,1,0,0,EF_CLASS,26,EF_REGENHP,2,EF_REGENMP,4,EF_CRITICAL,10,EF_RANGE,1
24,Wing_Man,0.0,0.0.0.0.0,0,0,1,0,0,EF_CLASS,33,EF_REGENHP,2,EF_REGENMP,4,EF_CRITICAL,10,EF_RANGE,4
25,Giant_Man,14.0,0.0.0.0.0,0,0,1,0,0,EF_CLASS,40,EF_REGENHP,2,EF_REGENMP,4,EF_CRITICAL,10,EF_RANGE,2
26,Guardian,40.0,0.0.0.0.0,0,0,1,0,0,EF_CLASS,4,EF_RANGE,1,EF_REGENHP,2,EF_REGENMP,4,EF_CRITICAL,10
27,Guardian,40.0,0.0.0.0.0,0,0,1,0,0,EF_CLASS,4,EF_RANGE,1,EF_REGENHP,2,EF_REGENMP,4,EF_CRITICAL,10
28,Guardian,40.0,0.0.0.0.0,0,0,1,0,0,EF_CLASS,4,EF_RANGE,1,EF_REGENHP,2,EF_REGENMP,4,EF_CRITICAL,10
29,Guardian,40.0,0.0.0.0.0,0,0,1,0,0,EF_CLASS,4,EF_RANGE,1,EF_REGENHP,2,EF_REGENMP,4,EF_CRITICAL,10
31,Rogue,0.0,0.0.0.0.0,0,0,1,0,0,EF_CLASS,8,EF_RANGE,1,EF_REGENHP,2,EF_REGENMP,4,EF_CRITICAL,10
32,Demon_Man,43.0,0.0.0.0.0,0,0,1,0,0,EF_CLASS,63,EF_RANGE,1,EF_REGENHP,2,EF_REGENMP,4,EF_CRITICAL,10
36,Rogue,40.0,0.0.0.0.0,0,0,1,0,0,EF_CLASS,8,EF_RANGE,1,EF_REGENHP,2,EF_REGENMP,4,EF_CRITICAL,10
37,Rogue,40.0,0.0.0.0.0,0,0,1,0,0,EF_CLASS,8,EF_RANGE,1,EF_REGENHP,2,EF_REGENMP,4,EF_CRITICAL,10
38,Rogue,40.0,0.0.0.0.0,0,0,1,0,0,EF_CLASS,8,EF_RANGE,1,EF_REGENHP,2,EF_REGENMP,4,EF_CRITICAL,10
39,Rogue,40.0,0.0.0.0.0,0,0,1,0,0,EF_CLASS,8,EF_RANGE,1,EF_REGENHP,2,EF_REGENMP,4,EF_CRITICAL,10
41,Warrior,80.0,0.0.0.0.0,0,0,1,0,0,EF_CLASS,1,EF_RANGE,1,EF_REGENHP,2,EF_REGENMP,2,EF_CRITICAL,10
42,Mage,80.0,0.0.0.0.0,0,0,1,0,0,EF_CLASS,2,EF_RANGE,1,EF_REGENHP,2,EF_REGENMP,4,EF_CRITICAL,10
43,Guardian,64.0,0.0.0.0.0,0,0,1,0,0,EF_CLASS,4,EF_RANGE,1,EF_REGENHP,2,EF_REGENMP,4,EF_CRITICAL,10
44,Rogue,64.0,0.0.0.0.0,0,0,1,0,0,EF_CLASS,8,EF_RANGE,1,EF_REGENHP,2,EF_REGENMP,4,EF_CRITICAL,10
51,Ruty,8.0,0.0.0.0.0,0,0,1,0,0,EF_CLASS,2,EF_GRID,0
52,Guardião_da_Cidade,9.0,0.0.0.0.0,0,0,1,0,0,EF_CLASS,2,EF_GRID,0
53,Terah,10.0,0.0.0.0.0,0,0,1,0,0,EF_CLASS,2,EF_GRID,0
54,Compositor,18.0,0.0.0.0.0,0,0,1,0,0,EF_CLASS,1,EF_RANGE,1
55,Ailyn,10.0,0.0.0.0.0,0,0,1,0,0,EF_CLASS,2,EF_GRID,0
56,Arcadia,10.0,0.0.0.0.0,0,0,1,0,0,EF_CLASS,2,EF_GRID,0
57,Premium_Neil,13.0,0.0.0.0.0,0,0,1,0,0,EF_CLASS,2,EF_GRID,0
58,Ferreiro,5.0,0.0.0.0.0,0,0,1,0,0,EF_CLASS,1,EF_RANGE,1
59,Comerciante,6.0,0.0.0.0.0,0,0,1,0,0,EF_CLASS,1,EF_RANGE,1
60,Guarda,7.0,0.0.0.0.0,0,0,1,0,0,EF_CLASS,1,EF_RANGE,2
61,Foema_Ancião,7.0,0.0.0.0.0,0,0,1,0,0,EF_CLASS,2,EF_RANGE,1
62,Ancião_(Elmo),7.0,76.146.0.0.0,0,74000,2,0,0,EF_CLASS,2,EF_GRID,0,EF_AC,21
63,Mestre_Archie,7.0,0.0.0.0.0,0,0,1,0,0,EF_CLASS,4,EF_GRID,0
64,Comerciante_Arnold,8.0,0.0.0.0.0,0,0,1,0,0,EF_CLASS,4,EF_GRID,0
65,Face_da_Shiner_(Tipo_A),90.0,0.0.0.0.0,0,0,1,0,0,EF_CLASS,2,EF_GRID,0
66,Face_da_Shiner_(Tipo_B),91.0,0.0.0.0.0,0,0,1,0,0,EF_CLASS,2,EF_GRID,0
67,Face_da_Shiner_(Tipo_C),92.0,0.0.0.0.0,0,0,1,0,0,EF_CLASS,2,EF_GRID,0
68,Tanya,91.0,0.0.0.0.0,0,0,1,0,0,EF_CLASS,2,EF_GRID,0
69,Pantera_Negra,4.0,115.0.0.0.0,0,0,16384,0,0,EF_CLASS,117,EF_RANGE,2
70,Fenrir_Selvagem,0.2,200.0.0.0.0,0,0,16384,0,0,EF_CLASS,42,EF_RANGE,2
71,Tigre_Branco,5.0,0.0.0.0.0,0,0,16384,0,0,EF_CLASS,117,EF_RANGE,2
72,SombraP,9.0,115.0.0.0.0,0,0,16384,0,0,EF_CLASS,43,EF_RANGE,2
73,SombraO,8.0,115.0.0.0.0,0,0,16384,0,0,EF_CLASS,43,EF_RANGE,2
74,Golem_II,0.0,0.0.0.0.0,0,0,16384,0,0,EF_CLASS,97,EF_RANGE,2
75,Ankalac,0.0,0.0.0.0.0,0,0,16384,0,0,EF_CLASS,96,EF_RANGE,2
76,Ankalac_Queen,0.0,0.0.0.0.0,0,0,16384,0,0,EF_CLASS,95,EF_RANGE,2
77,Aparição,0.0,0.0.0.0.0,0,0,1,0,0,EF_CLASS,92,EF_RANGE,2
78,Cavalo_RealA,15.0,200.0.0.0.0,0,0,16384,0,0,EF_CLASS,43,EF_RANGE,2
79,Cavalo_Madeira,0.0,0.0.0.0.0,0,0,16384,0,0,EF_CLASS,70,EF_RANGE,2
80,Galinha_Fofinha,0.2,200.0.0.0.0,0,0,16384,0,0,EF_CLASS,42,EF_RANGE,2
81,Lobo_Gelido,3.0,0.0.0.0.0,0,0,16384,0,0,EF_CLASS,27,EF_RANGE,2
82,Grifo_Selvagem,0.1,255.0.0.0.0,0,0,16384,0,0,EF_CLASS,53,EF_RANGE,2
83,Unicórnio,19.0,219.0.0.0.0,0,0,16384,0,0,EF_CLASS,43,EF_RANGE,2
84,Unisus,19.0,219.0.0.0.0,0,0,16384,0,0,EF_CLASS,43,EF_RANGE,2
85,Pegasus,19.0,219.0.0.0.0,0,0,16384,0,0,EF_CLASS,43,EF_RANGE,2
86,Grifo_Negro,0.1,255.0.0.0.0,0,0,16384,0,0,EF_CLASS,53,EF_RANGE,2
87,Hipogrifo_Negro,0.1,255.0.0.0.0,0,0,16384,0,0,EF_CLASS,53,EF_RANGE,2
88,Grifo_Sangrento_Negro,0.1,255.0.0.0.0,0,0,16384,0,0,EF_CLASS,53,EF_RANGE,2
89,Andaluz_N_Real,0.0,200.0.0.0.0,0,0,16384,0,0,EF_CLASS,43,EF_RANGE,2
90,Andaluz_B_Real,0.1,200.0.0.0.0,0,0,16384,0,0,EF_CLASS,43,EF_RANGE,2
91,Porco_Aranha,2.0,0.0.0.0.0,0,0,16384,0,0,EF_CLASS,22,EF_RANGE,2
92,Skinfaxi_1,21.0,130.0.0.0.0,0,0,16384,0,0,EF_CLASS,43,EF_RANGE,2
93,Hrimfaxi_1,22.0,130.0.0.0.0,0,0,16384,0,0,EF_CLASS,43,EF_RANGE,2
94,Grifo_Gelo,0.2,255.0.0.0.0,0,0,16384,0,0,EF_CLASS,53,EF_RANGE,2
95,Hipogrifo_Gelo,0.2,255.0.0.0.0,0,0,16384,0,0,EF_CLASS,53,EF_RANGE,2
96,Grifo_Sangrento_Gelo,0.2,255.0.0.0.0,0,0,16384,0,0,EF_CLASS,53,EF_RANGE,2
97,Grifo_Fogo,0.3,255.0.0.0.0,0,0,16384,0,0,EF_CLASS,53,EF_RANGE,2
98,Hipogrifo_Fogo,0.3,255.0.0.0.0,0,0,16384,0,0,EF_CLASS,53,EF_RANGE,2
99,Grifo_Sangrento__Fogo,0.3,255.0.0.0.0,0,0,16384,0,0,EF_CLASS,53,EF_RANGE,2
100,NPC_Guard,0.0,0.0.0.0.0,0,0,1,0,0,EF_CLASS,112,EF_RANGE,1
101,NPC_Government,0.0,0.0.0.0.0,0,0,1,0,0,EF_CLASS,105,EF_RANGE,2
102,Kibita,0.0,0.0.0.0.0,0,0,1,0,0,EF_CLASS,158,EF_RANGE,2
103,Kula,0.0,0.0.0.0.0,0,0,1,0,0,EF_CLASS,159,EF_RANGE,2
104,Barbarian,0.0,0.0.0.0.0,0,0,1,0,0,EF_CLASS,160,EF_RANGE,2
105,BlackSmith,0.0,0.0.0.0.0,0,0,1,0,0,EF_CLASS,161,EF_RANGE,1
106,Galford,0.0,0.0.0.0.0,0,0,1,0,0,EF_CLASS,162,EF_RANGE,1
107,NPC7,0.0,0.0.0.0.0,0,0,1,0,0,EF_CLASS,163,EF_RANGE,1
108,Dragão_Armia,0.0,0.0.0.0.0,0,0,1,0,0,EF_CLASS,16,EF_RANGE,1
109,Dragão_Azran,1.0,0.0.0.0.0,0,0,1,0,0,EF_CLASS,16,EF_RANGE,1
110,Null,0.0,0.0.0.0.0,0,0,1,0,0,EF_CLASS,100,EF_RANGE,1
111,Null,0.0,0.0.0.0.0,0,0,1,0,0,EF_CLASS,100,EF_RANGE,1
112,Null,0.0,0.0.0.0.0,0,0,1,0,0,EF_CLASS,100,EF_RANGE,1
113,Null,0.0,0.0.0.0.0,0,0,1,0,0,EF_CLASS,100,EF_RANGE,1
114,Null,0.0,0.0.0.0.0,0,0,1,0,0,EF_CLASS,100,EF_RANGE,1
115,Null,0.0,0.0.0.0.0,0,0,1,0,0,EF_CLASS,100,EF_RANGE,1
116,Null,0.0,0.0.0.0.0,0,0,1,0,0,EF_CLASS,100,EF_RANGE,1
117,Null,0.0,0.0.0.0.0,0,0,1,0,0,EF_CLASS,100,EF_RANGE,1
118,Null,0.0,0.0.0.0.0,0,0,1,0,0,EF_CLASS,100,EF_RANGE,1
119,Null,0.0,0.0.0.0.0,0,0,1,0,0,EF_CLASS,100,EF_RANGE,1
120,Null,0.0,0.0.0.0.0,0,0,1,0,0,EF_CLASS,100,EF_RANGE,1
121,Null,0.0,0.0.0.0.0,0,0,1,0,0,EF_CLASS,100,EF_RANGE,1
122,Null,0.0,0.0.0.0.0,0,0,1,0,0,EF_CLASS,100,EF_RANGE,1
123,Null,0.0,0.0.0.0.0,0,0,1,0,0,EF_CLASS,100,EF_RANGE,1
124,Null,0.0,0.0.0.0.0,0,0,1,0,0,EF_CLASS,100,EF_RANGE,1
125,Null,0.0,0.0.0.0.0,0,0,1,0,0,EF_CLASS,100,EF_RANGE,1
126,Null,0.0,0.0.0.0.0,0,0,1,0,0,EF_CLASS,100,EF_RANGE,1
127,Null,0.0,0.0.0.0.0,0,0,1,0,0,EF_CLASS,100,EF_RANGE,1
128,Null,0.0,0.0.0.0.0,0,0,1,0,0,EF_CLASS,100,EF_RANGE,1
129,Null,0.0,0.0.0.0.0,0,0,1,0,0,EF_CLASS,100,EF_RANGE,1
130,Null,0.0,0.0.0.0.0,0,0,1,0,0,EF_CLASS,100,EF_RANGE,1
131,Null,0.0,0.0.0.0.0,0,0,1,0,0,EF_CLASS,100,EF_RANGE,1
132,Null,0.0,0.0.0.0.0,0,0,1,0,0,EF_CLASS,100,EF_RANGE,1
133,Null,0.0,0.0.0.0.0,0,0,1,0,0,EF_CLASS,100,EF_RANGE,1
134,Null,0.0,0.0.0.0.0,0,0,1,0,0,EF_CLASS,100,EF_RANGE,1
135,Null,0.0,0.0.0.0.0,0,0,1,0,0,EF_CLASS,100,EF_RANGE,1
136,Null,0.0,0.0.0.0.0,0,0,1,0,0,EF_CLASS,100,EF_RANGE,1
137,Null,0.0,0.0.0.0.0,0,0,1,0,0,EF_CLASS,100,EF_RANGE,1
138,Null,0.0,0.0.0.0.0,0,0,1,0,0,EF_CLASS,100,EF_RANGE,1
139,Null,0.0,0.0.0.0.0,0,0,1,0,0,EF_CLASS,100,EF_RANGE,1
140,Null,0.0,0.0.0.0.0,0,0,1,0,0,EF_CLASS,100,EF_RANGE,1
141,Null,0.0,0.0.0.0.0,0,0,1,0,0,EF_CLASS,100,EF_RANGE,1
142,Null,0.0,0.0.0.0.0,0,0,1,0,0,EF_CLASS,100,EF_RANGE,1
143,Null,0.0,0.0.0.0.0,0,0,1,0,0,EF_CLASS,100,EF_RANGE,1
144,Null,0.0,0.0.0.0.0,0,0,1,0,0,EF_CLASS,100,EF_RANGE,1
145,Null,0.0,0.0.0.0.0,0,0,1,0,0,EF_CLASS,100,EF_RANGE,1
146,Null,0.0,0.0.0.0.0,0,0,1,0,0,EF_CLASS,100,EF_RANGE,1
147,Null,0.0,0.0.0.0.0,0,0,1,0,0,EF_CLASS,100,EF_RANGE,1
148,Null,0.0,0.0.0.0.0,0,0,1,0,0,EF_CLASS,100,EF_RANGE,1
149,Zakum_Chefe,0.0,0.0.0.0.0,0,0,1,0,0,EF_CLASS,65,EF_RANGE,2
150,Kargass,0.0,0.0.0.0.0,0,0,1,0,0,EF_CLASS,108,EF_RANGE,2
151,Víbora_I,0.0,0.0.0.0.0,0,0,1,0,0,EF_CLASS,109,EF_RANGE,2
152,Víbora_II,0.1,0.0.0.0.0,0,0,1,0,0,EF_CLASS,109,EF_RANGE,2
153,Víbora_III,0.2,0.0.0.0.0,0,0,1,0,0,EF_CLASS,109,EF_RANGE,2
154,Limpador_de_cadáveres,0.0,0.0.0.0.0,0,0,1,0,0,EF_CLASS,110,EF_RANGE,1
155,Valac,0.0,0.0.0.0.0,0,0,1,0,0,EF_CLASS,111,EF_RANGE,2
156,Esqueleto,0.0,0.0.0.0.0,0,0,1,0,0,EF_CLASS,127,EF_RANGE,2
157,Esqueleto_Guerreiro,0.0,0.0.0.0.0,0,0,1,0,0,EF_CLASS,91,EF_RANGE,2
158,Esqueleto_Arqueiro,0.0,0.0.0.0.0,0,0,1,0,0,EF_CLASS,90,EF_RANGE,2
159,Esqueleto_Chefe,0.0,0.0.0.0.0,0,0,1,0,0,EF_CLASS,126,EF_RANGE,2
160,Bera_Chefe,0.1,0.0.0.0.0,0,0,1,0,0,EF_CLASS,29,EF_RANGE,2
161,Lizard_I,0.0,0.0.0.0.0,0,0,1,0,0,EF_CLASS,113,EF_RANGE,1
162,Lizard_II,1.0,0.0.0.0.0,0,0,1,0,0,EF_CLASS,113,EF_RANGE,1
163,Boar,0.0,0.0.0.0.0,0,0,1,0,0,EF_CLASS,115,EF_RANGE,1
164,Orc_I,0.0,0.0.0.0.0,0,0,1,0,0,EF_CLASS,121,EF_RANGE,1
165,Orc_II,0.0,0.0.0.0.0,0,0,1,0,0,EF_CLASS,122,EF_RANGE,1
166,Orc_III,0.0,0.0.0.0.0,0,0,1,0,0,EF_CLASS,123,EF_RANGE,1
167,Orc_IV,0.0,0.0.0.0.0,0,0,1,0,0,EF_CLASS,124,EF_RANGE,1
168,Orc_V,0.0,0.0.0.0.0,0,0,1,0,0,EF_CLASS,125,EF_RANGE,1
169,Morcego,0.0,0.0.0.0.0,0,0,1,0,0,EF_CLASS,82,EF_RANGE,2
170,Ankalac_Queen,0.0,0.0.0.0.0,0,0,16384,0,0,EF_CLASS,95,EF_RANGE,2
171,Skeleton_Dragon,0.0,0.0.0.0.0,0,0,1,0,0,EF_CLASS,132,EF_RANGE,2
172,Areshe,0.0,0.0.0.0.0,0,0,1,0,0,EF_CLASS,102,EF_RANGE,1
173,Ghost_Knight_King_II,1.0,0.0.0.0.0,0,0,1,0,0,EF_CLASS,131,EF_RANGE,2
174,Ghost_Knight_King_I,0.0,0.0.0.0.0,0,0,1,0,0,EF_CLASS,131,EF_RANGE,2
175,Ghost_Knight_II,1.0,0.0.0.0.0,0,0,1,0,0,EF_CLASS,130,EF_RANGE,2
176,Heretic_Assassin,0.0,0.0.0.0.0,0,0,1,0,0,EF_CLASS,128,EF_RANGE,1
177,Zombie_Heavy,0.0,0.0.0.0.0,0,0,1,0,0,EF_CLASS,104,EF_RANGE,1
178,Devil_Shaman,0.0,0.0.0.0.0,0,0,1,0,0,EF_CLASS,85,EF_RANGE,1
179,Gárgula,0.0,0.0.0.0.0,0,0,1,0,0,EF_CLASS,107,EF_RANGE,4
180,Gárgula_Sombria,0.1,0.0.0.0.0,0,0,1,0,0,EF_CLASS,107,EF_RANGE,4
181,Demon_II,0.0,0.0.0.0.0,0,0,1,0,0,EF_CLASS,134,EF_RANGE,1
182,Arkma_III,0.2,0.0.0.0.0,0,0,1,0,0,EF_CLASS,84,EF_RANGE,2
183,Imp_I,0.0,0.0.0.0.0,0,0,1,0,0,EF_CLASS,135,EF_RANGE,1
184,Imp_III,0.2,0.0.0.0.0,0,0,1,0,0,EF_CLASS,135,EF_RANGE,1
185,Arkma_I,0.0,0.0.0.0.0,0,0,1,0,0,EF_CLASS,84,EF_RANGE,2
186,Arkma_II,0.1,0.0.0.0.0,0,0,1,0,0,EF_CLASS,84,EF_RANGE,2
187,Zombie_Chimera,0.0,0.0.0.0.0,0,0,1,0,0,EF_CLASS,129,EF_RANGE,1
188,Ghost_Knight_I,0.0,0.0.0.0.0,0,0,1,0,0,EF_CLASS,130,EF_RANGE,2
189,Astrad,0.0,0.0.0.0.0,0,0,1,0,0,EF_CLASS,89,EF_RANGE,2
190,Kelgon,0.0,0.0.0.0.0,0,0,1,0,0,EF_CLASS,87,EF_RANGE,2
191,Arkma_III,0.2,0.0.0.0.0,0,0,1,0,0,EF_CLASS,84,EF_RANGE,1
192,Lich_Demoníaco,2.0,0.0.0.0.0,0,0,1,0,0,EF_CLASS,57,EF_RANGE,6
193,Torre_de_Thor,0.0,0.0.0.0.0,0,0,1,0,0,EF_CLASS,44,EF_RANGE,7
194,Escorpião_I,0.0,0.0.0.0.0,0,0,1,0,0,EF_CLASS,100,EF_RANGE,2
195,Escorpião_II,1.0,0.0.0.0.0,0,0,1,0,0,EF_CLASS,100,EF_RANGE,2
196,Zombie_II,0.0,0.0.0.0.0,0,0,1,0,0,EF_CLASS,103,EF_RANGE,2
197,Zombie_III,0.0,0.0.0.0.0,0,0,1,0,0,EF_CLASS,104,EF_RANGE,2
198,Heretic,0.0,0.0.0.0.0,0,0,1,0,0,EF_CLASS,105,EF_RANGE,2
199,Zombie_Dog,0.0,0.0.0.0.0,0,0,1,0,0,EF_CLASS,106,EF_RANGE,2
200,Null,0.0,0.0.0.0.0,0,0,1,0,0,EF_CLASS,100,EF_RANGE,1
201,Null,0.0,0.0.0.0.0,0,0,1,0,0,EF_CLASS,100,EF_RANGE,1
202,Goblin,0.0,0.0.0.0.0,0,0,1,0,0,EF_CLASS,17,EF_RANGE,1
203,Krill,0.0,0.0.0.0.0,0,0,1,0,0,EF_CLASS,18,EF_RANGE,4
204,Chefe_Krill,0.1,0.0.0.0.0,0,0,1,0,0,EF_CLASS,18,EF_RANGE,4
205,Baleia,0.0,0.0.0.0.0,0,0,1,0,0,EF_CLASS,19,EF_RANGE,1
206,Águia,0.0,0.0.0.0.0,0,0,1,0,0,EF_CLASS,20,EF_RANGE,2
207,Cavaleiro_Orc,0.0,0.0.0.0.0,0,0,1,0,0,EF_CLASS,122,EF_RANGE,1
208,Cavaleiro_Orc_2,0.0,0.0.0.0.0,0,0,1,0,0,EF_CLASS,121,EF_RANGE,1
209,Arqueiro_Orc,0.0,0.0.0.0.0,0,0,1,0,0,EF_CLASS,123,EF_RANGE,4
210,Cavaleiro_Orc_B,0.0,0.0.0.0.0,0,0,2,0,0,EF_CLASS,122
211,Arqueiro_Orc_B,0.0,0.0.0.0.0,0,0,2,0,0,EF_CLASS,123
212,Troll_Machado,0.0,0.0.0.0.0,0,0,1,0,0,EF_CLASS,124,EF_RANGE,1
213,Troll_Martelo,0.0,0.0.0.0.0,0,0,1,0,0,EF_CLASS,125,EF_RANGE,1
214,Troll_Machado_B,0.0,0.0.0.0.0,0,0,2,0,0,EF_CLASS,124
215,Troll_Martelo_B,0.0,0.0.0.0.0,0,0,2,0,0,EF_CLASS,124
216,Javali_Selvagem,0.0,0.0.0.0.0,0,0,1,0,0,EF_CLASS,22,EF_RANGE,1
217,Anjo,0.0,0.0.0.0.0,0,0,1,0,0,EF_CLASS,31,EF_RANGE,1
218,Hidra,0.0,0.0.0.0.0,0,0,1,0,0,EF_CLASS,96,EF_RANGE,1
219,Torre_de_Thor,0.0,0.0.0.0.0,0,0,1,0,0,EF_CLASS,44,EF_RANGE,7
220,Força_Lunar,0.0,0.0.0.0.0,0,0,1,0,0,EF_CLASS,45,EF_RANGE,0
221,Serpente_Gigante,0.0,0.0.0.0.0,0,0,1,0,0,EF_CLASS,24,EF_RANGE,1
222,Goblin_Chefe,1.0,0.0.0.0.0,0,0,1,0,0,EF_CLASS,17,EF_RANGE,1
223,Pomba,1.0,0.0.0.0.0,0,0,1,0,0,EF_CLASS,20,EF_RANGE,1
224,Dragão_Dourado,0.0,0.0.0.0.0,0,0,1,0,0,EF_CLASS,16,EF_RANGE,6
225,Javali_de_Guerra,1.0,0.0.0.0.0,0,0,1,0,0,EF_CLASS,22,EF_RANGE,2
226,Lobo,0.0,0.0.0.0.0,0,0,1,0,0,EF_CLASS,27,EF_RANGE,1
227,Urso,0.0,0.0.0.0.0,0,0,1,0,0,EF_CLASS,28,EF_RANGE,2
228,Zumbi,0.0,0.0.0.0.0,0,0,1,0,0,EF_CLASS,20,EF_RANGE,1
229,Chefe_Zumbi,0.1,0.0.0.0.0,0,0,1,0,0,EF_CLASS,20,EF_RANGE,2
230,Carbunkle,0.0,0.0.0.0.0,0,0,1,0,0,EF_CLASS,86,EF_RANGE,4
231,Grande_Carbunkle,0.1,0.0.0.0.0,0,0,1,0,0,EF_CLASS,86,EF_RANGE,4
232,Shamã_Orc,0.0,0.0.0.0.0,0,0,1,0,0,EF_CLASS,29,EF_RANGE,4
233,Ciclope,0.0,0.0.0.0.0,0,0,1,0,0,EF_CLASS,133,EF_RANGE,2
234,Ciclope_Sangrento,0.2,0.0.0.0.0,0,0,1,0,0,EF_CLASS,133,EF_RANGE,2
235,Minotauro,0.0,0.0.0.0.0,0,0,1,0,0,EF_CLASS,30,EF_RANGE,1
236,Taurus_Assustador,0.0,0.0.0.0.0,0,0,1,0,0,EF_CLASS,83,EF_RANGE,2
237,Rei_Taurus,0.1,2.0.0.0.0,0,0,1,0,0,EF_CLASS,30,EF_RANGE,2
238,Argos,3.0,0.0.0.0.0,0,0,1,0,0,EF_CLASS,30,EF_RANGE,2
239,Diablo,2.0,0.0.0.0.0,0,0,1,0,0,EF_CLASS,16,EF_RANGE,6
240,Lagarto_1,4.0,0.0.0.0.0,0,0,1,0,0,EF_CLASS,16,EF_RANGE,2
241,Lagarto_2,4.1,0.0.0.0.0,0,0,1,0,0,EF_CLASS,16,EF_RANGE,2
242,Ciclope_Arqueiro,0.1,0.0.0.0.0,0,0,1,0,0,EF_CLASS,133,EF_RANGE,4
243,Ciclope_Mago,0.1,0.0.0.0.0,0,0,1,0,0,EF_CLASS,133,EF_RANGE,4
244,Tigre_Destruidor,0.0,0.0.0.0.0,0,0,1,0,0,EF_CLASS,117,EF_RANGE,4
245,Gorila_Esmagador,0.0,0.0.0.0.0,0,0,1,0,0,EF_CLASS,32,EF_RANGE,4
246,Astaroth,0.0,0.0.0.0.0,0,0,1,0,0,EF_CLASS,33,EF_RANGE,1
247,Lizard_Chief,0.0,0.0.0.0.0,0,0,1,0,0,EF_CLASS,139,EF_RANGE,1
248,Orc_VI,0.0,0.0.0.0.0,0,0,1,0,0,EF_CLASS,138,EF_RANGE,2
249,Lugefer,0.0,0.0.0.0.0,0,0,1,0,0,EF_CLASS,136,EF_RANGE,2
250,Lugefer_Cav,0.0,0.0.0.0.0,0,0,1,0,0,EF_CLASS,137,EF_RANGE,2
251,Basilísco_II,0.0,0.0.0.0.0,0,0,1,0,0,EF_CLASS,49,EF_RANGE,2
252,Troll_do_Deserto,0.0,0.0.0.0.0,0,0,1,0,0,EF_CLASS,98,EF_RANGE,2
253,Boar_Basilisk_I,0.0,0.0.0.0.0,0,0,1,0,0,EF_CLASS,141,EF_RANGE,2
254,Boar_Basilisk_II,0.1,0.0.0.0.0,0,0,1,0,0,EF_CLASS,140,EF_RANGE,2
255,Baby_Basilisk_II,0.0,0.0.0.0.0,0,0,1,0,0,EF_CLASS,140,EF_RANGE,2
256,Baby_Basilisk_I,0.1,0.0.0.0.0,0,0,1,0,0,EF_CLASS,141,EF_RANGE,2
257,Brave_Basilisk_II,0.1,0.0.0.0.0,0,0,1,0,0,EF_CLASS,142,EF_RANGE,2
258,Brave_Basilisk_II,0.0,0.0.0.0.0,0,0,1,0,0,EF_CLASS,142,EF_RANGE,2
259,Heretic_Zakum,0.3,0.0.0.0.0,0,0,1,0,0,EF_CLASS,105,EF_RANGE,2
260,Null,0.0,0.0.0.0.0,0,0,1,0,0,EF_CLASS,100,EF_RANGE,1
261,Null,0.0,0.0.0.0.0,0,0,1,0,0,EF_CLASS,100,EF_RANGE,1
262,Null,0.0,0.0.0.0.0,0,0,1,0,0,EF_CLASS,100,EF_RANGE,1
263,Null,0.0,0.0.0.0.0,0,0,1,0,0,EF_CLASS,100,EF_RANGE,1
264,Null,0.0,0.0.0.0.0,0,0,1,0,0,EF_CLASS,100,EF_RANGE,1
265,Null,0.0,0.0.0.0.0,0,0,1,0,0,EF_CLASS,100,EF_RANGE,1
266,Null,0.0,0.0.0.0.0,0,0,1,0,0,EF_CLASS,100,EF_RANGE,1
267,Null,0.0,0.0.0.0.0,0,0,1,0,0,EF_CLASS,100,EF_RANGE,1
268,Null,0.0,0.0.0.0.0,0,0,1,0,0,EF_CLASS,100,EF_RANGE,1
269,Null,0.0,0.0.0.0.0,0,0,1,0,0,EF_CLASS,100,EF_RANGE,1
270,Null,0.0,0.0.0.0.0,0,0,1,0,0,EF_CLASS,100,EF_RANGE,1
271,Null,0.0,0.0.0.0.0,0,0,1,0,0,EF_CLASS,100,EF_RANGE,1
272,Null,0.0,0.0.0.0.0,0,0,1,0,0,EF_CLASS,100,EF_RANGE,1
273,Null,0.0,0.0.0.0.0,0,0,1,0,0,EF_CLASS,100,EF_RANGE,1
274,Null,0.0,0.0.0.0.0,0,0,1,0,0,EF_CLASS,100,EF_RANGE,1
275,Null,0.0,0.0.0.0.0,0,0,1,0,0,EF_CLASS,100,EF_RANGE,1
276,Null,0.0,0.0.0.0.0,0,0,1,0,0,EF_CLASS,100,EF_RANGE,1
277,Null,0.0,0.0.0.0.0,0,0,1,0,0,EF_CLASS,100,EF_RANGE,1
278,Null,0.0,0.0.0.0.0,0,0,1,0,0,EF_CLASS,100,EF_RANGE,1
279,Null,0.0,0.0.0.0.0,0,0,1,0,0,EF_CLASS,100,EF_RANGE,1
280,Null,0.0,0.0.0.0.0,0,0,1,0,0,EF_CLASS,100,EF_RANGE,1
281,Null,0.0,0.0.0.0.0,0,0,1,0,0,EF_CLASS,100,EF_RANGE,1
282,Null,0.0,0.0.0.0.0,0,0,1,0,0,EF_CLASS,100,EF_RANGE,1
283,Null,0.0,0.0.0.0.0,0,0,1,0,0,EF_CLASS,100,EF_RANGE,1
284,Null,0.0,0.0.0.0.0,0,0,1,0,0,EF_CLASS,100,EF_RANGE,1
285,Null,0.0,0.0.0.0.0,0,0,1,0,0,EF_CLASS,100,EF_RANGE,1
286,Null,0.0,0.0.0.0.0,0,0,1,0,0,EF_CLASS,100,EF_RANGE,1
287,Null,0.0,0.0.0.0.0,0,0,1,0,0,EF_CLASS,100,EF_RANGE,1
288,Null,0.0,0.0.0.0.0,0,0,1,0,0,EF_CLASS,100,EF_RANGE,1
289,Null,0.0,0.0.0.0.0,0,0,1,0,0,EF_CLASS,100,EF_RANGE,1
290,Null,0.0,0.0.0.0.0,0,0,1,0,0,EF_CLASS,100,EF_RANGE,1
291,Cão_Zumbi,0.0,0.0.0.0.0,0,0,1,0,0,EF_CLASS,106,EF_RANGE,1
292,Morcego,2.0,0.0.0.0.0,0,0,1,0,0,EF_CLASS,20,EF_RANGE,2
293,Dragão_Lich,6.0,0.0.0.0.0,0,0,1,0,0,EF_CLASS,16,EF_RANGE,6
294,Demônio,4.0,0.0.0.0.0,0,0,1,0,0,EF_CLASS,30,EF_RANGE,2
295,Demônio_Chefe,1.0,0.0.0.0.0,0,0,1,0,0,EF_CLASS,33,EF_RANGE,4
296,Troll_Zumbi,0.0,0.0.0.0.0,0,0,1,0,0,EF_CLASS,94,EF_RANGE,2
297,Golem,0.0,2.0.0.0.0,0,0,1,0,0,EF_CLASS,88,EF_RANGE,2
298,Golem_Chefe,0.1,2.0.0.0.0,0,0,1,0,0,EF_CLASS,88,EF_RANGE,2
299,Lobo,0.0,0.0.0.0.0,0,0,1,0,0,EF_CLASS,27,EF_RANGE,2
300,Dragão_Menor,7.0,0.0.0.0.0,0,0,1,0,0,EF_CLASS,16,EF_RANGE,2
301,Null,0.0,0.0.0.0.0,0,0,1,0,0,EF_CLASS,100,EF_RANGE,1
302,Titã,14.0,0.0.0.0.0,0,0,1,0,0,EF_CLASS,40,EF_RANGE,6
303,Rei_Azul,15.0,0.0.0.0.0,0,0,1,0,0,EF_CLASS,1,EF_RANGE,1
304,Rei_Rubro,16.0,0.0.0.0.0,0,0,1,0,0,EF_CLASS,1,EF_RANGE,1
305,Guarda_Rubro,18.0,0.0.0.0.0,0,0,1,0,0,EF_CLASS,1,EF_RANGE,1
306,Troll_Morto_Vivo,12.0,0.0.0.0.0,0,0,1,0,0,EF_CLASS,25,EF_RANGE,2
307,Dragão_Negro,0.1,0.0.0.0.0,0,0,1,0,4,EF_CLASS,16,EF_RANGE,6
309,Aquagolem,0.2,2.0.0.0.0,0,0,1,0,0,EF_CLASS,88,EF_RANGE,2
310,Gárgula_de_Fogo,0.2,0.0.0.0.0,0,0,1,0,0,EF_CLASS,107,EF_RANGE,4
311,Null,0.0,0.0.0.0.0,0,0,1,0,0,EF_CLASS,100,EF_RANGE,1
312,Lagarto,0.0,0.0.0.0.0,0,0,1,0,0,EF_CLASS,113,EF_RANGE,2
313,Pássaro_Troll_2,14.0,0.0.0.0.0,0,0,1,0,0,EF_CLASS,25,EF_RANGE,2
314,Pássaro_Troll_3,0.0,0.0.0.0.0,0,0,1,0,0,EF_CLASS,99,EF_RANGE,2
315,Aranha,0.0,0.0.0.0.0,0,0,16384,0,0,EF_CLASS,120,EF_RANGE,2
316,Javali,0.0,60.0.0.0.0,0,0,16384,0,0,EF_CLASS,115,EF_RANGE,2
317,Lobo,0.0,80.0.0.0.0,0,0,16384,0,0,EF_CLASS,27,EF_RANGE,2
318,Rinoceronte,0.0,80.0.0.0.0,0,0,16384,0,0,EF_CLASS,118,EF_RANGE,2
319,Urso,0.0,100.0.0.0.0,0,0,16384,0,0,EF_CLASS,28,EF_RANGE,2
320,Dente_de_Sabre,0.0,115.0.0.0.0,0,0,16384,0,0,EF_CLASS,117,EF_RANGE,2
321,Hrimfaxi,18.0,219.0.0.0.0,0,0,16384,0,0,EF_CLASS,43,EF_RANGE,2
322,Cavalo_Fantasm_N,0.0,145.0.0.0.0,0,0,16384,0,0,EF_CLASS,43,EF_RANGE,2
323,Cavalo_Leve_N,0.0,160.0.0.0.0,0,0,16384,0,0,EF_CLASS,43,EF_RANGE,2
324,Cavalo_Equip_N,0.0,175.0.0.0.0,0,0,16384,0,0,EF_CLASS,43,EF_RANGE,2
325,Andaluz_N,0.0,200.0.0.0.0,0,0,16384,0,0,EF_CLASS,43,EF_RANGE,2
326,Skinfaxi,20.0,130.0.0.0.0,0,0,16384,0,0,EF_CLASS,43,EF_RANGE,2
327,Cavalo_Fantasm_B,0.1,145.0.0.0.0,0,0,16384,0,0,EF_CLASS,43,EF_RANGE,2
328,Cavalo_Leve_B,0.1,160.0.0.0.0,0,0,16384,0,0,EF_CLASS,43,EF_RANGE,2
329,Cavalo_Equip_B,0.1,175.0.0.0.0,0,0,16384,0,0,EF_CLASS,43,EF_RANGE,2
330,Andaluz_B,0.1,200.0.0.0.0,0,0,16384,0,0,EF_CLASS,43,EF_RANGE,2
331,Fenrir,0.0,200.0.0.0.0,0,0,16384,0,0,EF_CLASS,119,EF_RANGE,2
332,Dragão,0.1,200.0.0.0.0,0,0,16384,0,0,EF_CLASS,16,EF_RANGE,5
333,Cérberus,0.0,200.0.0.0.0,0,0,16384,0,0,EF_CLASS,114,EF_RANGE,2
334,Tigre_de_Fogo,0.0,255.0.0.0.0,0,0,16384,0,0,EF_CLASS,51,EF_RANGE,2
335,Dragão_Vermelho,0.0,255.0.0.0.0,0,0,16384,0,0,EF_CLASS,52,EF_RANGE,5
336,Unicórnio,6.0,219.0.0.0.0,0,0,16384,0,0,EF_CLASS,43,EF_RANGE,2
337,Pégasus,0.0,219.0.0.0.0,0,0,16384,0,0,EF_CLASS,80,EF_RANGE,2
338,Unisus,6.0,219.0.0.0.0,0,0,16384,0,0,EF_CLASS,43,EF_RANGE,2
339,Grifo,0.0,255.0.0.0.0,0,0,16384,0,0,EF_CLASS,53,EF_RANGE,2
340,Hipogrifo,0.0,255.0.0.0.0,0,0,16384,0,0,EF_CLASS,53,EF_RANGE,2
341,Grifo_Sangrento,0.0,255.0.0.0.0,0,0,16384,0,0,EF_CLASS,53,EF_RANGE,2
342,Shire,7.0,0.0.0.0.0,0,0,16384,0,0,EF_CLASS,43,EF_RANGE,2
343,Thoroughbred,7.0,0.0.0.0.0,0,0,16384,0,0,EF_CLASS,43,EF_RANGE,2
344,Klazedale,7.0,0.0.0.0.0,0,0,16384,0,0,EF_CLASS,43,EF_RANGE,2
345,Gullfaxi,7.0,0.0.0.0.0,0,0,16384,0,0,EF_CLASS,43,EF_RANGE,2
346,Fênix,0.0,219.0.0.0.0,0,0,16384,0,0,EF_CLASS,76,EF_RANGE,2
347,BerialSuhoja_Face,17.0,0.0.0.0.0,0,0,1,0,0,EF_CLASS,67,EF_RANGE,7
348,tteok,0.0,0.0.0.0.0,0,0,1,0,0,EF_CLASS,68,EF_RANGE,4
351,Treant,0.0,0.0.0.0.0,0,0,1,0,0,EF_CLASS,46,EF_RANGE,2
352,Aranha_Infernal,0.0,0.0.0.0.0,0,0,1,0,0,EF_CLASS,47,EF_RANGE,2
353,Tarântula,0.1,0.0.0.0.0,0,0,1,0,0,EF_CLASS,47,EF_RANGE,2
354,Mantícora,0.0,0.0.0.0.0,0,0,1,0,0,EF_CLASS,48,EF_RANGE,2
355,Basilísco_I,0.1,0.0.0.0.0,0,0,1,0,0,EF_CLASS,49,EF_RANGE,2
356,Carbunkle_Noel,2.0,0.0.0.0.0,0,0,1,0,0,EF_CLASS,29,EF_RANGE,2
357,Torre_Guardiã,0.0,0.0.0.0.0,0,0,1,0,0,EF_CLASS,44,EF_RANGE,7
358,Vinha,0.0,0.0.0.0.0,0,0,1,0,0,EF_CLASS,50,EF_RANGE,0
359,Escorpião_II,1.0,0.0.0.0.0,0,0,1,0,0,EF_CLASS,100,EF_RANGE,2
360,Viper,0.0,0.0.0.0.0,0,0,1,0,0,EF_CLASS,109,EF_RANGE,2
361,Viper,0.1,0.0.0.0.0,0,0,1,0,0,EF_CLASS,109,EF_RANGE,2
362,Viper_King,0.0,0.0.0.0.0,0,0,1,0,0,EF_CLASS,155,EF_RANGE,2
363,Viper_King_II,0.2,0.0.0.0.0,0,0,1,0,0,EF_CLASS,155,EF_RANGE,2
364,Pharaoh_Serv,0.0,0.0.0.0.0,0,0,1,0,0,EF_CLASS,156,EF_RANGE,2
365,Viper_King_III,0.2,0.0.0.0.0,0,0,1,0,0,EF_CLASS,155,EF_RANGE,2
366,Escorpião_III,1.1,0.0.0.0.0,0,0,1,0,0,EF_CLASS,100,EF_RANGE,2
367,Viper_King_II,0.1,0.0.0.0.0,0,0,1,0,0,EF_CLASS,155,EF_RANGE,2
368,Lich,0.0,0.0.0.0.0,0,0,1,0,0,EF_CLASS,57,EF_RANGE,2
369,Pharaoh_King,1.0,0.0.0.0.0,0,0,1,0,0,EF_CLASS,156,EF_RANGE,2
370,Scorpion_King,0.0,0.0.0.0.0,0,0,1,0,0,EF_CLASS,157,EF_RANGE,2
371,Lich_Vat,0.1,0.0.0.0.0,0,0,1,0,0,EF_CLASS,57,EF_RANGE,2
372,Urso_Polar,0.1,0.0.0.0.0,0,0,1,0,0,EF_CLASS,28,EF_RANGE,2
373,Lobo_Polar,0.1,0.0.0.0.0,0,0,1,0,0,EF_CLASS,27,EF_RANGE,2
374,Ent_Ancião,0.1,0.0.0.0.0,0,0,1,0,0,EF_CLASS,46,EF_RANGE,2
375,Behemoth,0.0,0.0.0.0.0,0,0,1,0,0,EF_CLASS,101,EF_RANGE,2
376,Klt_Masc,0.0,0.0.0.0.0,0,0,1,0,0,EF_CLASS,153,EF_RANGE,2
377,Klt_Fem,0.0,0.0.0.0.0,0,0,1,0,0,EF_CLASS,154,EF_RANGE,2
378,Harpy_King,0.0,0.0.0.0.0,0,0,1,0,0,EF_CLASS,152,EF_RANGE,2
379,Harpy_Rosen,0.0,0.0.0.0.0,0,0,1,0,0,EF_CLASS,151,EF_RANGE,2
380,Harpy_Tina,0.1,0.0.0.0.0,0,0,1,0,0,EF_CLASS,151,EF_RANGE,2
381,Diamond_Troll,0.0,0.0.0.0.0,0,0,1,0,0,EF_CLASS,145,EF_RANGE,2
382,Dark_Shadow,0.0,0.0.0.0.0,0,0,1,0,0,EF_CLASS,146,EF_RANGE,2
383,Ice_Mage,0.0,0.0.0.0.0,0,0,1,0,0,EF_CLASS,147,EF_RANGE,2
384,Ice_Golem,0.0,0.0.0.0.0,0,0,1,0,0,EF_CLASS,149,EF_RANGE,2
385,Ice_Golem_Warrior,0.0,0.0.0.0.0,0,0,1,0,0,EF_CLASS,148,EF_RANGE,2
386,Ice_Golem_Chief,0.0,0.0.0.0.0,0,0,1,0,0,EF_CLASS,150,EF_RANGE,2
387,Snow_Queen,0.0,0.0.0.0.0,0,0,1,0,0,EF_CLASS,79,EF_RANGE,2
388,Troll_de_Gelo,0.0,0.0.0.0.0,0,0,1,0,0,EF_CLASS,144,EF_RANGE,2
389,Mamute,0.0,0.0.0.0.0,0,0,1,0,0,EF_CLASS,143,EF_RANGE,2
390,Templário_Amaldiçoado,260.0,0.0.0.0.0,0,0,1,0,0,EF_CLASS,1,EF_RANGE,3
391,Mago_Amaldiçoado,260.0,0.0.0.0.0,0,0,1,0,0,EF_CLASS,2,EF_RANGE,4
392,Shamã_Amaldiçoado,260.0,0.0.0.0.0,0,0,1,0,0,EF_CLASS,4,EF_RANGE,4
393,Ranger_Amaldiçoado,260.0,0.0.0.0.0,0,0,1,0,0,EF_CLASS,8,EF_RANGE,4
394,Kefra,0.0,0.0.0.0.0,0,0,1,0,0,EF_CLASS,56,EF_RANGE,7
395,Null,0.0,0.0.0.0.0,0,0,1,0,0,EF_CLASS,100,EF_RANGE,1
396,Succubus,2.0,0.0.0.0.0,0,0,1,0,0,EF_CLASS,62,EF_RANGE,3
397,Balrog,0.0,0.0.0.0.0,0,0,1,0,0,EF_CLASS,64,EF_RANGE,7
398,Bloqueio,2889.0,0.0.0.0.0,0,0,1,0,0,EF_CLASS,64,EF_RANGE,7
399,Legend_Berial,0.0,0.0.0.0.0,0,0,1,0,0,EF_CLASS,66,EF_RANGE,7
400,Poção_de_Cura,53.0,0.0.0.0.0,0,150,0,0,0,EF_CLASS,255,EF_VOLATILE,1,EF_HP,50
401,Poção_de_Cura_M.,54.0,0.0.0.0.0,0,400,0,0,0,EF_CLASS,255,EF_VOLATILE,1,EF_HP,200
402,Poção_de_Cura_G.,54.0,0.0.0.0.0,0,800,0,0,0,EF_CLASS,255,EF_VOLATILE,1,EF_HP,300
403,Poção_de_Cura_XG,55.0,0.0.0.0.0,0,10000,0,0,0,EF_CLASS,255,EF_VOLATILE,1,EF_HP,400
404,Ultra_Poção_de_Cura,55.0,0.0.0.0.0,0,20000,0,0,0,EF_CLASS,255,EF_VOLATILE,1,EF_HP,500
405,Poção_de_Mana,56.0,0.0.0.0.0,0,200,0,0,0,EF_CLASS,255,EF_VOLATILE,1,EF_MP,50
406,Poção_de_Cura_M.,57.0,0.0.0.0.0,0,400,0,0,0,EF_CLASS,255,EF_VOLATILE,1,EF_MP,200
407,Poção_de_Mana_G.,57.0,0.0.0.0.0,0,800,0,0,0,EF_CLASS,255,EF_VOLATILE,1,EF_MP,300
408,Poção_de_Mana_XG,58.0,0.0.0.0.0,0,10000,0,0,0,EF_CLASS,255,EF_VOLATILE,1,EF_MP,400
409,Ultra_Poção_de_Mana,58.0,0.0.0.0.0,0,20000,0,0,0,EF_CLASS,255,EF_VOLATILE,1,EF_MP,500
410,Pergaminho_Retorno,72.0,0.0.0.0.0,0,2500,0,0,0,EF_GRID,0,EF_VOLATILE,11
411,Pergaminho_Retorno_10x,72.0,0.0.0.0.0,0,25000,0,0,0,EF_GRID,0,EF_VOLATILE,11,EF_AMOUNT,10
412,Poeira_de_Oriharucon,61.0,0.0.0.0.0,0,1000000,0,0,0,EF_VOLATILE,4,EF_GRID,0
413,Poeira_de_Lactolerium,62.0,0.0.0.0.0,0,900,0,0,0,EF_VOLATILE,5,EF_GRID,0
414,Poeira_de_Fada,78.0,0.0.0.0.0,0,5000,0,0,0,EF_VOLATILE,7,EF_GRID,0
415,Ervas_de_Cura,79.0,0.0.0.0.0,0,45000,0,0,0,EF_CLASS,255,EF_VOLATILE,243
416,Antídoto,80.0,0.0.0.0.0,0,196000,0,0,0,EF_VOLATILE,10,EF_GRID,0,EF_AMOUNT,5
417,Adelas,81.0,0.0.0.0.0,0,0,0,0,0,EF_VOLATILE,0,EF_GRID,0
418,Símbolo_do_Caron,97.0,0.0.0.0.0,0,0,0,0,0,EF_GRID,0
419,Resto_de_Oriharucon,917.0,0.0.0.0.0,0,6800000,0,0,0
420,Resto_de_Lactolerium,918.0,0.0.0.0.0,0,8000000,0,0,0
421,Cristal_I,82.0,0.0.0.0.0,0,300000,0,0,0
422,Cristal_II,82.0,0.0.0.0.0,0,300000,0,0,0
423,Cristal_III,82.0,0.0.0.0.0,0,300000,0,0,0
424,Cristal_IV,82.0,0.0.0.0.0,0,300000,0,0,0
425,Cristal_V,82.0,0.0.0.0.0,0,300000,0,0,0
426,Cristal_VI,82.0,0.0.0.0.0,0,300000,0,0,0
427,Cristal_VII,82.0,0.0.0.0.0,0,300000,0,0,0
428,Kit_de_Cura_(5_M.),83.0,0.0.0.0.0,0,3000,0,0,0,EF_CLASS,255,EF_VOLATILE,1,EF_HP,200,EF_AMOUNT,5
429,Kit_de_Cura_(10_M.),84.0,0.0.0.0.0,0,6000,0,0,0,EF_CLASS,255,EF_VOLATILE,1,EF_HP,200,EF_AMOUNT,10,EF_GRID,0
430,Kit_de_Cura_(5_XG.),85.0,0.0.0.0.0,0,9000,0,0,0,EF_CLASS,255,EF_VOLATILE,1,EF_HP,500,EF_AMOUNT,5
431,Kit_de_Cura_(10_XG.),86.0,0.0.0.0.0,0,180000,0,0,0,EF_CLASS,255,EF_VOLATILE,1,EF_HP,500,EF_AMOUNT,10,EF_GRID,0
432,Kit_de_Mana_(5_M.),87.0,0.0.0.0.0,0,3000,0,0,0,EF_CLASS,255,EF_VOLATILE,1,EF_MP,200,EF_AMOUNT,5
433,Kit_de_Mana_(10_M.),88.0,0.0.0.0.0,0,6000,0,0,0,EF_CLASS,255,EF_VOLATILE,1,EF_MP,200,EF_AMOUNT,10,EF_GRID,0
434,Kit_de_Mana_(5_XG.),89.0,0.0.0.0.0,0,9000,0,0,0,EF_CLASS,255,EF_VOLATILE,1,EF_MP,500,EF_AMOUNT,5
435,Kit_de_Mana_(10_XG.),90.0,0.0.0.0.0,0,180000,0,0,0,EF_CLASS,255,EF_VOLATILE,1,EF_MP,500,EF_AMOUNT,10,EF_GRID,0
436,Contrato(Cavaleiro),511.0,0.0.0.0.0,0,500000,0,0,0,EF_GRID,0,EF_VOLATILE,41
437,Contrato(Arqueiro),512.0,0.0.0.0.0,0,500000,0,0,0,EF_GRID,0,EF_VOLATILE,42
438,Contrato(Mago),513.0,0.0.0.0.0,0,500000,0,0,0,EF_GRID,0,EF_VOLATILE,43
439,Contrato(Cavaleiro),511.0,0.0.0.0.0,0,500000,0,0,0,EF_GRID,0,EF_VOLATILE,46
440,Contrato(Arqueiro),512.0,0.0.0.0.0,0,500000,0,0,0,EF_GRID,0,EF_VOLATILE,47
441,Contrato(Mago),513.0,0.0.0.0.0,0,500000,0,0,0,EF_GRID,0,EF_VOLATILE,48
446,Pergaminho_de_Guilda,727.0,0.0.0.0.0,0,3000000,0,0,0,EF_GRID,0,EF_VOLATILE,17
447,Pedaço_do_Círculo_Divino,99.0,0.0.0.0.0,0,40000,8192,0,0,EF_CLASS,255
448,Círculo_Divino_Puro,100.0,0.0.0.0.0,0,4040000,8192,0,0,EF_CLASS,255,EF_INIT1,1
449,Círculo_Divino_Puro,100.0,0.0.0.0.0,0,4040000,8192,0,0,EF_CLASS,255,EF_INIT2,2
450,Círculo_Divino_Puro,100.0,0.0.0.0.0,0,4040000,8192,0,0,EF_CLASS,255,EF_INIT3,3
451,Chave_da_Primeira_Porta,60.0,0.0.0.0.0,0,0,0,0,0,EF_CLASS,255,EF_VOLATILE,3,EF_KEYID,2
452,Chave_da_Segunda_Porta,60.0,0.0.0.0.0,0,0,0,0,0,EF_CLASS,255,EF_VOLATILE,3,EF_KEYID,3
453,Chave_da_Ultima_Porta,60.0,0.0.0.0.0,0,0,0,0,0,EF_CLASS,255,EF_VOLATILE,3,EF_KEYID,4
454,Moeda_de_Ouro_1,50.0,0.0.0.0.0,0,0,0,0,0,EF_CLASS,255,EF_VOLATILE,2
455,Moeda_de_Ouro_2,51.0,0.0.0.0.0,0,0,0,0,0,EF_CLASS,255,EF_VOLATILE,2
456,Moeda_de_Ouro_3,52.0,0.0.0.0.0,0,0,0,0,0,EF_CLASS,255,EF_VOLATILE,2
457,Portão_do_Sul,121.0,0.0.0.0.0,0,0,0,0,0,EF_CLASS,255,EF_GROUND,2,EF_KEYID,1
458,Primeira_Porta,480.0,0.0.0.0.0,0,0,0,0,0,EF_CLASS,255,EF_GROUND,1,EF_KEYID,2
459,Segunda_Porta,136.0,0.0.0.0.0,0,0,0,0,0,EF_CLASS,255,EF_GROUND,1,EF_KEYID,3
461,Última_Porta,121.0,0.0.0.0.0,0,0,0,0,0,EF_CLASS,255,EF_GROUND,2,EF_KEYID,4
462,Portão_Orc_Sul,121.0,0.0.0.0.0,0,0,0,0,0,EF_CLASS,255,EF_GROUND,2,EF_KEYID,5
463,Portão_Orc_Leste,121.0,0.0.0.0.0,0,0,0,0,0,EF_CLASS,255,EF_GROUND,2,EF_KEYID,6
464,Último_Portão_Orc_Sul,121.0,0.0.0.0.0,0,0,0,0,0,EF_CLASS,1,EF_GROUND,2,EF_KEYID,7
465,Chave_Portão_Orc_Sul,60.0,0.0.0.0.0,0,0,0,0,0,EF_CLASS,255,EF_VOLATILE,3,EF_KEYID,5
466,Chave_Portão_Orc_Leste,60.0,0.0.0.0.0,0,0,0,0,0,EF_CLASS,255,EF_VOLATILE,3,EF_KEYID,6
467,Última_Chave_Orc,60.0,0.0.0.0.0,0,0,0,0,0,EF_CLASS,255,EF_VOLATILE,3,EF_KEYID,7
468,Último_Portão_Orc_Leste,121.0,0.0.0.0.0,0,0,0,0,0,EF_CLASS,1,EF_GROUND,2,EF_KEYID,8
469,Última_Chave_Orc_Leste,60.0,0.0.0.0.0,0,0,0,0,0,EF_CLASS,255,EF_VOLATILE,3,EF_KEYID,8
470,Pilula_do_Poder_Mágico,67.0,0.0.0.0.0,0,0,0,0,0,EF_CLASS,255,EF_VOLATILE,6,EF_QUEST,1
471,Entrada_de_Guilda,148.0,0.0.0.0.0,0,0,0,0,0,EF_CLASS,255,EF_GROUND,5,EF_KEYID,9
472,Janela,141.0,0.0.0.0.0,0,0,0,0,0,EF_CLASS,255,EF_GROUND,3,EF_KEYID,9
473,Presente_Natalino_I,45.0,0.0.0.0.0,0,0,0,0,0
474,Presente_Natalino_II,45.0,0.0.0.0.0,0,0,0,0,0
475,Presente_Natalino_III,45.0,0.0.0.0.0,0,75,0,0,0
476,Presente_Natalino_IV,45.0,0.0.0.0.0,0,250,0,0,0
477,Presente_Natalino_V,45.0,0.0.0.0.0,0,0,0,0,0
478,Presente_de_Natal,45.0,0.0.0.0.0,0,0,0,0,0
479,Abobora_Real,45.0,0.0.0.0.0,0,0,0,0,0
480,Coracao_de_Alcacuz,735.0,0.0.0.0.0,0,0,0,0,0
481,Lapide_Antiga,67.0,0.0.0.0.0,0,0,0,0,0
482,Teia_de_Aranha,67.0,0.0.0.0.0,0,0,0,0,0
483,Baú_do_Tesouro_V,45.0,0.0.0.0.0,0,0,0,0,0
484,Baú_do_Tesouro_VI,45.0,0.0.0.0.0,0,0,0,0,0
485,Baú_do_Tesouro_VII,45.0,0.0.0.0.0,0,0,0,0,0
486,Baú_do_Tesouro_Raro,45.0,0.0.0.0.0,0,0,0,0,0
487,Baú_do_Tesouro_VIII,45.0,0.0.0.0.0,0,0,0,0,0
488,Baú_do_Tesouro_IX,45.0,0.0.0.0.0,0,0,0,0,0
489,Baú_do_Tesouro_X,45.0,0.0.0.0.0,0,0,0,0,0
490,Emblema_de_Batalha(I),494.0,0.0.0.0.0,0,0,0,0,0,EF_CLASS,255
491,Emblema_de_Batalha(Av),495.0,0.0.0.0.0,0,0,0,0,0,EF_CLASS,255
492,Emblema_de_Batalha(E),496.0,0.0.0.0.0,0,0,0,0,0,EF_CLASS,255
496,Pão_5_Unidades,2714.0,0.0.0.0.0,0,2500,0,0,0,EF_CLASS,255,EF_VOLATILE,60,EF_AMOUNT,5
497,Salsicha_5_Unidades,2712.0,99.0.0.0.0,0,7500,0,0,0,EF_CLASS,255,EF_VOLATILE,61,EF_AMOUNT,5
498,Carne_5_Unidades,2713.0,255.0.0.0.0,0,25000,0,0,0,EF_CLASS,255,EF_VOLATILE,62,EF_AMOUNT,5
499,Comida,83.0,0.0.0.0.0,0,3000,0,0,0,EF_CLASS,255,EF_VOLATILE,1,EF_AMOUNT,5
500,Comida,83.0,0.0.0.0.0,0,3000,0,0,0,EF_CLASS,255,EF_VOLATILE,1,EF_AMOUNT,5
501,Anel_de_Hercules,70.0,34.0.0.0.0,0,15000,256,0,0,EF_CLASS,255,EF_DAMAGE,10,EF_ITEMGRADE,1
502,Anel_de_Athena,70.0,36.0.0.0.0,0,13000,256,0,0,EF_CLASS,255,EF_MPADD,10,EF_ITEMGRADE,1
503,Anel_de_Titã,70.0,34.0.0.0.0,0,14000,256,0,0,EF_CLASS,255,EF_HPADD,10,EF_ITEMGRADE,1
504,Anel_de_Gaia,70.0,36.0.0.0.0,0,20000,256,0,0,EF_CLASS,255,EF_REGENHP,3,EF_REGENMP,3,EF_ITEMGRADE,1
505,Anel_de_Zeus,70.0,34.0.0.0.0,0,12000,256,0,0,EF_CLASS,255,EF_ATTSPEED,1,EF_ITEMGRADE,1
506,Anel_de_Hecate,70.0,36.0.0.0.0,0,18000,256,0,0,EF_CLASS,255,EF_INT,8,EF_ITEMGRADE,1
507,Bracelete_de_Hercules,96.0,88.0.0.0.0,0,78000,256,0,0,EF_CLASS,255,EF_DAMAGE,20,EF_ITEMGRADE,1
508,Medalha_da_Guilda,76.0,0.0.0.0.0,0,4000000,4096,0,0,EF_CLASS,255
509,Medalha_do_Guilda_Mestre,75.0,0.0.0.0.0,0,100000000,4096,0,0,EF_CLASS,255
510,Bracelete_de_Athena,96.0,88.0.0.0.0,0,73000,256,0,0,EF_CLASS,255,EF_MPADD,13,EF_ITEMGRADE,2
511,Bracelete_de_Titã,96.0,89.0.0.0.0,0,78000,256,0,0,EF_CLASS,255,EF_HPADD,13,EF_ITEMGRADE,2
512,Bracelete_de_Gaia,96.0,89.0.0.0.0,0,78000,256,0,0,EF_CLASS,255,EF_REGENHP,5,EF_REGENMP,5,EF_ITEMGRADE,2
513,Bracelete_de_Zeus,96.0,89.0.0.0.0,0,73000,256,0,0,EF_CLASS,255,EF_ATTSPEED,15,EF_ITEMGRADE,2
514,Bracelete_de_Hecate,96.0,88.0.0.0.0,0,73000,256,0,0,EF_CLASS,255,EF_MAGIC,6,EF_ITEMGRADE,2
515,Bracelete,71.0,0.0.0.0.0,0,0,0,0,0
516,Pingente_de_Athena,96.0,115.0.0.0.0,0,73000,256,0,0,EF_CLASS,255,EF_MPADD,15,EF_ITEMGRADE,3
517,Pingente_de_Titã,96.0,116.0.0.0.0,0,78000,256,0,0,EF_CLASS,255,EF_HPADD,15,EF_ITEMGRADE,3
518,Pingente_de_Gaia,96.0,116.0.0.0.0,0,78000,256,0,0,EF_CLASS,255,EF_REGENHP,7,EF_REGENMP,7,EF_ITEMGRADE,3
519,Pingente_de_Zeus,96.0,116.0.0.0.0,0,73000,256,0,0,EF_CLASS,255,EF_ATTSPEED,18,EF_ITEMGRADE,3
520,Pingente_de_Hecate,96.0,115.0.0.0.0,0,73000,256,0,0,EF_CLASS,255,EF_MAGIC,8,EF_ITEMGRADE,3
521,Pingente_de_Hércules,96.0,115.0.0.0.0,0,78000,256,0,0,EF_CLASS,255,EF_DAMAGE,35,EF_ITEMGRADE,3
522,Medalha_do_Reino,75.0,0.0.0.0.0,0,42000000,4096,0,0,EF_CLASS,255
523,Anel_Branco_de_Amante,15.0,0.0.0.0.0,0,1000000,256,0,0,EF_CLASS,255,EF_MP,60,EF_HP,60,EF_AC,20,EF_ITEMGRADE,3
524,Emblema_Orc,22.0,0.0.0.0.0,0,0,0,0,0,EF_CLASS,255
525,Olho_Crescente,78.0,0.0.0.0.0,0,0,0,0,0,EF_VOLATILE,8,EF_GRID,0
526,Medalha_do_Vice_Lider_1,76.0,0.0.0.0.0,0,50000000,4096,0,0,EF_CLASS,255
527,Medalha_do_Vice_Lider_2,76.0,0.0.0.0.0,0,50000000,4096,0,0,EF_CLASS,255
528,Medalha_do_Vice_Lider_3,76.0,0.0.0.0.0,0,50000000,4096,0,0,EF_CLASS,255
529,Medalha_do_Capitão_1,75.0,0.0.0.0.0,0,84000000,4096,0,0,EF_CLASS,255
530,Medalha_do_Capitão_2,75.0,0.0.0.0.0,0,84000000,4096,0,0,EF_CLASS,255
531,Medalha_do_Capitão_3,75.0,0.0.0.0.0,0,84000000,4096,0,0,EF_CLASS,255
532,Símbolo_de_Guilda_1,76.0,0.0.0.0.0,0,1000000,4096,0,0,EF_CLASS,255
533,Símbolo_de_Guilda_2,76.0,0.0.0.0.0,0,1000000,4096,0,0,EF_CLASS,255
534,Símbolo_de_Guilda_3,76.0,0.0.0.0.0,0,1000000,4096,0,0,EF_CLASS,255
535,Símbolo_do_Reino_1,75.0,0.0.0.0.0,0,42000000,4096,0,0,EF_CLASS,255
536,Símbolo_do_Reino_2,75.0,0.0.0.0.0,0,42000000,4096,0,0,EF_CLASS,255
537,Símbolo_do_Reino_3,75.0,0.0.0.0.0,0,42000000,4096,0,0,EF_CLASS,255
538,Medalha_de_Cidadania,76.0,0.0.0.0.0,0,0,4096,0,0,EF_CLASS,255
540,Pedra_Espiritual,26.0,255.0.0.0.0,0,500000,3840,0,9,EF_CLASS,255,EF_HP,100,EF_ITEMGRADE,5
541,Pedra_Espiritual,26.0,255.0.0.0.0,0,500000,3840,0,10,EF_CLASS,255,EF_HP,100,EF_ITEMGRADE,5
542,Pedra_Lunar,25.0,0.0.0.0.0,0,0,3840,0,0,EF_CLASS,255,EF_AC,0,EF_ITEMGRADE,3
543,Manto_do_Guerreiro,27.0,255.0.0.0.0,0,0,-32768,0,0,EF_CLASS,255,EF_AC,150,EF_HP,200,EF_ITEMGRADE,4
544,Manto_de_Shiner,27.1,255.0.0.0.0,0,0,-32768,0,0,EF_CLASS,255,EF_AC,150,EF_HP,200,EF_ITEMGRADE,4
545,Manto_Hekalotia,27.2,219.0.0.0.0,0,0,-32768,0,0,EF_CLASS,255,EF_AC,75,EF_HP,100,EF_ITEMGRADE,4
546,Manto_Akelonia,27.3,219.0.0.0.0,0,0,-32768,0,0,EF_CLASS,255,EF_AC,75,EF_HP,100,EF_ITEMGRADE,4
547,Marca_do_Assassino,0.0,0.0.0.0.0,0,0,0,0,0
548,Manto_do_Andarilho,27.6,219.0.0.0.0,0,0,-32768,0,0,EF_CLASS,255,EF_AC,75,EF_HP,100,EF_ITEMGRADE,4
549,Manto_do_Aventureiro,27.7,255.0.0.0.0,0,0,-32768,0,0,EF_CLASS,255,EF_AC,150,EF_HP,200,EF_ITEMGRADE,4
550,Capa_Branca_do_Monstro,27.6,219.0.0.0.0,0,0,-32768,0,0,EF_CLASS,255
551,Amuleto_de_Prata,77.0,59.0.0.0.0,0,10000,512,0,0,EF_CLASS,255,EF_SPECIAL1,2,EF_ITEMGRADE,3
552,Amuleto_de_Prata,77.0,59.0.0.0.0,0,10000,512,0,0,EF_CLASS,255,EF_SPECIAL2,2,EF_ITEMGRADE,3
553,Amuleto_de_Prata,77.0,59.0.0.0.0,0,10000,512,0,0,EF_CLASS,255,EF_SPECIAL3,2,EF_ITEMGRADE,3
554,Amuleto_de_Prata,77.0,59.0.0.0.0,0,10000,512,0,0,EF_CLASS,255,,2,EF_ITEMGRADE,3
555,Amuleto_de_Ouro,91.0,119.0.0.0.0,0,38000,512,0,0,EF_CLASS,255,EF_SPECIAL1,6,EF_ITEMGRADE,3
556,Amuleto_de_Ouro,91.0,119.0.0.0.0,0,38000,512,0,0,EF_CLASS,255,EF_SPECIAL2,6,EF_ITEMGRADE,3
557,Amuleto_de_Ouro,91.0,119.0.0.0.0,0,38000,512,0,0,EF_CLASS,255,EF_SPECIAL3,6,EF_ITEMGRADE,3
558,Amuleto_de_Ouro,91.0,119.0.0.0.0,0,38000,512,0,0,EF_CLASS,255,,6,EF_ITEMGRADE,3
559,Amuleto_Místico,49.0,219.0.0.0.0,0,79000,512,0,0,EF_CLASS,255,EF_SPECIAL1,10,EF_ITEMGRADE,4
560,Amuleto_Místico,49.0,219.0.0.0.0,0,79000,512,0,0,EF_CLASS,255,EF_SPECIAL2,10,EF_ITEMGRADE,4
561,Amuleto_Místico,49.0,219.0.0.0.0,0,79000,512,0,0,EF_CLASS,255,EF_SPECIAL3,10,EF_ITEMGRADE,4
562,Amuleto_Místico,49.0,219.0.0.0.0,0,79000,512,0,0,EF_CLASS,255,,10,EF_ITEMGRADE,4
563,Amuleto_de_Cristal,91.0,269.0.0.0.0,0,38000,512,0,0,EF_CLASS,255,EF_SPECIAL1,15,EF_ITEMGRADE,5
564,Amuleto_de_Cristal,91.0,269.0.0.0.0,0,38000,512,0,0,EF_CLASS,255,EF_SPECIAL2,15,EF_ITEMGRADE,5
565,Amuleto_de_Cristal,91.0,269.0.0.0.0,0,38000,512,0,0,EF_CLASS,255,EF_SPECIAL3,15,EF_ITEMGRADE,5
566,Amuleto_de_Cristal,91.0,269.0.0.0.0,0,38000,512,0,0,EF_CLASS,255,,15,EF_ITEMGRADE,5
567,Amuleto_Arcano,2861.0,354.0.0.0.0,0,150000,512,0,22,EF_CLASS,255,EF_SPECIAL1,15,EF_ITEMGRADE,5,EF_HP,150
568,Amuleto_Arcano,2861.0,354.0.0.0.0,0,150000,512,0,22,EF_CLASS,255,EF_SPECIAL2,15,EF_ITEMGRADE,5,EF_HP,150
569,Amuleto_Arcano,2861.0,354.0.0.0.0,0,150000,512,0,22,EF_CLASS,255,EF_SPECIAL3,15,EF_ITEMGRADE,5,EF_HP,150
570,Amuleto_Arcano,2861.0,354.0.0.0.0,0,150000,512,0,22,EF_CLASS,255,,15,EF_ITEMGRADE,5,EF_HP,150
572,Manto_do_Campeão,27.15,255.0.0.0.0,0,0,-32768,0,0,EF_CLASS,255,EF_AC,190,EF_HP,230,EF_ITEMGRADE,4
573,Véu_do_Herói_(Andarilho),2880.36,0.0.0.0.0,0,0,-32768,0,0,EF_CLASS,255,EF_AC,210,EF_HP,230
574,Véu_do_Campeão_(Andarilho),27.17,255.0.0.0.0,0,0,-32768,0,0,EF_CLASS,255,EF_AC,420,EF_HP,560,EF_PVPAC,25
575,Pedra_de_Spinner,2.0,0.0.0.0.0,5,100000,0,0,0,EF_VOLATILE,9,EF_GRID,0
576,Pedra_de_Beril,2.3,0.0.0.0.0,14,100000,0,0,0,EF_VOLATILE,9,EF_GRID,0
577,Pedra_de_Tectita,2.2,0.0.0.0.0,24,1000000,0,0,0,EF_VOLATILE,9,EF_GRID,0
578,Pedra_de_Adamantita,2.6,0.0.0.0.0,34,2500,0,0,0,EF_VOLATILE,9,EF_GRID,0
579,Pedra_Lendária_da_Defesa,0.0,19264.0.0.0.0,0,0,0,0,0
591,Brinco_de_Athena,740.0,151.0.0.0.0,0,125000,256,0,0,EF_CLASS,255,EF_MPADD,17,EF_ITEMGRADE,4
592,Brinco_de_Titã,741.0,159.0.0.0.0,0,125000,256,0,0,EF_CLASS,255,EF_HPADD,17,EF_ITEMGRADE,4
593,Brinco_de_Zeus,742.0,159.0.0.0.0,0,125000,256,0,0,EF_CLASS,255,EF_ATTSPEED,21,EF_ITEMGRADE,4
594,Brinco_de_Hecate,743.0,151.0.0.0.0,0,125000,256,0,0,EF_CLASS,255,EF_MAGIC,10,EF_ITEMGRADE,4
595,Brinco_de_Hercules,744.0,151.0.0.0.0,0,125000,256,0,0,EF_CLASS,255,EF_DAMAGE,45,EF_ITEMGRADE,4
599,Bolsa_Perfumada,319.0,0.0.0.0.0,0,50000,1024,0,0,EF_CLASS,255,EF_RESISTALL,5
600,Bebida_Real,320.0,0.0.0.0.0,0,400000,0,0,0,EF_CLASS,255,EF_VOLATILE,53,EF_AMOUNT,1
601,Orb_de_Fogo,63.0,27.0.0.0.0,0,30000,1024,0,0,EF_CLASS,255,EF_RESIST1,3,EF_RESIST2,0,EF_RESIST3,0,EF_RESIST4,0,EF_ITEMGRADE,1
602,Orb_de_Gelo,64.0,26.0.0.0.0,0,28000,1024,0,0,EF_CLASS,255,EF_RESIST1,0,EF_RESIST2,3,EF_RESIST3,0,EF_RESIST4,0,EF_ITEMGRADE,1
603,Orb_de_Relâmpago,65.0,27.0.0.0.0,0,30000,1024,0,0,EF_CLASS,255,EF_RESIST1,0,EF_RESIST2,0,EF_RESIST3,0,EF_RESIST4,3,EF_ITEMGRADE,1
604,Orb_Sagrada,66.0,26.0.0.0.0,0,28000,1024,0,0,EF_CLASS,255,EF_RESIST1,0,EF_RESIST2,0,EF_RESIST3,3,EF_RESIST4,0,EF_ITEMGRADE,1
605,Pílula_Mágica,67.0,0.0.0.0.0,0,0,0,0,0
606,Pílula_Mágica,68.0,0.0.0.0.0,0,0,0,0,0
607,Pílula_Mágica,69.0,0.0.0.0.0,0,0,0,0,0
608,Olho_de_Azure,94.0,71.0.0.0.0,0,50000,1024,0,0,EF_CLASS,255,EF_RESIST1,5,EF_RESIST2,0,EF_RESIST3,0,EF_RESIST4,0,EF_ITEMGRADE,2
609,Olho_de_Ixio,92.0,72.0.0.0.0,0,50000,1024,0,0,EF_CLASS,255,EF_RESIST1,0,EF_RESIST2,5,EF_RESIST3,0,EF_RESIST4,0,EF_ITEMGRADE,2
610,Olho_de_Ramuh,93.0,71.0.0.0.0,0,50000,1024,0,0,EF_CLASS,255,EF_RESIST1,0,EF_RESIST2,0,EF_RESIST3,0,EF_RESIST4,5,EF_ITEMGRADE,2
611,Olho_Sagrado,95.0,72.0.0.0.0,0,50000,1024,0,0,EF_CLASS,255,EF_RESIST1,0,EF_RESIST2,0,EF_RESIST3,5,EF_RESIST4,0,EF_ITEMGRADE,2
612,Defesa_contra_Fogo,94.0,105.0.0.0.0,0,50000,1024,0,0,EF_CLASS,255,EF_RESIST1,7,EF_RESIST2,0,EF_RESIST3,0,EF_RESIST4,0,EF_ITEMGRADE,3
613,Defesa_contra_Gelo,92.0,106.0.0.0.0,0,50000,1024,0,0,EF_CLASS,255,EF_RESIST1,0,EF_RESIST2,7,EF_RESIST3,0,EF_RESIST4,0,EF_ITEMGRADE,3
614,Defesa_contra_Relâmpago,93.0,105.0.0.0.0,0,50000,1024,0,0,EF_CLASS,255,EF_RESIST1,0,EF_RESIST2,0,EF_RESIST3,0,EF_RESIST4,7,EF_ITEMGRADE,3
615,Defesa_contra_Sagrado,95.0,106.0.0.0.0,0,50000,1024,0,0,EF_CLASS,255,EF_RESIST1,0,EF_RESIST2,0,EF_RESIST3,7,EF_RESIST4,0,EF_ITEMGRADE,3
616,Símbolo_de_Sabedoria,494.0,0.0.0.0.0,0,50000,16384,0,0,EF_CLASS,255,EF_ITEMGRADE,5
617,Símbolo_de_Justiça,495.0,0.0.0.0.0,0,50000,16384,0,0,EF_CLASS,255,EF_ITEMGRADE,5
618,Símbolo_de_Vitória,496.0,0.0.0.0.0,0,50000,16384,0,0,EF_CLASS,255,EF_ITEMGRADE,5
619,Simbolo_de_Glória,497.0,0.0.0.0.0,0,50000,16384,0,0,EF_CLASS,255,EF_ITEMGRADE,5
620,Símbolo_do_Infinito,498.0,0.0.0.0.0,0,50000,16384,0,0,EF_CLASS,255,EF_ITEMGRADE,5
621,Símbolo_Sobresalente,499.0,0.0.0.0.0,0,50000,16384,0,0,EF_CLASS,255,EF_ITEMGRADE,5
622,Símbolo_Sobresalente,500.0,0.0.0.0.0,0,50000,16384,0,0,EF_CLASS,255,EF_ITEMGRADE,5
631,Pedra_Espiritual,26.0,255.0.0.0.0,0,500000,3840,0,20,EF_CLASS,255,EF_HP,100,EF_ITEMGRADE,6
632,Pedra_Espiritual,26.0,255.0.0.0.0,0,500000,3840,0,21,EF_CLASS,255,EF_HP,100,EF_ITEMGRADE,6
633,Pedra_Espiritual,26.0,255.0.0.0.0,0,500000,3840,0,22,EF_CLASS,255,EF_HP,100,EF_ITEMGRADE,6
634,not_used,0.0,0.0.0.0.0,0,0,0,0,0
635,not_used,0.0,0.0.0.0.0,0,0,0,0,0
636,not_used,0.0,0.0.0.0.0,0,0,0,0,0
637,not_used,0.0,0.0.0.0.0,0,0,0,0,0
640,Colar_de_Mana,2.4,255.0.0.0.0,0,125000,256,0,0,EF_CLASS,255,EF_MPADD,19,EF_ITEMGRADE,5
641,Colar_da_Constituição,2.0,255.0.0.0.0,0,125000,256,0,0,EF_CLASS,255,EF_HPADD,19,EF_ITEMGRADE,5
642,Colar_Mágico,2.6,255.0.0.0.0,0,125000,256,0,0,EF_CLASS,255,EF_MAGIC,22,EF_ITEMGRADE,5
643,Colar_da_Força,2.5,255.0.0.0.0,0,125000,256,0,0,EF_CLASS,255,EF_DAMAGE,120,EF_ITEMGRADE,5
646,Remédio_da_Coragem,2886.0,0.0.0.0.0,0,1500000,0,0,0,EF_CLASS,255,EF_AMOUNT,10,EF_VOLATILE,230
647,Elixir_da_Coragem,2886.0,0.0.0.0.0,0,3000000,0,0,0,EF_CLASS,255,EF_AMOUNT,10,EF_VOLATILE,230
649,not_used,736.0,0.0.0.0.0,0,0,0,0,0,EF_CLASS,255,EF_VOLATILE,204,EF_AMOUNT,10
650,not_used,736.0,0.0.0.0.0,0,0,0,0,0,EF_CLASS,255,EF_VOLATILE,204,EF_AMOUNT,10
651,Rubi_do_Carbunkle,74.0,19.0.0.0.0,0,28000,2048,0,0,EF_CLASS,255,EF_MP,30,EF_ITEMGRADE,1
652,Rubi_do_Carbunkle,74.0,27.0.0.0.0,0,33000,2048,0,0,EF_CLASS,255,EF_HP,50,EF_ITEMGRADE,1
653,Rubi_do_Carbunkle,74.0,31.0.0.0.0,0,25000,2048,0,0,EF_CLASS,255,EF_CRITICAL,30,EF_ITEMGRADE,1
654,Pedra_Necromântica,98.0,68.0.0.0.0,0,65000,2048,0,0,EF_CLASS,255,EF_MP,55,EF_ITEMGRADE,2
655,Pedra_Necromântica,98.0,73.0.0.0.0,0,67000,2048,0,0,EF_CLASS,255,EF_HP,75,EF_ITEMGRADE,2
656,Pedra_Necromântica,98.0,83.0.0.0.0,0,69000,2048,0,0,EF_CLASS,255,EF_CRITICAL,40,EF_ITEMGRADE,2
657,Rubi_da_Amizade,74.0,39.0.0.0.0,0,50000,2048,0,0,EF_CLASS,255,EF_HP,50,EF_AC,20,EF_SPECIAL2,10,EF_SPECIAL3,10,,10,EF_ITEMGRADE,3
658,Gema_da_Siren,98.0,98.0.0.0.0,0,65000,2048,0,0,EF_CLASS,255,EF_MP,80,EF_ITEMGRADE,3
659,Gema_da_Siren,98.0,110.0.0.0.0,0,67000,2048,0,0,EF_CLASS,255,EF_HP,85,EF_ITEMGRADE,3
660,Gema_da_Siren,98.0,122.0.0.0.0,0,69000,2048,0,0,EF_CLASS,255,EF_CRITICAL,45,EF_ITEMGRADE,3
661,Ankh_da_Justiça,737.0,149.0.0.0.0,0,104000,2048,0,0,EF_CLASS,255,EF_MP,115,EF_ITEMGRADE,4
662,Ankh_da_Eternidade,738.0,161.0.0.0.0,0,101000,2048,0,0,EF_CLASS,255,EF_HP,100,EF_ITEMGRADE,4
663,Ankh_da_Glória,739.0,163.0.0.0.0,0,110000,2048,0,0,EF_CLASS,255,EF_CRITICAL,50,EF_ITEMGRADE,4
667,Canhão_Conjurado,984.0,219.0.0.0.0,0,0,0,0,0,EF_GRID,0,EF_CLASS,255,EF_VOLATILE,32
668,Muro_de_Espinhos,993.0,255.0.0.0.0,0,1500,0,0,0,EF_GRID,0,EF_CLASS,255,EF_VOLATILE,33
669,Ressurreição,994.0,255.0.0.0.0,0,1500,0,0,0,EF_GRID,0,EF_CLASS,255,EF_VOLATILE,34
670,Concentração,995.0,255.0.0.0.0,0,11000,0,0,0,EF_GRID,0,EF_CLASS,255,EF_VOLATILE,35
671,Força_Espectral,996.0,255.0.0.0.0,0,30000,0,0,0,EF_GRID,0,EF_CLASS,255,EF_VOLATILE,36
672,Espírito_de_Batalha,996.0,255.0.0.0.0,0,70000,0,0,0,EF_GRID,0,EF_CLASS,255,EF_VOLATILE,7
673,Entrada_Portão_Infernal,0.0,0.0.0.0.0,0,0,0,0,0
674,Unha_do_Kefra,0.0,0.0.0.0.0,0,0,0,0,0
675,Coração_Sombra_Negra,0.0,0.0.0.0.0,0,0,0,0,0
676,Cabelo_Beriel_Amald,0.0,0.0.0.0.0,0,0,0,0,0
677,Coração_Beriel_Amald,0.0,0.0.0.0.0,0,0,0,0,0
678,Alma_Beriel,0.0,0.0.0.0.0,0,0,0,0,0
679,Proteção_Divina,0.0,0.0.0.0.0,0,0,0,0,0
680,Kit_de_Cura_(5_M.),83.0,0.0.0.0.0,0,3000,0,0,0,EF_CLASS,255,EF_VOLATILE,1,EF_HP,200,EF_AMOUNT,5
681,Kit_de_Cura_(10_M.),83.0,0.0.0.0.0,0,6000,0,0,0,EF_CLASS,255,EF_VOLATILE,1,EF_HP,200,EF_AMOUNT,10
682,Kit_de_Cura_(20_M.),83.0,0.0.0.0.0,0,60000,0,0,0,EF_CLASS,255,EF_VOLATILE,1,EF_HP,200
683,Kit_de_Cura_(5_XG.),85.0,0.0.0.0.0,0,9000,0,0,0,EF_CLASS,255,EF_VOLATILE,1,EF_HP,500,EF_AMOUNT,5
684,Kit_de_Cura_(10_XG.),85.0,0.0.0.0.0,0,18000,0,0,0,EF_CLASS,255,EF_VOLATILE,1,EF_HP,500,EF_AMOUNT,10
685,Kit_de_Cura_(20_XG.),85.0,0.0.0.0.0,0,36000,0,0,0,EF_CLASS,255,EF_VOLATILE,1,EF_HP,500,EF_AMOUNT,20
686,Kit_de_Mana_(5_M.),87.0,0.0.0.0.0,0,3000,0,0,0,EF_CLASS,255,EF_VOLATILE,1,EF_MP,200,EF_AMOUNT,5
687,Kit_de_Mana_(10_M.),87.0,0.0.0.0.0,0,6000,0,0,0,EF_CLASS,255,EF_VOLATILE,1,EF_MP,200,EF_AMOUNT,10
688,Kit_de_Mana_(10_M.),87.0,0.0.0.0.0,0,60000,0,0,0,EF_CLASS,255,EF_VOLATILE,1,EF_MP,200
689,Kit_de_Mana_(5_XG.),89.0,0.0.0.0.0,0,9000,0,0,0,EF_CLASS,255,EF_VOLATILE,1,EF_MP,500,EF_AMOUNT,5
690,Kit_de_Mana_(10_XG.),89.0,0.0.0.0.0,0,18000,0,0,0,EF_CLASS,255,EF_VOLATILE,1,EF_MP,500,EF_AMOUNT,10
691,Kit_de_Mana_(20_XG.),89.0,0.0.0.0.0,0,36000,0,0,0,EF_CLASS,255,EF_VOLATILE,1,EF_MP,500,EF_AMOUNT,20
692,Pedaço_do_Círc_Div_Comp,99.0,0.0.0.0.0,0,80000,8192,0,0,EF_CLASS,255
693,Círculo_Divino_Comp_Puro,100.0,0.0.0.0.0,0,20080000,8192,0,0,EF_CLASS,255,EF_INIT1,1
694,Círculo_Divino_Comp_Puro,100.0,0.0.0.0.0,0,20080000,8192,0,0,EF_CLASS,255,EF_INIT2,2
695,Círculo_Divino_Comp_Puro,100.0,0.0.0.0.0,0,20080000,8192,0,0,EF_CLASS,255,EF_INIT3,3
696,Moedas_de_Ouro,934.0,0.0.0.0.0,0,0,0,0,0,EF_CLASS,255,EF_VOLATILE,2,EF_HWORDCOIN,117,EF_LWORDCOIN,48
697,Safira,935.0,0.0.0.0.0,0,1000000,0,0,0,EF_CLASS,255,EF_SANC,5
698,Moedas_de_Ouro(G),936.0,0.0.0.0.0,0,0,0,0,0,EF_CLASS,255,EF_VOLATILE,2,EF_HWORDCOIN,117,EF_LWORDCOIN,48
699,Pergaminho_do_Teleporte,16.0,0.0.0.0.0,0,5000,0,0,0,EF_GRID,0,EF_VOLATILE,13
700,Gema_Estelar,17.0,0.0.0.0.0,0,50000,0,0,0,EF_GRID,0,EF_VOLATILE,12
701,Varinha_do_Carbunkle,889.0,0.0.0.0.0,47,0,192,0,0,EF_CLASS,29,EF_GRID,0,EF_RANGE,1,EF_WTYPE,31
702,Machado_Ciclope,890.0,0.0.0.0.0,0,0,192,0,0,EF_CLASS,21,EF_GRID,0,EF_RANGE,1,EF_WTYPE,1
703,Machado_de_Argos_Reserva,891.0,0.0.0.0.0,0,0,64,0,0,EF_CLASS,30,EF_GRID,0,EF_RANGE,1,EF_WTYPE,13
704,Disco_de_Argos,892.0,0.0.0.0.0,46,0,64,0,0,EF_CLASS,30,EF_GRID,0,EF_RANGE,4,EF_WTYPE,103
705,Machado_do_Meio_Orc,857.0,0.0.0.0.0,0,0,64,0,0,EF_CLASS,5,EF_GRID,0,EF_RANGE,2,EF_WTYPE,12
706,Arma_do_Guerreiro_Orc,808.0,0.0.0.0.0,0,0,192,0,0,EF_CLASS,255,EF_GRID,0,EF_RANGE,1,EF_WTYPE,11
707,Arma_do_Caçador_Troll,810.0,0.0.0.0.0,0,0,64,0,0,EF_CLASS,1,EF_GRID,0,EF_RANGE,2,EF_WTYPE,13
708,Arma_do_Grande_Carbunkle,834.0,0.0.0.0.0,0,0,64,0,0,EF_CLASS,2,EF_GRID,0,EF_RANGE,2,EF_WTYPE,32
709,Arma_do_Ciclope,893.0,0.0.0.0.0,0,0,192,0,0,EF_CLASS,255,EF_GRID,0,EF_RANGE,1,EF_WTYPE,1
710,Arma_do_Taurus_Assustador,895.0,0.0.0.0.0,0,0,192,0,0,EF_CLASS,255,EF_GRID,0,EF_RANGE,1,EF_WTYPE,11
711,Rei_Taurus,911.0,0.0.0.0.0,0,0,64,0,0,EF_CLASS,255,EF_GRID,0,EF_RANGE,1,EF_WTYPE,13
712,Cajado_do_Guardião,833.0,0.0.0.0.0,44,9500,64,0,0,EF_CLASS,2,EF_GRID,0,EF_RANGE,2,EF_WTYPE,32
713,Cajado_do_Troll,912.0,0.0.0.0.0,47,48000,64,0,0,EF_CLASS,2,EF_GRID,0,EF_RANGE,2,EF_WTYPE,13
714,Médico_Orc,912.0,0.0.0.0.0,47,68000,64,0,0,EF_CLASS,255,EF_GRID,0,EF_RANGE,2,EF_WTYPE,32
715,Machado_Argos,811.0,0.0.0.0.0,49,126000,64,0,0,EF_CLASS,1,EF_GRID,0,EF_RANGE,2,EF_WTYPE,13
716,Machado_do_Ciclope_Cruel,910.0,0.0.0.0.0,41,350,192,0,0,EF_CLASS,255,EF_GRID,0,EF_RANGE,1,EF_WTYPE,12
717,Lança_do_Taurus,911.0,140.0.0.0.0,0,100000,64,0,0,EF_CLASS,1,EF_GRID,0,EF_RANGE,2,EF_WTYPE,13,EF_DAMAGE,185,EF_CRITICAL,30
718,Martelo_Zakum,920.0,0.0.0.0.0,0,0,192,0,0,EF_CLASS,255,EF_GRID,0,EF_RANGE,2,EF_WTYPE,13
719,Machado_Zakum,922.0,0.0.0.0.0,0,0,192,0,0,EF_CLASS,255,EF_GRID,0,EF_RANGE,2,EF_WTYPE,12
720,Arco_Zakum,921.0,0.0.0.0.0,0,0,64,0,0,EF_CLASS,255,EF_GRID,0,EF_RANGE,2,EF_WTYPE,101
721,Katana_Anfibio,923.0,0.0.0.0.0,0,0,192,0,0,EF_CLASS,255,EF_GRID,0,EF_RANGE,2,EF_WTYPE,1
722,Tsurugi_Anfibio,924.0,0.0.0.0.0,0,0,192,0,0,EF_CLASS,255,EF_GRID,0,EF_RANGE,2,EF_WTYPE,1
723,Espada_Esqueleto_1,929.0,0.0.0.0.0,0,0,192,0,0,EF_CLASS,255,EF_GRID,0,EF_RANGE,2,EF_WTYPE,1
724,Espada_Esqueleto_2,930.0,0.0.0.0.0,0,0,192,0,0,EF_CLASS,255,EF_GRID,0,EF_RANGE,2,EF_WTYPE,3
725,Escudo_Esqueleto,928.0,0.0.0.0.0,0,0,128,0,0,EF_CLASS,255,EF_GRID,0
726,Foice_Esqueleto,931.0,0.0.0.0.0,0,0,64,0,0,EF_CLASS,1,EF_GRID,0,EF_RANGE,2,EF_WTYPE,13
727,Lança_Esqueleto,932.0,0.0.0.0.0,0,0,64,0,0,EF_CLASS,5,EF_GRID,0,EF_RANGE,2,EF_WTYPE,21
728,Machado_Cavaleiro_Negro,933.0,0.0.0.0.0,0,0,192,0,0,EF_CLASS,255,EF_GRID,0,EF_RANGE,1,EF_WTYPE,11
729,Arco_Elfo,13.0,0.0.0.0.0,0,0,64,0,0,EF_CLASS,255,EF_GRID,0,EF_RANGE,5,EF_WTYPE,101
730,Machado,14.0,0.0.0.0.0,0,0,192,0,0,EF_CLASS,255,EF_GRID,0,EF_RANGE,2,EF_WTYPE,11
731,Cajado_da_Jóia_Azul,915.0,0.0.0.0.0,0,0,192,0,0,EF_CLASS,255,EF_GRID,0,EF_RANGE,1,EF_WTYPE,31
732,Olho_do_Carbunkle,926.0,0.0.0.0.0,0,0,64,0,0,EF_CLASS,2,EF_GRID,0,EF_RANGE,2,EF_WTYPE,32
733,Gungnir,904.0,0.0.0.0.0,0,0,64,0,0,EF_CLASS,5,EF_GRID,0,EF_RANGE,2,EF_WTYPE,21
734,Manto_do_Guerreiro,27.0,255.0.0.0.0,0,0,-32768,0,0,EF_CLASS,255
735,Manto_de_Shiner,27.1,255.0.0.0.0,0,0,-32768,0,0,EF_CLASS,255
736,Capa_de_Hekalotia,27.2,224.0.0.0.0,0,0,-32768,0,0,EF_CLASS,255
737,Capa_de_Akelonia,27.3,224.0.0.0.0,0,0,-32768,0,0,EF_CLASS,255
738,Capa_Negra_do_Monstro,27.4,0.0.0.0.0,0,0,-32768,0,0,EF_CLASS,255
739,Martelo_Argos_Infernal,809.0,0.0.0.0.0,0,0,192,0,0,EF_CLASS,255,EF_GRID,0,EF_RANGE,2,EF_WTYPE,11
740,Espada_do_Elfo_Negro,930.0,0.0.0.0.0,0,0,192,0,0,EF_CLASS,255,EF_GRID,0,EF_RANGE,2,EF_WTYPE,3
741,Cajado_do_Elfo_Negro,916.0,0.0.0.0.0,0,0,192,0,0,EF_CLASS,2,EF_GRID,0,EF_RANGE,1,EF_WTYPE,31
742,Escudo_do_Elfo_Negro,851.0,0.0.0.0.0,0,0,128,0,0,EF_CLASS,255,EF_GRID,0
743,Lança_do_Zumbi_Troll,903.0,0.0.0.0.0,0,0,64,0,0,EF_CLASS,5,EF_GRID,0,EF_RANGE,2,EF_WTYPE,13
744,Garra_do_Gorgon_Infernal,34.0,0.0.0.0.0,0,0,64,0,0,EF_CLASS,9,EF_GRID,0,EF_RANGE,0,EF_WTYPE,41
745,Lança_do_Rei_Demonlord,35.0,0.0.0.0.0,0,0,64,0,0,EF_CLASS,5,EF_GRID,0,EF_RANGE,2,EF_WTYPE,21
746,Canhão,1607.0,0.0.0.0.0,0,0,0,0,0,EF_CLASS,255,EF_GRID,0
747,Coroa_de_Atilla,18.0,219.0.0.0.0,0,0,2,0,12,EF_CLASS,255,EF_GRID,0,EF_MPADD,22,EF_HPADD,22,EF_AC,350,EF_RESISTALL,10,EF_LIFESTEAL,20
748,Arma_de_Treant,23.0,0.0.0.0.0,0,0,192,0,0,EF_CLASS,255,EF_GRID,0,EF_RANGE,2,EF_WTYPE,12
749,Arco_do_Tauron,24.0,0.0.0.0.0,0,0,64,0,0,EF_CLASS,255,EF_GRID,0,EF_RANGE,5,EF_WTYPE,101
750,Evento_de_Natal,45.0,0.0.0.0.0,0,0,0,0,0
751,Emblema_do_Dragão,47.0,0.0.0.0.0,0,0,0,0,0,EF_CLASS,255,EF_VOLATILE,3,EF_KEYID,10,EF_GRID,0
752,Emblema_da_Fênix_LV1,48.0,0.0.0.0.0,0,0,0,0,0,EF_CLASS,255,EF_VOLATILE,3,EF_KEYID,11,EF_GRID,0
753,Imp,46.0,105.0.0.0.0,0,500000,8192,0,0,EF_CLASS,255,EF_DAMAGE,5,EF_MAGIC,1,EF_SANC,3,EF_ITEMGRADE,2
754,Emblema_da_Fênix_LV2,48.0,0.0.0.0.0,0,0,0,0,0,EF_CLASS,255,EF_VOLATILE,3,EF_KEYID,12,EF_GRID,0
755,Emblema_da_Fênix_LV3,48.0,0.0.0.0.0,0,0,0,0,0,EF_CLASS,255,EF_VOLATILE,3,EF_KEYID,13,EF_GRID,0
756,Emblema_da_Fênix_LV4,48.0,0.0.0.0.0,0,0,0,0,0,EF_CLASS,255,EF_VOLATILE,3,EF_KEYID,14,EF_GRID,0
757,Portão_dos_2_Castelos,136.0,0.0.0.0.0,0,0,0,0,0,EF_CLASS,255,EF_GROUND,1,EF_KEYID,10
758,Porta_do_Primeiro_Teste,121.0,0.0.0.0.0,0,0,0,0,0,EF_CLASS,255,EF_GROUND,2,EF_KEYID,11
759,Porta_do_Segundo_Teste,121.0,0.0.0.0.0,0,0,0,0,0,EF_CLASS,255,EF_GROUND,2,EF_KEYID,12
760,Porta_do_Terceiro_Teste,121.0,0.0.0.0.0,0,0,0,0,0,EF_CLASS,255,EF_GROUND,2,EF_KEYID,13
761,Porta_do_Quarto_Teste,141.0,0.0.0.0.0,0,0,0,0,0,EF_CLASS,255,EF_GROUND,3,EF_KEYID,14
762,Netuno,2.0,34.0.0.0.0,0,80000,2048,0,0,EF_CLASS,255,EF_DEX,100,EF_DAMAGE,120,EF_HP,200,EF_PVPAC,50,EF_ITEMBORDER,1
763,Urano,2.3,34.0.0.0.0,0,80000,2048,0,0,EF_CLASS,255,EF_SANC,4,EF_AC,20,EF_HP,30,EF_RESISTALL,10,EF_ITEMGRADE,3
764,Venus,2.2,34.0.0.0.0,0,80000,2048,0,0,EF_CLASS,255,EF_INT,100,EF_MAGIC,22,EF_MP,200,EF_PVPAC,50,EF_ITEMBORDER,1
765,Marte,2.6,34.0.0.0.0,0,80000,2048,0,0,EF_CLASS,255,EF_STR,100,EF_CRITICAL,75,EF_SPECIAL1,15,EF_PVPAC,50,EF_ITEMBORDER,1
766,Saturno,2.1,34.0.0.0.0,0,80000,2048,0,0,EF_CLASS,255,EF_SANC,4,EF_SPECIAL2,15,EF_HP,30,EF_RESISTALL,10,EF_ITEMGRADE,3
767,Mercúrio,2.5,34.0.0.0.0,0,80000,2048,0,0,EF_CLASS,255,EF_SANC,4,EF_SPECIAL3,15,EF_HP,30,EF_RESISTALL,10,EF_ITEMGRADE,3
768,Júpiter,2.4,34.0.0.0.0,0,80000,2048,0,0,EF_CLASS,255,EF_CON,100,EF_AC,200,EF_RESISTALL,10,EF_PVPAC,50,EF_ITEMBORDER,1
769,Nyerdes,9.0,105.0.0.0.0,0,2000,8192,0,0,EF_CLASS,255,EF_DAMAGE,5,EF_MAGIC,1,EF_SANC,3,EF_ITEMGRADE,3
770,Folha_de_Mandrágora,80.0,0.0.0.0.0,0,10000,0,0,0,EF_CLASS,0
771,Coração_da_Nyerdes,24.0,0.0.0.0.0,0,10000,0,0,0
772,Jóia_da_Escuridão,2905.0,0.0.0.0.0,0,10000,0,0,0
773,Portão_do_Castelo,121.0,0.0.0.0.0,0,0,0,0,0,EF_CLASS,255,EF_GROUND,1,EF_KEYID,15
774,Pedra_da_Troca_Maior,29.0,0.0.0.0.0,0,700,8192,0,0,EF_CLASS,255
775,Pedra_da_Troca_Menor,30.0,0.0.0.0.0,0,700,8192,0,0,EF_CLASS,255
776,Pergaminho_de_Portal(10),16.0,0.0.0.0.0,0,50000,0,0,0,EF_GRID,0,EF_VOLATILE,13,EF_AMOUNT,10
777,Pergaminho_da_Água(M)LV1,507.0,0.0.0.0.0,0,400,0,0,0,EF_GRID,0,EF_VOLATILE,21,EF_SANC,3
778,Pergaminho_da_Água(M)LV2,507.0,0.0.0.0.0,0,300,0,0,0,EF_GRID,0,EF_VOLATILE,22,EF_SANC,3
779,Pergaminho_da_Água(M)LV3,507.0,0.0.0.0.0,0,300,0,0,0,EF_GRID,0,EF_VOLATILE,23,EF_SANC,3
780,Pergaminho_da_Água(M)LV4,507.0,0.0.0.0.0,0,300,0,0,0,EF_GRID,0,EF_VOLATILE,24,EF_SANC,4
781,Pergaminho_da_Água(M)LV5,507.0,0.0.0.0.0,0,300,0,0,0,EF_GRID,0,EF_VOLATILE,25,EF_SANC,5
782,Pergaminho_da_Água(M)LV6,507.0,0.0.0.0.0,0,300,0,0,0,EF_GRID,0,EF_VOLATILE,26,EF_SANC,6
783,Pergaminho_da_Água(M)LV7,507.0,0.0.0.0.0,0,300,0,0,0,EF_GRID,0,EF_VOLATILE,27,EF_SANC,7
784,Pergaminho_da_Água(M)LV8,507.0,0.0.0.0.0,0,300,0,0,0,EF_GRID,0,EF_VOLATILE,28,EF_SANC,8
785,Evocação_Neses(M),97.0,0.0.0.0.0,0,5000,0,0,0,EF_GRID,0,EF_VOLATILE,30
786,Item_de_2x_HP(Montro),935.0,0.0.0.0.0,0,0,8192,0,0,EF_CLASS,255
787,Poção_Kappa,719.0,0.0.0.0.0,0,200000,0,0,0,EF_CLASS,255,EF_VOLATILE,10,EF_AMOUNT,5
788,Mapa_do_Continente_1,720.0,0.0.0.0.0,0,0,0,0,0
789,Mapa_do_Continente_2,721.0,0.0.0.0.0,0,0,0,0,0
790,Mapa_do_Continente_3,722.0,0.0.0.0.0,0,0,0,0,0
791,Mapa_do_Continente_4,723.0,0.0.0.0.0,0,0,0,0,0
792,Mapa_do_Continente_5,724.0,0.0.0.0.0,0,0,0,0,0
793,Mapa_do_Continente_6,725.0,0.0.0.0.0,0,0,0,0,0
794,Portão_da_Arena,121.0,0.0.0.0.0,0,0,0,0,0,EF_CLASS,255,EF_GROUND,2
795,NONAME,0.0,0.0.0.0.0,0,500000,8192,0,0,EF_CLASS,255,EF_ITEMGRADE,3
796,NONAME,0.0,0.0.0.0.0,0,500000,8192,0,0,EF_CLASS,255,EF_ITEMGRADE,3
797,NONAME,0.0,0.0.0.0.0,0,500000,8192,0,0,EF_CLASS,255,EF_ITEMGRADE,3
798,NONAME,0.0,0.0.0.0.0,0,500000,8192,0,0,EF_CLASS,255,EF_ITEMGRADE,3
799,NONAME,0.0,0.0.0.0.0,0,500000,8192,0,0,EF_CLASS,255,EF_ITEMGRADE,3
800,Portão_do_Castelo,121.0,0.0.0.0.0,0,0,0,0,0,EF_CLASS,255,EF_GROUND,1,EF_KEYID,16
801,Porrete,801.0,2.9.0.0.0,41,350,192,2451,0,EF_CLASS,255,EF_GRID,0,EF_DAMAGE,5,EF_RANGE,1,EF_WTYPE,1,EF_ITEMGRADE,1
802,Machado,802.0,15.34.0.0.0,41,1200,192,2455,0,EF_CLASS,255,EF_GRID,0,EF_DAMAGE,19,EF_RANGE,1,EF_WTYPE,11,EF_ITEMGRADE,1
803,Porrete,803.0,29.61.0.0.0,41,3600,192,2459,0,EF_CLASS,255,EF_GRID,0,EF_DAMAGE,34,EF_RANGE,1,EF_WTYPE,1,EF_ITEMGRADE,1
804,Porrete,804.0,45.91.0.0.0,41,9200,192,2463,0,EF_CLASS,255,EF_GRID,0,EF_DAMAGE,57,EF_RANGE,1,EF_WTYPE,1,EF_ITEMGRADE,1
805,Machado,807.0,64.127.0.0.0,41,21000,192,2467,0,EF_CLASS,255,EF_GRID,0,EF_DAMAGE,83,EF_RANGE,1,EF_WTYPE,11,EF_ITEMGRADE,2
806,Machado,808.0,84.184.0.0.0,41,50000,192,2471,0,EF_CLASS,255,EF_GRID,0,EF_DAMAGE,104,EF_RANGE,1,EF_WTYPE,11,EF_ITEMGRADE,2
807,Machado,894.0,105.296.0.0.0,41,70000,192,2475,0,EF_CLASS,255,EF_GRID,0,EF_DAMAGE,137,EF_RANGE,2,EF_WTYPE,11,EF_ITEMGRADE,3
808,Machado,895.0,124.348.0.0.0,41,90000,192,2479,0,EF_CLASS,255,EF_GRID,0,EF_DAMAGE,166,EF_RANGE,2,EF_WTYPE,11,EF_ITEMGRADE,3
809,Machado,896.0,143.495.0.0.0,41,110000,192,2483,0,EF_CLASS,255,EF_GRID,0,EF_DAMAGE,198,EF_RANGE,2,EF_WTYPE,11,EF_ITEMGRADE,4
810,Machado,31.0,157.552.0.0.0,41,130000,192,2487,0,EF_CLASS,255,EF_GRID,0,EF_DAMAGE,229,EF_RANGE,2,EF_WTYPE,11,EF_ITEMGRADE,4
811,Machado,758.0,285.0.0.0.0,41,270000,192,2491,0,EF_CLASS,255,EF_GRID,0,EF_DAMAGE,256,EF_RANGE,2,EF_WTYPE,11,EF_TRANS,1,EF_ATTSPEED,1,EF_ITEMGRADE,5
816,Arco,815.0,0.0.0.0.0,42,300,64,2511,0,EF_CLASS,10,EF_GRID,0,EF_DAMAGE,5,EF_RANGE,5,EF_WTYPE,101,EF_ITEMGRADE,1
817,Arco,817.0,15.16.0.25.0,42,1100,64,2515,0,EF_CLASS,10,EF_GRID,0,EF_DAMAGE,20,EF_RANGE,5,EF_WTYPE,101,EF_ITEMGRADE,1
818,Arco,820.0,27.24.0.41.0,42,3100,64,2519,0,EF_CLASS,10,EF_GRID,0,EF_DAMAGE,34,EF_RANGE,5,EF_WTYPE,101,EF_ATTSPEED,1,EF_ITEMGRADE,1
819,Arco,822.0,39.33.0.56.0,42,8800,64,2523,0,EF_CLASS,10,EF_GRID,0,EF_DAMAGE,58,EF_RANGE,5,EF_WTYPE,101,EF_ATTSPEED,1,EF_ITEMGRADE,1
820,Arco,823.0,65.51.0.90.0,42,19000,64,2527,0,EF_CLASS,10,EF_GRID,0,EF_DAMAGE,89,EF_RANGE,5,EF_WTYPE,101,EF_ATTSPEED,1,EF_ITEMGRADE,2
821,Arco,824.0,79.61.0.108.0,42,45000,64,2531,0,EF_CLASS,10,EF_GRID,0,EF_DAMAGE,115,EF_RANGE,5,EF_WTYPE,101,EF_ATTSPEED,1,EF_ITEMGRADE,2
822,Arco,825.0,100.106.0.156.0,42,65000,64,2535,0,EF_CLASS,10,EF_GRID,0,EF_DAMAGE,148,EF_RANGE,5,EF_WTYPE,101,EF_ATTSPEED,1,EF_ITEMGRADE,3
823,Arco,913.0,119.125.0.184.0,42,85000,64,2539,0,EF_CLASS,10,EF_GRID,0,EF_DAMAGE,180,EF_RANGE,5,EF_WTYPE,101,EF_ATTSPEED,1,EF_ITEMGRADE,3
824,Arco,914.0,138.144.0.213.0,42,105000,64,2543,0,EF_CLASS,10,EF_GRID,0,EF_DAMAGE,213,EF_RANGE,5,EF_WTYPE,101,EF_ATTSPEED,1,EF_ITEMGRADE,4
825,Arco,32.0,156.162.0.240.0,42,125000,64,2547,0,EF_CLASS,10,EF_GRID,0,EF_DAMAGE,258,EF_RANGE,5,EF_WTYPE,101,EF_ATTSPEED,1,EF_ITEMGRADE,4
826,Arco,762.0,290.0.0.0.0,42,270000,64,2551,0,EF_CLASS,10,EF_GRID,0,EF_DAMAGE,305,EF_RANGE,5,EF_WTYPE,101,EF_ATTSPEED,1,EF_TRANS,1,EF_ITEMGRADE,5
831,Garra,837.0,3.8.0.0.9,43,530,64,2571,0,EF_CLASS,9,EF_GRID,0,EF_DAMAGE,8,EF_RANGE,0,EF_WTYPE,41,EF_ITEMGRADE,1
832,Garra,838.0,17.19.0.0.26,43,1440,64,2575,0,EF_CLASS,9,EF_GRID,0,EF_DAMAGE,28,EF_RANGE,0,EF_WTYPE,41,EF_ITEMGRADE,1
833,Garra,840.0,31.30.0.0.43,43,3900,64,2579,0,EF_CLASS,9,EF_GRID,0,EF_DAMAGE,51,EF_RANGE,0,EF_WTYPE,41,EF_AC,6,EF_ITEMGRADE,1
834,Garra,842.0,47.43.0.0.58,43,9200,64,2583,0,EF_CLASS,9,EF_GRID,0,EF_DAMAGE,80,EF_RANGE,0,EF_WTYPE,41,EF_AC,10,EF_ITEMGRADE,1
835,Garra,843.0,66.58.0.0.82,43,20000,64,2587,0,EF_CLASS,9,EF_GRID,0,EF_DAMAGE,114,EF_RANGE,0,EF_WTYPE,41,EF_AC,14,EF_ITEMGRADE,2
836,Garra,844.0,86.74.0.0.105,43,49000,64,2591,0,EF_CLASS,9,EF_GRID,0,EF_DAMAGE,142,EF_RANGE,0,EF_WTYPE,41,EF_AC,18,EF_ITEMGRADE,2
837,Garra,899.0,107.146.0.0.131,43,69000,64,2595,0,EF_CLASS,9,EF_GRID,0,EF_DAMAGE,184,EF_RANGE,0,EF_WTYPE,41,EF_AC,22,EF_ITEMGRADE,3,EF_DEX,15
838,Garra,900.0,126.171.0.0.154,43,89000,64,2599,0,EF_CLASS,9,EF_GRID,0,EF_DAMAGE,225,EF_RANGE,0,EF_WTYPE,41,EF_AC,26,EF_ITEMGRADE,3,EF_DEX,25
839,Garra,927.0,145.196.0.0.177,43,109000,64,2603,0,EF_CLASS,9,EF_GRID,0,EF_DAMAGE,266,EF_RANGE,0,EF_WTYPE,41,EF_AC,30,EF_ITEMGRADE,4,EF_DEX,30
840,Garra,34.0,158.219.0.0.192,43,129000,64,2607,0,EF_CLASS,9,EF_GRID,0,EF_DAMAGE,307,EF_RANGE,0,EF_WTYPE,41,EF_AC,34,EF_ITEMGRADE,4,EF_DEX,45
841,Garra,763.0,282.0.0.0.0,43,270000,64,2611,0,EF_CLASS,9,EF_GRID,0,EF_DAMAGE,354,EF_RANGE,1,EF_WTYPE,41,EF_AC,45,EF_TRANS,1,EF_ITEMGRADE,5,EF_DEX,75
846,Lança,854.0,3.8.9.0.0,44,250,64,2631,0,EF_CLASS,5,EF_GRID,0,EF_DAMAGE,7,EF_RANGE,2,EF_WTYPE,21,EF_MAGIC,5,EF_ITEMGRADE,1
847,Lança,856.0,17.18.23.0.0,44,4000,64,2635,0,EF_CLASS,5,EF_GRID,0,EF_DAMAGE,22,EF_RANGE,2,EF_WTYPE,21,EF_MAGIC,10,EF_ITEMGRADE,1
848,Lança,858.0,31.24.37.0.0,44,9500,64,2639,0,EF_CLASS,5,EF_GRID,0,EF_DAMAGE,38,EF_RANGE,2,EF_WTYPE,21,EF_MAGIC,15,EF_ITEMGRADE,1
849,Lança,859.0,47.33.53.0.0,44,21000,64,2643,0,EF_CLASS,5,EF_GRID,0,EF_DAMAGE,62,EF_RANGE,2,EF_WTYPE,21,EF_MAGIC,20,EF_ITEMGRADE,1
850,Lança,860.0,66.42.72.0.0,44,40000,64,2647,0,EF_CLASS,5,EF_GRID,0,EF_DAMAGE,88,EF_RANGE,2,EF_WTYPE,21,EF_MAGIC,25,EF_ITEMGRADE,2
851,Lança,861.0,86.53.92.0.0,44,53000,64,2651,0,EF_CLASS,5,EF_GRID,0,EF_DAMAGE,110,EF_RANGE,2,EF_WTYPE,21,EF_MAGIC,30,EF_ITEMGRADE,2
852,Lança,862.0,107.94.166.0.0,44,73000,64,2655,0,EF_CLASS,5,EF_GRID,0,EF_DAMAGE,139,EF_RANGE,2,EF_WTYPE,21,EF_MAGIC,35,EF_ITEMGRADE,3
853,Lança,903.0,126.112.195.0.0,44,93000,64,2659,0,EF_CLASS,5,EF_GRID,0,EF_DAMAGE,169,EF_RANGE,2,EF_WTYPE,21,EF_MAGIC,40,EF_ITEMGRADE,3
854,Lança,904.0,145.135.223.0.0,44,113000,64,2663,0,EF_CLASS,5,EF_GRID,0,EF_DAMAGE,200,EF_RANGE,2,EF_WTYPE,21,EF_MAGIC,45,EF_ITEMGRADE,4
855,Lança,35.0,158.145.243.0.0,44,133000,64,2667,0,EF_CLASS,5,EF_GRID,0,EF_DAMAGE,232,EF_RANGE,2,EF_WTYPE,21,EF_MAGIC,50,EF_ITEMGRADE,4
856,Lança,765.0,290.0.0.0.0,44,270000,64,2671,0,EF_CLASS,5,EF_GRID,0,EF_DAMAGE,258,EF_RANGE,2,EF_WTYPE,21,EF_MAGIC,55,EF_TRANS,1,EF_ITEMGRADE,5
861,Adaga,863.0,0.0.0.0.0,45,200,192,2691,0,EF_CLASS,255,EF_GRID,0,EF_DAMAGE,2,EF_RANGE,1,EF_WTYPE,1,EF_ITEMGRADE,1
862,Adaga,864.0,13.21.0.16.0,45,960,192,2695,0,EF_CLASS,255,EF_GRID,0,EF_DAMAGE,17,EF_RANGE,1,EF_WTYPE,1,EF_ITEMGRADE,1
863,Adaga,865.0,25.36.0.26.0,45,3200,192,2699,0,EF_CLASS,255,EF_GRID,0,EF_DAMAGE,30,EF_RANGE,1,EF_WTYPE,1,EF_ITEMGRADE,1
864,Adaga,866.0,38.51.0.36.0,45,8300,192,2703,0,EF_CLASS,255,EF_GRID,0,EF_DAMAGE,47,EF_RANGE,1,EF_WTYPE,1,EF_ITEMGRADE,1
865,Adaga,870.0,64.82.0.57.0,45,18000,192,2707,0,EF_CLASS,255,EF_GRID,0,EF_DAMAGE,72,EF_RANGE,1,EF_WTYPE,1,EF_ITEMGRADE,2
866,Adaga,868.0,78.102.0.74.0,45,43000,192,2711,0,EF_CLASS,255,EF_GRID,0,EF_DAMAGE,96,EF_RANGE,1,EF_WTYPE,1,EF_ITEMGRADE,2
867,Adaga,905.0,99.194.0.130.0,45,63000,192,2715,0,EF_CLASS,255,EF_GRID,0,EF_DAMAGE,125,EF_RANGE,2,EF_WTYPE,1,EF_ITEMGRADE,3
868,Adaga,906.0,118.232.0.158.0,45,83000,192,2719,0,EF_CLASS,255,EF_GRID,0,EF_DAMAGE,153,EF_RANGE,2,EF_WTYPE,1,EF_ITEMGRADE,3
869,Adaga,925.0,137.308.0.217.0,45,103000,192,2723,0,EF_CLASS,255,EF_GRID,0,EF_DAMAGE,184,EF_RANGE,2,EF_WTYPE,1,EF_ITEMGRADE,4
870,Adaga,36.0,156.395.0.268.0,45,123000,192,2727,0,EF_CLASS,255,EF_GRID,0,EF_DAMAGE,228,EF_RANGE,2,EF_WTYPE,1,EF_ITEMGRADE,4
871,Adaga,766.0,285.0.0.0.0,45,270000,192,2731,0,EF_CLASS,255,EF_GRID,0,EF_DAMAGE,260,EF_RANGE,2,EF_WTYPE,1,EF_CRITICAL,10,EF_TRANS,1,EF_ITEMGRADE,5
876,Dardo,871.0,3.8.0.9.0,46,250,64,2751,0,EF_CLASS,5,EF_GRID,0,EF_DAMAGE,6,EF_RANGE,4,EF_WTYPE,102,EF_ITEMGRADE,1
877,Dardo,873.0,18.20.0.27.0,46,950,64,2755,0,EF_CLASS,5,EF_GRID,0,EF_DAMAGE,22,EF_RANGE,4,EF_WTYPE,103,EF_ITEMGRADE,1
878,Dardo,872.0,32.31.0.44.0,46,3000,64,2759,0,EF_CLASS,5,EF_GRID,0,EF_DAMAGE,37,EF_RANGE,4,EF_WTYPE,102,EF_ATTSPEED,1,EF_ITEMGRADE,1
879,Dardo,875.0,48.44.0.63.0,46,7600,64,2763,0,EF_CLASS,5,EF_GRID,0,EF_DAMAGE,60,EF_RANGE,4,EF_WTYPE,103,EF_ATTSPEED,1,EF_ITEMGRADE,1
880,Dardo,874.0,67.59.0.86.0,46,17000,64,2767,0,EF_CLASS,5,EF_GRID,0,EF_DAMAGE,86,EF_RANGE,4,EF_WTYPE,103,EF_ATTSPEED,1,EF_ITEMGRADE,2
881,Dardo,876.0,87.75.0.110.0,46,42000,64,2771,0,EF_CLASS,5,EF_GRID,0,EF_DAMAGE,106,EF_RANGE,4,EF_WTYPE,103,EF_ATTSPEED,1,EF_ITEMGRADE,2
882,Dardo,877.0,108.148.0.158.0,46,62000,64,2775,0,EF_CLASS,5,EF_GRID,0,EF_DAMAGE,138,EF_RANGE,4,EF_WTYPE,103,EF_ATTSPEED,1,EF_ITEMGRADE,3
883,Dardo,907.0,127.171.0.185.0,46,82000,64,2779,0,EF_CLASS,5,EF_GRID,0,EF_DAMAGE,165,EF_RANGE,4,EF_WTYPE,103,EF_ATTSPEED,1,EF_ITEMGRADE,3
884,Dardo,908.0,146.215.0.212.0,46,102000,64,2783,0,EF_CLASS,5,EF_GRID,0,EF_DAMAGE,197,EF_RANGE,4,EF_WTYPE,103,EF_ATTSPEED,1,EF_ITEMGRADE,4
885,Dardo,37.0,158.256.0.237.0,46,122000,64,2787,0,EF_CLASS,5,EF_GRID,0,EF_DAMAGE,228,EF_RANGE,4,EF_WTYPE,103,EF_ATTSPEED,1,EF_ITEMGRADE,4
886,Dardo,767.0,284.0.0.0.0,46,270000,64,2791,0,EF_CLASS,5,EF_GRID,0,EF_DAMAGE,264,EF_RANGE,4,EF_WTYPE,103,EF_ATTSPEED,1,EF_TRANS,1,EF_ITEMGRADE,5
891,Cajado,881.0,0.0.0.0.0,47,200,192,2811,0,EF_CLASS,2,EF_GRID,0,EF_DAMAGE,4,EF_RANGE,1,EF_WTYPE,31,EF_MAGIC,5,EF_ITEMGRADE,1
892,Cajado,832.0,16.14.30.0.0,47,4000,64,2815,0,EF_CLASS,2,EF_GRID,0,EF_DAMAGE,21,EF_RANGE,2,EF_WTYPE,32,EF_MAGIC,10,EF_ITEMGRADE,1
893,Cajado,833.0,30.21.51.0.0,47,9500,64,2819,0,EF_CLASS,2,EF_GRID,0,EF_DAMAGE,36,EF_RANGE,2,EF_WTYPE,32,EF_MAGIC,15,EF_ITEMGRADE,1
894,Cajado,884.0,46.29.75.0.0,47,20000,192,2823,0,EF_CLASS,2,EF_GRID,0,EF_DAMAGE,59,EF_RANGE,1,EF_WTYPE,31,EF_MAGIC,13,EF_ITEMGRADE,1
895,Cajado,834.0,65.38.103.0.0,47,35000,64,2827,0,EF_CLASS,2,EF_GRID,0,EF_DAMAGE,86,EF_RANGE,2,EF_WTYPE,32,EF_MAGIC,25,EF_ITEMGRADE,2
896,Cajado,835.0,85.48.133.0.0,47,48000,64,2831,0,EF_CLASS,2,EF_GRID,0,EF_DAMAGE,107,EF_RANGE,2,EF_WTYPE,32,EF_MAGIC,30,EF_ITEMGRADE,2
897,Cajado,836.0,106.90.239.0.0,47,68000,64,2835,0,EF_CLASS,2,EF_GRID,0,EF_DAMAGE,133,EF_RANGE,2,EF_WTYPE,32,EF_MAGIC,35,EF_ITEMGRADE,3
898,Cajado,898.0,125.108.325.0.0,47,88000,64,2839,0,EF_CLASS,2,EF_GRID,0,EF_DAMAGE,163,EF_RANGE,2,EF_WTYPE,32,EF_MAGIC,40,EF_ITEMGRADE,3
899,Cajado,926.0,144.131.388.0.0,47,108000,64,2843,0,EF_CLASS,2,EF_GRID,0,EF_DAMAGE,195,EF_RANGE,2,EF_WTYPE,32,EF_MAGIC,45,EF_ITEMGRADE,4
900,Cajado,33.0,157.147.446.0.0,47,128000,64,2847,0,EF_CLASS,2,EF_GRID,0,EF_DAMAGE,223,EF_RANGE,2,EF_WTYPE,32,EF_MAGIC,50,EF_ITEMGRADE,4
901,Cajado,915.0,101.56.157.0.0,47,46000,192,2851,0,EF_CLASS,2,EF_GRID,0,EF_DAMAGE,110,EF_RANGE,1,EF_WTYPE,31,EF_MAGIC,18,EF_ITEMGRADE,3
902,Cajado,916.0,150.81.231.0.0,47,85000,192,2855,0,EF_CLASS,2,EF_GRID,0,EF_DAMAGE,162,EF_RANGE,1,EF_WTYPE,31,EF_MAGIC,24,EF_ITEMGRADE,4
903,Cajado,761.0,288.0.0.0.0,47,270000,64,2863,0,EF_CLASS,2,EF_GRID,0,EF_DAMAGE,230,EF_RANGE,2,EF_WTYPE,32,EF_MAGIC,57,EF_TRANS,1,EF_ITEMGRADE,5
904,Cajado,768.0,284.0.0.0.0,47,270000,192,2859,0,EF_CLASS,2,EF_GRID,0,EF_DAMAGE,170,EF_RANGE,1,EF_WTYPE,31,EF_MAGIC,32,EF_TRANS,1,EF_ITEMGRADE,5
906,Espada,886.0,42.80.0.41.0,45,10000,192,2871,0,EF_CLASS,1,EF_GRID,0,EF_DAMAGE,43,EF_RANGE,2,EF_WTYPE,1,EF_ITEMGRADE,2
907,Espada,887.0,84.150.0.75.0,45,30000,192,2875,0,EF_CLASS,1,EF_GRID,0,EF_DAMAGE,81,EF_RANGE,2,EF_WTYPE,1,EF_ITEMGRADE,4
908,Espada,829.0,89.170.0.80.0,48,60000,64,2879,0,EF_CLASS,1,EF_GRID,0,EF_DAMAGE,158,EF_RANGE,2,EF_WTYPE,3,EF_ITEMGRADE,3,EF_STR,15
909,Espada,830.0,112.312.0.108.0,48,90000,64,2883,0,EF_CLASS,1,EF_GRID,0,EF_DAMAGE,224,EF_RANGE,2,EF_WTYPE,3,EF_ITEMGRADE,3,EF_STR,30
910,Espada,897.0,139.456.0.135.0,48,120000,64,2887,0,EF_CLASS,1,EF_GRID,0,EF_DAMAGE,288,EF_RANGE,2,EF_WTYPE,3,EF_ITEMGRADE,4,EF_STR,45
911,Espada,38.0,159.522.0.158.0,48,150000,64,2891,0,EF_CLASS,1,EF_GRID,0,EF_DAMAGE,333,EF_RANGE,2,EF_WTYPE,3,EF_ITEMGRADE,4,EF_STR,60
912,Espada,760.0,290.0.0.0.0,48,270000,64,2895,0,EF_CLASS,1,EF_GRID,0,EF_DAMAGE,396,EF_RANGE,2,EF_WTYPE,3,EF_TRANS,1,EF_ITEMGRADE,5,EF_STR,130
916,Machado,806.0,0.34.0.0.0,41,0,192,0,0,EF_CLASS,255,EF_GRID,0,EF_DAMAGE,57,EF_RANGE,1,EF_WTYPE,11,EF_CRITICAL,20,EF_ITEMGRADE,2
917,Adaga,867.0,0.0.0.32.0,45,0,192,0,0,EF_CLASS,255,EF_GRID,0,EF_DAMAGE,55,EF_RANGE,1,EF_WTYPE,1,EF_CRITICAL,20,EF_ITEMGRADE,2
918,Lança,882.0,0.0.32.0.0,47,0,192,0,0,EF_CLASS,2,EF_GRID,0,EF_DAMAGE,34,EF_RANGE,1,EF_WTYPE,31,EF_MAGIC,15,EF_ITEMGRADE,2
919,Cajado,831.0,0.0.43.0.0,47,0,64,0,0,EF_CLASS,2,EF_GRID,0,EF_DAMAGE,48,EF_RANGE,2,EF_WTYPE,32,EF_MAGIC,20,EF_ITEMGRADE,2
920,Cajado_2,855.0,0.0.40.0.0,44,0,64,0,0,EF_CLASS,5,EF_GRID,0,EF_DAMAGE,49,EF_RANGE,2,EF_WTYPE,21,EF_MAGIC,22,EF_ITEMGRADE,2
921,Garra,839.0,0.0.0.0.30,43,0,64,0,0,EF_CLASS,9,EF_GRID,0,EF_DAMAGE,52,EF_RANGE,1,EF_WTYPE,41,EF_AC,10,EF_ITEMGRADE,2
922,Lança,878.0,0.0.0.27.0,46,0,64,0,0,EF_CLASS,5,EF_GRID,0,EF_DAMAGE,43,EF_RANGE,4,EF_WTYPE,103,EF_ATTSPEED,1,EF_ITEMGRADE,2
923,Arco,816.0,0.0.0.29.0,42,0,64,0,0,EF_CLASS,10,EF_GRID,0,EF_DAMAGE,40,EF_RANGE,5,EF_WTYPE,101,EF_ATTSPEED,1,EF_ITEMGRADE,2
931,Martelo,809.0,34.91.0.0.0,49,12000,64,2911,0,EF_CLASS,1,EF_GRID,0,EF_DAMAGE,60,EF_RANGE,2,EF_WTYPE,13,EF_ITEMGRADE,2
932,Martelo,810.0,63.171.0.0.0,49,36000,64,2915,0,EF_CLASS,1,EF_GRID,0,EF_DAMAGE,113,EF_RANGE,2,EF_WTYPE,3,EF_ITEMGRADE,2,EF_CRITICAL,5
933,Machado,813.0,91.261.0.0.0,49,66000,64,2919,0,EF_CLASS,1,EF_GRID,0,EF_DAMAGE,172,EF_RANGE,2,EF_WTYPE,13,EF_ITEMGRADE,3,EF_CRITICAL,10
934,Machado,814.0,114.396.0.0.0,49,96000,64,2923,0,EF_CLASS,1,EF_GRID,0,EF_DAMAGE,231,EF_RANGE,2,EF_WTYPE,13,EF_ITEMGRADE,3,EF_CRITICAL,15
935,Martelo,811.0,141.598.0.0.0,49,126000,64,2927,0,EF_CLASS,1,EF_GRID,0,EF_DAMAGE,296,EF_RANGE,2,EF_WTYPE,13,EF_ITEMGRADE,4,EF_CRITICAL,20
936,Martelo,39.0,159.654.0.0.0,49,156000,64,2931,0,EF_CLASS,1,EF_GRID,0,EF_DAMAGE,339,EF_RANGE,2,EF_WTYPE,13,EF_ITEMGRADE,4,EF_CRITICAL,25
937,Martelo,759.0,290.0.0.0.0,49,270000,64,2935,0,EF_CLASS,1,EF_GRID,0,EF_DAMAGE,401,EF_RANGE,2,EF_WTYPE,13,EF_TRANS,1,EF_ITEMGRADE,5,EF_CRITICAL,35
938,Martelo,890.0,0.0.0.0.0,41,10000,192,0,0,EF_CLASS,255,EF_GRID,0,EF_DAMAGE,162,EF_RANGE,2,EF_WTYPE,11,EF_CRITICAL,20,EF_ITEMGRADE,3
939,Skeleton_Dagger,923.0,0.0.0.0.0,45,10000,192,0,0,EF_CLASS,255,EF_GRID,0,EF_DAMAGE,150,EF_RANGE,2,EF_WTYPE,1,EF_CRITICAL,20,EF_ITEMGRADE,3
940,Skeleton_Staff,912.0,0.0.0.0.0,47,10000,64,0,0,EF_CLASS,2,EF_GRID,0,EF_DAMAGE,135,EF_RANGE,2,EF_WTYPE,32,EF_MAGIC,37,EF_ITEMGRADE,3
941,Skeleton_Hammer,931.0,0.0.0.0.0,44,10000,64,0,0,EF_CLASS,5,EF_GRID,0,EF_DAMAGE,137,EF_RANGE,2,EF_WTYPE,13,EF_MAGIC,37,EF_ITEMGRADE,3
942,Skeleton_Dart,892.0,0.0.0.0.0,46,10000,64,0,0,EF_CLASS,5,EF_GRID,0,EF_DAMAGE,140,EF_RANGE,4,EF_WTYPE,103,EF_ATTSPEED,1,EF_ITEMGRADE,3
943,Skeleton_Bow,13.0,0.0.0.0.0,42,10000,64,0,0,EF_CLASS,10,EF_GRID,0,EF_DAMAGE,170,EF_RANGE,5,EF_WTYPE,101,EF_ATTSPEED,1,EF_ITEMGRADE,3
944,Skeleton_Axe,911.0,0.0.0.0.0,49,10000,64,0,0,EF_CLASS,1,EF_GRID,0,EF_DAMAGE,185,EF_RANGE,2,EF_WTYPE,13,EF_CRITICAL,20,EF_ITEMGRADE,3
945,Bone_Sword,924.0,0.0.0.0.0,48,10000,64,0,0,EF_CLASS,1,EF_GRID,0,EF_DAMAGE,173,EF_RANGE,2,EF_WTYPE,3,EF_CRITICAL,20,EF_ITEMGRADE,3
946,Machado,806.0,0.0.0.0.0,0,0,192,0,0,EF_CLASS,255,EF_GRID,0,EF_RANGE,1,EF_WTYPE,11
947,Martelo,811.0,0.0.0.0.0,0,0,64,0,0,EF_CLASS,255,EF_GRID,0,EF_RANGE,2,EF_WTYPE,13
948,Machado,812.0,0.0.0.0.0,0,0,64,0,0,EF_CLASS,255,EF_GRID,0,EF_RANGE,2,EF_WTYPE,13
949,Machado,814.0,0.0.0.0.0,0,0,64,0,0,EF_CLASS,255,EF_GRID,0,EF_RANGE,2,EF_WTYPE,13
950,Arco_mob,821.0,0.0.0.0.0,0,0,64,0,0,EF_CLASS,255,EF_GRID,0,EF_RANGE,6,EF_WTYPE,101
951,Espada,865.0,25.36.0.26.0,45,3200,192,2699,0,EF_CLASS,255,EF_GRID,0,EF_DAMAGE,30,EF_RANGE,1,EF_WTYPE,1,EF_BONUS,1,EF_BONUS,2,EF_BONUS,3,EF_ITEMGRADE,1
952,Espada,866.0,38.51.0.36.0,45,8300,192,2703,0,EF_CLASS,255,EF_GRID,0,EF_DAMAGE,47,EF_RANGE,1,EF_WTYPE,1,EF_BONUS,2,EF_BONUS,2,EF_BONUS,3,EF_ITEMGRADE,1
953,Espada,870.0,64.82.0.57.0,45,18000,192,2707,0,EF_CLASS,255,EF_GRID,0,EF_DAMAGE,72,EF_RANGE,1,EF_WTYPE,1,EF_BONUS,3,EF_BONUS,2,EF_BONUS,3,EF_ITEMGRADE,2
954,Espada,868.0,78.102.0.74.0,45,43000,192,2711,0,EF_CLASS,255,EF_GRID,0,EF_DAMAGE,96,EF_RANGE,1,EF_WTYPE,1,EF_BONUS,3,EF_BONUS,3,EF_BONUS,3,EF_ITEMGRADE,2
955,Espada,905.0,99.194.0.130.0,45,63000,192,2715,0,EF_CLASS,255,EF_GRID,0,EF_DAMAGE,125,EF_RANGE,2,EF_WTYPE,1,EF_BONUS,3,EF_BONUS,3,EF_BONUS,4,EF_ITEMGRADE,3
956,Espada,886.0,42.80.0.41.0,45,10000,192,2871,0,EF_CLASS,1,EF_GRID,0,EF_DAMAGE,43,EF_RANGE,2,EF_WTYPE,1,EF_BONUS,2,EF_BONUS,2,EF_BONUS,3,EF_ITEMGRADE,2
957,Espada,887.0,84.150.0.75.0,45,30000,192,2875,0,EF_CLASS,1,EF_GRID,0,EF_DAMAGE,81,EF_RANGE,2,EF_WTYPE,1,EF_BONUS,3,EF_BONUS,2,EF_BONUS,3,EF_ITEMGRADE,4
958,Espada,829.0,89.170.0.80.0,48,60000,64,2879,0,EF_CLASS,1,EF_GRID,0,EF_DAMAGE,140,EF_RANGE,2,EF_WTYPE,3,EF_BONUS,3,EF_BONUS,3,EF_BONUS,3,EF_ITEMGRADE,3
959,Espada,830.0,112.312.0.108.0,48,90000,64,2883,0,EF_CLASS,1,EF_GRID,0,EF_DAMAGE,198,EF_RANGE,2,EF_WTYPE,3,EF_BONUS,3,EF_BONUS,3,EF_BONUS,4,EF_ITEMGRADE,3
960,Espada,897.0,139.456.0.135.0,48,120000,64,2887,0,EF_CLASS,1,EF_GRID,0,EF_DAMAGE,255,EF_RANGE,2,EF_WTYPE,3,EF_BONUS,3,EF_BONUS,4,EF_BONUS,4,EF_ITEMGRADE,4
961,Machado,803.0,29.61.0.0.0,41,3600,192,2459,0,EF_CLASS,255,EF_GRID,0,EF_DAMAGE,34,EF_RANGE,1,EF_WTYPE,1,EF_BONUS,1,EF_BONUS,2,EF_BONUS,3,EF_ITEMGRADE,1
962,Machado,804.0,45.91.0.0.0,41,9200,192,2463,0,EF_CLASS,255,EF_GRID,0,EF_DAMAGE,57,EF_RANGE,1,EF_WTYPE,1,EF_BONUS,2,EF_BONUS,2,EF_BONUS,3,EF_ITEMGRADE,1
963,Machado,807.0,64.127.0.0.0,41,21000,192,2467,0,EF_CLASS,255,EF_GRID,0,EF_DAMAGE,83,EF_RANGE,1,EF_WTYPE,11,EF_BONUS,3,EF_BONUS,2,EF_BONUS,3,EF_ITEMGRADE,2
964,Machado,808.0,84.184.0.0.0,41,50000,192,2471,0,EF_CLASS,255,EF_GRID,0,EF_DAMAGE,104,EF_RANGE,1,EF_WTYPE,11,EF_BONUS,3,EF_BONUS,3,EF_BONUS,3,EF_ITEMGRADE,2
965,Machado,894.0,105.296.0.0.0,41,70000,192,2475,0,EF_CLASS,255,EF_GRID,0,EF_DAMAGE,137,EF_RANGE,2,EF_WTYPE,11,EF_BONUS,3,EF_BONUS,3,EF_BONUS,4,EF_ITEMGRADE,3
966,Martelo,809.0,34.91.0.0.0,49,12000,64,2911,0,EF_CLASS,1,EF_GRID,0,EF_DAMAGE,53,EF_RANGE,2,EF_WTYPE,13,EF_BONUS,2,EF_BONUS,2,EF_BONUS,3,EF_ITEMGRADE,2
967,Martelo,810.0,63.171.0.0.0,49,36000,64,2915,0,EF_CLASS,1,EF_GRID,0,EF_DAMAGE,100,EF_RANGE,2,EF_WTYPE,3,EF_BONUS,3,EF_BONUS,2,EF_BONUS,3,EF_ITEMGRADE,2
968,Martelo,813.0,91.261.0.0.0,49,66000,64,2919,0,EF_CLASS,1,EF_GRID,0,EF_DAMAGE,152,EF_RANGE,2,EF_WTYPE,13,EF_BONUS,3,EF_BONUS,3,EF_BONUS,3,EF_ITEMGRADE,3
969,Martelo,814.0,114.396.0.0.0,49,96000,64,2923,0,EF_CLASS,1,EF_GRID,0,EF_DAMAGE,204,EF_RANGE,2,EF_WTYPE,13,EF_BONUS,3,EF_BONUS,3,EF_BONUS,4,EF_ITEMGRADE,3
970,Martelo,811.0,141.598.0.0.0,49,126000,64,2927,0,EF_CLASS,1,EF_GRID,0,EF_DAMAGE,262,EF_RANGE,2,EF_WTYPE,13,EF_BONUS,3,EF_BONUS,4,EF_BONUS,4,EF_ITEMGRADE,4
971,Arco,820.0,27.24.0.41.0,42,3100,64,2519,0,EF_CLASS,10,EF_GRID,0,EF_DAMAGE,34,EF_RANGE,5,EF_WTYPE,101,EF_ATTSPEED,1,EF_BONUS,2,EF_BONUS,2,EF_BONUS,3,EF_ITEMGRADE,1
972,Arco,822.0,39.33.0.56.0,42,8800,64,2523,0,EF_CLASS,10,EF_GRID,0,EF_DAMAGE,58,EF_RANGE,5,EF_WTYPE,101,EF_ATTSPEED,1,EF_BONUS,2,EF_BONUS,3,EF_BONUS,3,EF_ITEMGRADE,1
973,Arco,823.0,65.51.0.90.0,42,19000,64,2527,0,EF_CLASS,10,EF_GRID,0,EF_DAMAGE,89,EF_RANGE,5,EF_WTYPE,101,EF_ATTSPEED,1,EF_BONUS,3,EF_BONUS,2,EF_BONUS,4,EF_ITEMGRADE,2
974,Arco,824.0,79.61.0.108.0,42,45000,64,2531,0,EF_CLASS,10,EF_GRID,0,EF_DAMAGE,115,EF_RANGE,5,EF_WTYPE,101,EF_ATTSPEED,1,EF_BONUS,3,EF_BONUS,3,EF_BONUS,4,EF_ITEMGRADE,2
975,Arco,825.0,100.106.0.156.0,42,65000,64,2535,0,EF_CLASS,10,EF_GRID,0,EF_DAMAGE,148,EF_RANGE,5,EF_WTYPE,101,EF_ATTSPEED,1,EF_BONUS,3,EF_BONUS,3,EF_BONUS,4,EF_ITEMGRADE,3
976,Cajado,833.0,30.21.51.0.0,47,3100,64,2819,0,EF_CLASS,2,EF_GRID,0,EF_DAMAGE,36,EF_RANGE,2,EF_WTYPE,32,EF_MAGIC,15,EF_BONUS,1,EF_BONUS,2,EF_BONUS,3,EF_ITEMGRADE,1
977,Cajado,884.0,46.29.75.0.0,47,8500,192,2823,0,EF_CLASS,2,EF_GRID,0,EF_DAMAGE,59,EF_RANGE,1,EF_WTYPE,31,EF_MAGIC,13,EF_BONUS,2,EF_BONUS,2,EF_BONUS,3,EF_ITEMGRADE,1
978,Cajado,834.0,65.38.103.0.0,47,19000,64,2827,0,EF_CLASS,2,EF_GRID,0,EF_DAMAGE,86,EF_RANGE,2,EF_WTYPE,32,EF_MAGIC,25,EF_BONUS,3,EF_BONUS,2,EF_BONUS,3,EF_ITEMGRADE,2
979,Cajado,835.0,85.48.133.0.0,47,44000,64,2831,0,EF_CLASS,2,EF_GRID,0,EF_DAMAGE,107,EF_RANGE,2,EF_WTYPE,32,EF_MAGIC,30,EF_BONUS,3,EF_BONUS,3,EF_BONUS,3,EF_ITEMGRADE,2
980,Cajado,836.0,106.90.239.0.0,47,68000,64,2835,0,EF_CLASS,2,EF_GRID,0,EF_DAMAGE,133,EF_RANGE,2,EF_WTYPE,32,EF_MAGIC,35,EF_BONUS,3,EF_BONUS,3,EF_BONUS,4,EF_ITEMGRADE,3
981,Garra,840.0,31.30.0.0.43,43,3900,64,2579,0,EF_CLASS,9,EF_GRID,0,EF_DAMAGE,45,EF_RANGE,0,EF_WTYPE,41,EF_AC,6,EF_BONUS,2,EF_BONUS,2,EF_BONUS,3,EF_ITEMGRADE,1
982,Garra,842.0,47.43.0.0.62,43,9200,64,2583,0,EF_CLASS,9,EF_GRID,0,EF_DAMAGE,70,EF_RANGE,0,EF_WTYPE,41,EF_AC,10,EF_BONUS,2,EF_BONUS,3,EF_BONUS,3,EF_ITEMGRADE,1
983,Garra,843.0,66.58.0.0.85,43,20000,64,2587,0,EF_CLASS,9,EF_GRID,0,EF_DAMAGE,101,EF_RANGE,0,EF_WTYPE,41,EF_AC,14,EF_BONUS,3,EF_BONUS,2,EF_BONUS,4,EF_ITEMGRADE,2
984,Garra,844.0,86.74.0.0.109,43,49000,64,2591,0,EF_CLASS,9,EF_GRID,0,EF_DAMAGE,126,EF_RANGE,0,EF_WTYPE,41,EF_AC,18,EF_BONUS,3,EF_BONUS,3,EF_BONUS,4,EF_ITEMGRADE,2
985,Lança,899.0,107.146.0.0.181,43,69000,64,2595,0,EF_CLASS,9,EF_GRID,0,EF_DAMAGE,163,EF_RANGE,0,EF_WTYPE,41,EF_AC,22,EF_BONUS,3,EF_BONUS,3,EF_BONUS,4,EF_ITEMGRADE,3
986,Lança,858.0,31.33.37.0.0,44,4000,64,2639,0,EF_CLASS,5,EF_GRID,0,EF_DAMAGE,38,EF_RANGE,2,EF_WTYPE,21,EF_MAGIC,15,EF_BONUS,2,EF_BONUS,2,EF_BONUS,3,EF_ITEMGRADE,1
987,Lança,859.0,47.48.53.0.0,44,9500,64,2643,0,EF_CLASS,5,EF_GRID,0,EF_DAMAGE,60,EF_RANGE,2,EF_WTYPE,21,EF_MAGIC,20,EF_BONUS,2,EF_BONUS,3,EF_BONUS,3,EF_ITEMGRADE,1
988,Lança,860.0,66.65.72.0.0,44,23000,64,2647,0,EF_CLASS,5,EF_GRID,0,EF_DAMAGE,88,EF_RANGE,2,EF_WTYPE,21,EF_MAGIC,25,EF_BONUS,3,EF_BONUS,2,EF_BONUS,4,EF_ITEMGRADE,2
989,Lança,861.0,86.83.92.0.0,44,53000,64,2651,0,EF_CLASS,5,EF_GRID,0,EF_DAMAGE,110,EF_RANGE,2,EF_WTYPE,21,EF_MAGIC,30,EF_BONUS,3,EF_BONUS,3,EF_BONUS,4,EF_ITEMGRADE,2
990,Lança,862.0,107.145.166.0.0,44,73000,64,2655,0,EF_CLASS,5,EF_GRID,0,EF_DAMAGE,139,EF_RANGE,2,EF_WTYPE,21,EF_MAGIC,35,EF_BONUS,3,EF_BONUS,3,EF_BONUS,4,EF_ITEMGRADE,3
991,Dardo,872.0,32.31.0.44.0,46,3000,64,2759,0,EF_CLASS,5,EF_GRID,0,EF_DAMAGE,37,EF_RANGE,4,EF_WTYPE,102,EF_ATTSPEED,1,EF_BONUS,2,EF_BONUS,2,EF_BONUS,3,EF_ITEMGRADE,1
992,Dardo,875.0,48.44.0.63.0,46,7600,64,2763,0,EF_CLASS,5,EF_GRID,0,EF_DAMAGE,60,EF_RANGE,4,EF_WTYPE,103,EF_ATTSPEED,1,EF_BONUS,2,EF_BONUS,3,EF_BONUS,3,EF_ITEMGRADE,1
993,Dardo,874.0,67.59.0.86.0,46,17000,64,2767,0,EF_CLASS,5,EF_GRID,0,EF_DAMAGE,86,EF_RANGE,4,EF_WTYPE,103,EF_ATTSPEED,1,EF_BONUS,3,EF_BONUS,2,EF_BONUS,4,EF_ITEMGRADE,2
994,Dardo,876.0,87.75.0.110.0,46,42000,64,2771,0,EF_CLASS,5,EF_GRID,0,EF_DAMAGE,106,EF_RANGE,4,EF_WTYPE,103,EF_ATTSPEED,1,EF_BONUS,3,EF_BONUS,3,EF_BONUS,4,EF_ITEMGRADE,2
995,Dardo,877.0,108.148.0.158.0,46,62000,64,2775,0,EF_CLASS,5,EF_GRID,0,EF_DAMAGE,138,EF_RANGE,4,EF_WTYPE,103,EF_ATTSPEED,1,EF_BONUS,3,EF_BONUS,3,EF_BONUS,4,EF_ITEMGRADE,3
996,Varinha_do_Noel,734.0,0.0.0.0.0,47,0,192,0,0,EF_CLASS,29,EF_GRID,0,EF_RANGE,1,EF_WTYPE,31
997,NULL_,2906.0,315.0.0.0.0,45,650000,192,0,0,EF_CLASS,255,EF_GRID,0,EF_DAMAGE,296,EF_RANGE,2,EF_WTYPE,1,EF_TRANS,1,EF_ITEMGRADE,6
998,NULL_,2907.0,320.0.0.0.0,42,650000,64,0,0,EF_CLASS,10,EF_GRID,0,EF_DAMAGE,351,EF_RANGE,5,EF_WTYPE,101,EF_ATTSPEED,1,EF_TRANS,1,EF_ITEMGRADE,6
999,NULL_,2909.0,320.0.0.0.0,44,650000,64,0,0,EF_CLASS,10,EF_GRID,0,EF_DAMAGE,269,EF_RANGE,2,EF_WTYPE,21,EF_MAGIC,63,EF_TRANS,1,EF_ITEMGRADE,6
1000,NULL_,2908.0,319.0.0.0.0,47,650000,64,0,0,EF_CLASS,2,EF_GRID,0,EF_DAMAGE,230,EF_RANGE,2,EF_WTYPE,32,EF_MAGIC,65,EF_TRANS,1,EF_ITEMGRADE,6
1005,NULL_,2918.0,285.0.0.0.0,41,5000,192,2491,0,EF_CLASS,255,EF_GRID,0,EF_DAMAGE,505,EF_RANGE,2,EF_WTYPE,11,EF_TRANS,3,EF_ITEMGRADE,6,EF_ITEMTYPE,1,,1
1006,NULL_,2917.0,290.0.0.0.0,42,5000,64,2551,0,EF_CLASS,255,EF_GRID,0,EF_DAMAGE,597,EF_RANGE,5,EF_WTYPE,101,EF_ATTSPEED,1,EF_TRANS,3,EF_ITEMGRADE,6,EF_ITEMTYPE,1,,1
1007,NULL_,2916.0,282.0.0.0.0,43,5000,64,2611,0,EF_CLASS,255,EF_GRID,0,EF_DAMAGE,683,EF_RANGE,1,EF_WTYPE,41,EF_AC,55,EF_TRANS,3,EF_ITEMGRADE,6,EF_DEX,160,EF_ITEMTYPE,1,,1
1008,NULL_,2914.0,290.0.0.0.0,44,5000,64,2671,0,EF_CLASS,255,EF_GRID,0,EF_DAMAGE,457,EF_RANGE,2,EF_WTYPE,21,EF_MAGIC,107,EF_TRANS,3,EF_ITEMGRADE,6,EF_ITEMTYPE,1,,1
1009,NULL_,2913.0,285.0.0.0.0,45,5000,192,2731,0,EF_CLASS,255,EF_GRID,0,EF_DAMAGE,503,EF_RANGE,2,EF_WTYPE,1,EF_TRANS,3,EF_ITEMGRADE,6,EF_ITEMTYPE,1,,1
1010,NULL_,2921.0,284.0.0.0.0,46,5000,64,2791,0,EF_CLASS,255,EF_GRID,0,EF_DAMAGE,530,EF_RANGE,4,EF_WTYPE,103,EF_ATTSPEED,1,EF_TRANS,3,EF_ITEMGRADE,6,EF_ITEMTYPE,1,,1
1011,NULL_,2919.0,288.0.0.0.0,47,5000,192,2863,0,EF_CLASS,255,EF_GRID,0,EF_DAMAGE,289,EF_RANGE,1,EF_WTYPE,31,EF_MAGIC,68,EF_TRANS,3,EF_ITEMGRADE,6,EF_ITEMTYPE,1,,1
1012,NULL_,2915.0,284.0.0.0.0,47,5000,64,2859,0,EF_CLASS,255,EF_GRID,0,EF_DAMAGE,391,EF_RANGE,2,EF_WTYPE,32,EF_MAGIC,111,EF_TRANS,3,EF_ITEMGRADE,6,EF_ITEMTYPE,1,,1
1013,NULL_,2923.0,290.0.0.0.0,48,5000,64,2895,0,EF_CLASS,255,EF_GRID,0,EF_DAMAGE,753,EF_RANGE,2,EF_WTYPE,3,EF_TRANS,3,EF_ITEMGRADE,6,EF_STR,200,EF_ITEMTYPE,1,,1
1014,NULL_,2920.0,290.0.0.0.0,49,5000,64,2935,0,EF_CLASS,255,EF_GRID,0,EF_DAMAGE,760,EF_RANGE,2,EF_WTYPE,13,EF_TRANS,3,EF_ITEMGRADE,6,EF_CRITICAL,50,EF_ITEMTYPE,1,,1
1015,NULL_,2922.0,231.0.0.0.0,51,5000,128,0,0,EF_CLASS,255,EF_GRID,0,EF_AC,211,EF_TRANS,3,EF_ITEMGRADE,5,EF_ITEMTYPE,1,,1
1050,Classe:_TransKnight,0.0,0.0.0.0.0,0,0,1,0,0
1051,Classe:_Foema,0.0,0.0.0.0.0,0,0,1,0,0
1052,Classe:_BeastMaster,0.0,0.0.0.0.0,0,0,1,0,0
1053,Classe:_Huntress,0.0,0.0.0.0.0,0,0,1,0,0
1054,Linhagem:_Confiança,0.0,0.0.0.0.0,0,0,1,0,0
1055,Linhagem:_Trans,0.0,0.0.0.0.0,0,0,1,0,0
1056,Linhagem:_Espada_Mágica,0.0,0.0.0.0.0,0,0,1,0,0
1057,Linhagem:_Magia_Branca,0.0,0.0.0.0.0,0,0,1,0,0
1058,Linhagem:_Magia_Negra,0.0,0.0.0.0.0,0,0,1,0,0
1059,Linhagem:_Magia_Especial,0.0,0.0.0.0.0,0,0,1,0,0
1060,Linhagem:_Elemental,0.0,0.0.0.0.0,0,0,1,0,0
1061,Linhagem:_Evocação,0.0,0.0.0.0.0,0,0,1,0,0
1062,Linhagem:_Natureza,0.0,0.0.0.0.0,0,0,1,0,0
1063,Linhagem:_Sobrevivência,0.0,0.0.0.0.0,0,0,1,0,0
1064,Linhagem:_Troca,0.0,0.0.0.0.0,0,0,1,0,0
1065,Linhagem:_Captura,0.0,0.0.0.0.0,0,0,1,0,0
1101,Elmo(N),1.0,0.0.0.0.0,1,450,2,0,1,EF_CLASS,1,EF_GRID,0,EF_AC,2,EF_SAVEMANA,1,EF_ITEMGRADE,1
1102,Elmo(M),1.0,0.0.0.0.0,1,900,2,0,2,EF_CLASS,1,EF_GRID,0,EF_AC,3,EF_SAVEMANA,2,EF_ITEMGRADE,1
1103,Elmo(A),1.0,0.0.0.0.0,1,1650,2,0,3,EF_CLASS,1,EF_GRID,0,EF_AC,4,EF_SAVEMANA,2,EF_MPADD,4,EF_ITEMGRADE,1
1104,Elmo(N),1.0,0.0.0.0.0,2,2700,2,0,1,EF_CLASS,1,EF_GRID,0,EF_AC,6,EF_SAVEMANA,2,EF_ITEMGRADE,1
1105,Elmo(M),1.0,0.0.0.0.0,2,6200,2,0,2,EF_CLASS,1,EF_GRID,0,EF_AC,8,EF_SAVEMANA,3,EF_ITEMGRADE,1
1106,Elmo(A),1.0,0.0.0.0.0,2,9300,2,0,3,EF_CLASS,1,EF_GRID,0,EF_AC,11,EF_SAVEMANA,3,EF_MPADD,5,EF_ITEMGRADE,1
1107,Elmo(N),2.0,32.46.0.0.32,3,11300,2,0,1,EF_CLASS,1,EF_GRID,0,EF_AC,14,EF_SAVEMANA,3,EF_ITEMGRADE,2
1108,Elmo(M),2.0,32.46.0.0.32,3,13500,2,0,2,EF_CLASS,1,EF_GRID,0,EF_AC,18,EF_SAVEMANA,4,EF_ITEMGRADE,2
1109,Elmo(A),2.0,32.46.0.0.32,3,21000,2,0,3,EF_CLASS,1,EF_GRID,0,EF_AC,22,EF_SAVEMANA,4,EF_MPADD,6,EF_ITEMGRADE,2
1110,Elmo(N),2.0,32.46.0.0.32,4,31500,2,0,1,EF_CLASS,1,EF_GRID,0,EF_AC,26,EF_SAVEMANA,4,EF_ITEMGRADE,2
1111,Elmo(M),2.0,32.46.0.0.32,4,70000,2,0,2,EF_CLASS,1,EF_GRID,0,EF_AC,31,EF_SAVEMANA,5,EF_ITEMGRADE,2
1112,Elmo(A),2.0,32.46.0.0.32,4,98000,2,0,3,EF_CLASS,1,EF_GRID,0,EF_AC,37,EF_SAVEMANA,5,EF_MPADD,7,EF_ITEMGRADE,2
1113,Armadura(N),1.0,0.0.0.0.0,1,700,4,0,1,EF_CLASS,1,EF_GRID,0,EF_AC,4,EF_HPADD,3,EF_ITEMGRADE,1
1114,Armadura(M),1.0,0.0.0.0.0,1,1500,4,0,2,EF_CLASS,1,EF_GRID,0,EF_AC,6,EF_CRITICAL,10,EF_HPADD,3,EF_ITEMGRADE,1
1115,Armadura(A),1.0,0.0.0.0.0,1,2300,4,0,3,EF_CLASS,1,EF_GRID,0,EF_AC,8,EF_CRITICAL,5,EF_HPADD,4,EF_ITEMGRADE,1
1116,Armadura(N),1.0,0.0.0.0.0,2,4500,4,0,1,EF_CLASS,1,EF_GRID,0,EF_AC,11,EF_HPADD,3,EF_ITEMGRADE,1
1117,Armadura(M),1.0,0.0.0.0.0,2,8400,4,0,2,EF_CLASS,1,EF_GRID,0,EF_AC,15,EF_CRITICAL,20,EF_HPADD,3,EF_ITEMGRADE,1
1118,Armadura(A),1.0,0.0.0.0.0,2,12600,4,0,3,EF_CLASS,1,EF_GRID,0,EF_AC,19,EF_CRITICAL,10,EF_HPADD,4,EF_ITEMGRADE,1
1119,Armadura(N),2.0,43.59.0.0.41,3,21000,4,0,1,EF_CLASS,1,EF_GRID,0,EF_AC,24,EF_HPADD,4,EF_ITEMGRADE,2
1120,Armadura(M),2.0,43.59.0.0.41,3,31500,4,0,2,EF_CLASS,1,EF_GRID,0,EF_AC,29,EF_CRITICAL,30,EF_HPADD,4,EF_ITEMGRADE,2
1121,Armadura(A),2.0,43.59.0.0.41,3,46000,4,0,3,EF_CLASS,1,EF_GRID,0,EF_AC,34,EF_CRITICAL,15,EF_HPADD,5,EF_ITEMGRADE,2
1122,Armadura(N),2.0,43.59.0.0.41,4,66700,4,0,1,EF_CLASS,1,EF_GRID,0,EF_AC,39,EF_HPADD,4,EF_ITEMGRADE,2
1123,Armadura(M),2.0,43.59.0.0.41,4,99000,4,0,2,EF_CLASS,1,EF_GRID,0,EF_AC,43,EF_CRITICAL,40,EF_HPADD,4,EF_ITEMGRADE,2
1124,Armadura(A),2.0,43.59.0.0.41,4,148000,4,0,3,EF_CLASS,1,EF_GRID,0,EF_AC,47,EF_CRITICAL,30,EF_HPADD,5,EF_ITEMGRADE,2
1125,Calça(N),1.0,0.0.0.0.0,1,500,8,0,1,EF_CLASS,1,EF_GRID,0,EF_AC,2,EF_HPADD,1,EF_ITEMGRADE,1
1126,Calça(M),1.0,0.0.0.0.0,1,1100,8,0,2,EF_CLASS,1,EF_GRID,0,EF_AC,4,EF_CRITICAL,10,EF_HPADD,1,EF_ITEMGRADE,1
1127,Calça(A),1.0,0.0.0.0.0,1,2000,8,0,3,EF_CLASS,1,EF_GRID,0,EF_AC,5,EF_CRITICAL,5,EF_HPADD,1,EF_ITEMGRADE,1
1128,Calça(N),1.0,0.0.0.0.0,2,3600,8,0,1,EF_CLASS,1,EF_GRID,0,EF_AC,8,EF_HPADD,1,EF_ITEMGRADE,1
1129,Calça(M),1.0,0.0.0.0.0,2,7500,8,0,2,EF_CLASS,1,EF_GRID,0,EF_AC,11,EF_CRITICAL,20,EF_HPADD,1,EF_ITEMGRADE,1
1130,Calça(A),1.0,0.0.0.0.0,2,11000,8,0,3,EF_CLASS,1,EF_GRID,0,EF_AC,15,EF_CRITICAL,10,EF_HPADD,2,EF_ITEMGRADE,1
1131,Calça(N),2.0,35.50.0.0.35,3,17500,8,0,1,EF_CLASS,1,EF_GRID,0,EF_AC,19,EF_HPADD,2,EF_ITEMGRADE,2
1132,Calça(M),2.0,35.50.0.0.35,3,26200,8,0,2,EF_CLASS,1,EF_GRID,0,EF_AC,25,EF_CRITICAL,30,EF_HPADD,2,EF_ITEMGRADE,2
1133,Calça(A),2.0,35.50.0.0.35,3,39000,8,0,3,EF_CLASS,1,EF_GRID,0,EF_AC,30,EF_CRITICAL,15,EF_HPADD,3,EF_ITEMGRADE,2
1134,Calça(N),2.0,35.50.0.0.35,4,58000,8,0,1,EF_CLASS,1,EF_GRID,0,EF_AC,35,EF_HPADD,3,EF_ITEMGRADE,2
1135,Calça(M),2.0,35.50.0.0.35,4,87000,8,0,2,EF_CLASS,1,EF_GRID,0,EF_AC,38,EF_CRITICAL,40,EF_HPADD,3,EF_ITEMGRADE,2
1136,Calça(A),2.0,35.50.0.0.35,4,130000,8,0,3,EF_CLASS,1,EF_GRID,0,EF_AC,40,EF_CRITICAL,30,EF_HPADD,4,EF_ITEMGRADE,2
1137,Luvas(N),1.0,0.0.0.0.0,1,250,16,0,1,EF_CLASS,1,EF_GRID,0,EF_AC,1,EF_MPADD,1,EF_ITEMGRADE,1
1138,Luvas(M),1.0,0.0.0.0.0,1,650,16,0,2,EF_CLASS,1,EF_GRID,0,EF_AC,3,EF_ACADD,3,EF_MPADD,1,EF_ITEMGRADE,1
1139,Luvas(A),1.0,0.0.0.0.0,1,1400,16,0,3,EF_CLASS,1,EF_GRID,0,EF_AC,4,EF_ACADD,3,EF_MPADD,1,EF_ITEMGRADE,1
1140,Luvas(N),1.0,0.0.0.0.0,2,2250,16,0,1,EF_CLASS,1,EF_GRID,0,EF_AC,6,EF_MPADD,1,EF_ITEMGRADE,1
1141,Luvas(M),1.0,0.0.0.0.0,2,5300,16,0,2,EF_CLASS,1,EF_GRID,0,EF_AC,7,EF_ACADD,6,EF_MPADD,1,EF_ITEMGRADE,1
1142,Luvas(A),1.0,0.0.0.0.0,2,8000,16,0,3,EF_CLASS,1,EF_GRID,0,EF_AC,9,EF_ACADD,6,EF_MPADD,2,EF_ITEMGRADE,1
1143,Luvas(N),2.0,28.41.0.0.29,3,11500,16,0,1,EF_CLASS,1,EF_GRID,0,EF_AC,12,EF_MPADD,2,EF_ITEMGRADE,2
1144,Luvas(M),2.0,28.41.0.0.29,3,17000,16,0,2,EF_CLASS,1,EF_GRID,0,EF_AC,15,EF_ACADD,12,EF_MPADD,2,EF_ITEMGRADE,2
1145,Luvas(A),2.0,28.41.0.0.29,3,25500,16,0,3,EF_CLASS,1,EF_GRID,0,EF_AC,19,EF_ACADD,12,EF_MPADD,3,EF_ITEMGRADE,2
1146,Luvas(N),2.0,28.41.0.0.29,4,38000,16,0,1,EF_CLASS,1,EF_GRID,0,EF_AC,24,EF_MPADD,3,EF_ITEMGRADE,2
1147,Luvas(M),2.0,28.41.0.0.29,4,57000,16,0,2,EF_CLASS,1,EF_GRID,0,EF_AC,29,EF_ACADD,17,EF_MPADD,3,EF_ITEMGRADE,2
1148,Luvas(A),2.0,28.41.0.0.29,4,86000,16,0,3,EF_CLASS,1,EF_GRID,0,EF_AC,34,EF_ACADD,17,EF_MPADD,4,EF_ITEMGRADE,2
1149,Botas(N),1.0,0.0.0.0.0,1,300,32,0,1,EF_CLASS,1,EF_GRID,0,EF_AC,1,EF_REGENMP,5,EF_RUNSPEED,1,EF_ITEMGRADE,1
1150,Botas(M),1.0,0.0.0.0.0,1,850,32,0,2,EF_CLASS,1,EF_GRID,0,EF_AC,3,EF_REGENMP,5,EF_RUNSPEED,1,EF_ITEMGRADE,1
1151,Botas(A),1.0,0.0.0.0.0,1,1600,32,0,3,EF_CLASS,1,EF_GRID,0,EF_AC,4,EF_REGENMP,5,EF_DAMAGE,5,EF_RUNSPEED,1,EF_ITEMGRADE,1
1152,Botas(N),1.0,0.0.0.0.0,2,2800,32,0,1,EF_CLASS,1,EF_GRID,0,EF_AC,5,EF_REGENMP,5,EF_RUNSPEED,1,EF_ITEMGRADE,1
1153,Botas(M),1.0,0.0.0.0.0,2,6400,32,0,2,EF_CLASS,1,EF_GRID,0,EF_AC,7,EF_REGENMP,5,EF_RUNSPEED,1,EF_ITEMGRADE,1
1154,Botas(A),1.0,0.0.0.0.0,2,9600,32,0,3,EF_CLASS,1,EF_GRID,0,EF_AC,9,EF_REGENMP,10,EF_DAMAGE,9,EF_RUNSPEED,1,EF_ITEMGRADE,1
1155,Botas(N),2.0,30.44.0.0.31,3,14400,32,0,1,EF_CLASS,1,EF_GRID,0,EF_AC,13,EF_REGENMP,10,EF_RUNSPEED,1,EF_ITEMGRADE,2
1156,Botas(M),2.0,30.44.0.0.31,3,21600,32,0,2,EF_CLASS,1,EF_GRID,0,EF_AC,17,EF_REGENMP,10,EF_RUNSPEED,1,EF_ITEMGRADE,2
1157,Botas(A),2.0,30.44.0.0.31,3,32000,32,0,3,EF_CLASS,1,EF_GRID,0,EF_AC,21,EF_REGENMP,15,EF_DAMAGE,16,EF_RUNSPEED,1,EF_ITEMGRADE,2
1158,Botas(N),2.0,30.44.0.0.31,4,48000,32,0,1,EF_CLASS,1,EF_GRID,0,EF_AC,25,EF_REGENMP,15,EF_RUNSPEED,2,EF_ITEMGRADE,2
1159,Botas(M),2.0,30.44.0.0.31,4,71000,32,0,2,EF_CLASS,1,EF_GRID,0,EF_AC,29,EF_REGENMP,15,EF_RUNSPEED,2,EF_ITEMGRADE,2
1160,Botas(A),2.0,30.44.0.0.31,4,100000,32,0,3,EF_CLASS,1,EF_GRID,0,EF_AC,33,EF_REGENMP,20,EF_DAMAGE,24,EF_RUNSPEED,2,EF_ITEMGRADE,2
1161,Elmo(N),3.0,82.131.0.0.88,5,100000,2,2171,1,EF_CLASS,1,EF_GRID,0,EF_AC,41,EF_SAVEMANA,5,EF_ITEMGRADE,3
1162,Elmo(M),3.0,89.141.0.0.95,5,112000,2,2171,2,EF_CLASS,1,EF_GRID,0,EF_AC,47,EF_SAVEMANA,6,EF_ITEMGRADE,3
1163,Elmo(A),3.0,95.150.0.0.101,5,123000,2,2171,3,EF_CLASS,1,EF_GRID,0,EF_AC,51,EF_SAVEMANA,6,EF_MPADD,8,EF_ITEMGRADE,3
1164,Armadura(N),3.0,88.140.0.0.94,5,150000,4,2172,1,EF_CLASS,1,EF_GRID,0,EF_AC,56,EF_HPADD,3,EF_ITEMGRADE,3
1165,Armadura(M),3.0,94.149.0.0.100,5,159000,4,2172,2,EF_CLASS,1,EF_GRID,0,EF_AC,63,EF_CRITICAL,40,EF_HPADD,3,EF_ITEMGRADE,3
1166,Armadura(A),3.0,100.158.0.0.106,5,165000,4,2172,3,EF_CLASS,1,EF_GRID,0,EF_AC,67,EF_CRITICAL,30,EF_HPADD,4,EF_ITEMGRADE,3
1167,Calça(N),3.0,85.135.0.0.91,5,133000,8,2173,1,EF_CLASS,1,EF_GRID,0,EF_AC,49,EF_HPADD,3,EF_ITEMGRADE,3
1168,Calça(M),3.0,92.146.0.0.98,5,140000,8,2173,2,EF_CLASS,1,EF_GRID,0,EF_AC,55,EF_CRITICAL,40,EF_HPADD,3,EF_ITEMGRADE,3
1169,Calça(A),3.0,97.153.0.0.103,5,146000,8,2173,3,EF_CLASS,1,EF_GRID,0,EF_AC,59,EF_CRITICAL,30,EF_HPADD,4,EF_ITEMGRADE,3
1170,Luvas(N),3.0,76.122.0.0.82,5,90000,16,2174,1,EF_CLASS,1,EF_GRID,0,EF_AC,39,EF_MPADD,4,EF_ITEMGRADE,3
1171,Luvas(M),3.0,83.132.0.0.89,5,97000,16,2174,2,EF_CLASS,1,EF_GRID,0,EF_AC,44,EF_ACADD,17,EF_MPADD,4,EF_ITEMGRADE,3
1172,Luvas(A),3.0,87.138.0.0.93,5,102000,16,2174,3,EF_CLASS,1,EF_GRID,0,EF_AC,48,EF_ACADD,17,EF_MPADD,5,EF_ITEMGRADE,3
1173,Botas(N),3.0,79.126.0.0.85,5,103000,32,2175,1,EF_CLASS,1,EF_GRID,0,EF_AC,38,EF_RUNSPEED,2,EF_REGENMP,20,EF_ITEMGRADE,3
1174,Botas(M),3.0,86.137.0.0.92,5,110000,32,2175,2,EF_CLASS,1,EF_GRID,0,EF_AC,44,EF_RUNSPEED,2,EF_REGENMP,20,EF_ITEMGRADE,3
1175,Botas(A),3.0,91.144.0.0.97,5,116000,32,2175,3,EF_CLASS,1,EF_GRID,0,EF_AC,48,EF_RUNSPEED,2,EF_REGENMP,20,EF_DAMAGE,24,EF_ITEMGRADE,3
1176,Elmo(N),3.0,82.131.0.0.88,6,116000,2,2176,1,EF_CLASS,1,EF_GRID,0,EF_AC,55,EF_SAVEMANA,6,EF_ITEMGRADE,3
1177,Elmo(M),3.0,89.141.0.0.95,6,120000,2,2176,2,EF_CLASS,1,EF_GRID,0,EF_AC,61,EF_SAVEMANA,7,EF_ITEMGRADE,3
1178,Elmo(A),3.0,95.150.0.0.101,6,125000,2,2176,3,EF_CLASS,1,EF_GRID,0,EF_AC,65,EF_SAVEMANA,7,EF_MPADD,9,EF_ITEMGRADE,3
1179,Armadura(N),3.0,88.140.0.0.94,6,168000,4,2177,1,EF_CLASS,1,EF_GRID,0,EF_AC,74,EF_HPADD,3,EF_ITEMGRADE,3
1180,Armadura(M),3.0,94.149.0.0.100,6,171000,4,2177,2,EF_CLASS,1,EF_GRID,0,EF_AC,80,EF_CRITICAL,45,EF_HPADD,3,EF_ITEMGRADE,3
1181,Armadura(A),3.0,100.158.0.0.106,6,176000,4,2177,3,EF_CLASS,1,EF_GRID,0,EF_AC,85,EF_CRITICAL,35,EF_HPADD,4,EF_ITEMGRADE,3
1182,Calça(N),3.0,85.135.0.0.91,6,150000,8,2178,1,EF_CLASS,1,EF_GRID,0,EF_AC,65,EF_HPADD,3,EF_ITEMGRADE,3
1183,Calça(M),3.0,92.146.0.0.98,6,154000,8,2178,2,EF_CLASS,1,EF_GRID,0,EF_AC,70,EF_CRITICAL,45,EF_HPADD,3,EF_ITEMGRADE,3
1184,Calça(A),3.0,97.153.0.0.103,6,159000,8,2178,3,EF_CLASS,1,EF_GRID,0,EF_AC,73,EF_CRITICAL,35,EF_HPADD,4,EF_ITEMGRADE,3
1185,Luvas(N),3.0,76.122.0.0.82,6,106000,16,2179,1,EF_CLASS,1,EF_GRID,0,EF_AC,48,EF_MPADD,5,EF_ITEMGRADE,3
1186,Luvas(M),3.0,83.132.0.0.89,6,110000,16,2179,2,EF_CLASS,1,EF_GRID,0,EF_AC,54,EF_ACADD,17,EF_MPADD,5,EF_ITEMGRADE,3
1187,Luvas(A),3.0,87.138.0.0.93,6,113000,16,2179,3,EF_CLASS,1,EF_GRID,0,EF_AC,57,EF_ACADD,17,EF_MPADD,6,EF_ITEMGRADE,3
1188,Botas(N),3.0,79.126.0.0.85,6,120000,32,2180,1,EF_CLASS,1,EF_GRID,0,EF_AC,47,EF_RUNSPEED,2,EF_REGENMP,20,EF_ITEMGRADE,3
1189,Botas(M),3.0,86.137.0.0.92,6,124000,32,2180,2,EF_CLASS,1,EF_GRID,0,EF_AC,53,EF_RUNSPEED,2,EF_REGENMP,20,EF_ITEMGRADE,3
1190,Botas(A),3.0,91.144.0.0.97,6,128000,32,2180,3,EF_CLASS,1,EF_GRID,0,EF_AC,56,EF_RUNSPEED,2,EF_REGENMP,30,EF_DAMAGE,24,EF_ITEMGRADE,3
1191,Elmo(N),4.0,122.191.0.0.128,7,129000,2,2181,1,EF_CLASS,1,EF_GRID,0,EF_AC,69,EF_SAVEMANA,7,EF_ITEMGRADE,4
1192,Elmo(M),4.0,128.200.0.0.134,7,132000,2,2181,2,EF_CLASS,1,EF_GRID,0,EF_AC,74,EF_SAVEMANA,8,EF_ITEMGRADE,4
1193,Elmo(A),4.0,135.210.0.0.141,7,135000,2,2181,3,EF_CLASS,1,EF_GRID,0,EF_AC,79,EF_SAVEMANA,8,EF_MPADD,10,EF_ITEMGRADE,4
1194,Armadura(N),4.0,127.198.0.0.133,7,179000,4,2182,1,EF_CLASS,1,EF_GRID,0,EF_AC,92,EF_HPADD,4,EF_ITEMGRADE,4
1195,Armadura(M),4.0,134.209.0.0.140,7,183000,4,2182,2,EF_CLASS,1,EF_GRID,0,EF_AC,99,EF_CRITICAL,45,EF_HPADD,4,EF_ITEMGRADE,4
1196,Armadura(A),4.0,140.218.0.0.146,7,186000,4,2182,3,EF_CLASS,1,EF_GRID,0,EF_AC,103,EF_CRITICAL,35,EF_HPADD,5,EF_ITEMGRADE,4
1197,Calça(N),4.0,124.194.0.0.130,7,162000,8,2183,1,EF_CLASS,1,EF_GRID,0,EF_AC,80,EF_HPADD,4,EF_ITEMGRADE,4
1198,Calça(M),4.0,132.206.0.0.138,7,165000,8,2183,2,EF_CLASS,1,EF_GRID,0,EF_AC,86,EF_CRITICAL,45,EF_HPADD,4,EF_ITEMGRADE,4
1199,Calça(A),4.0,137.213.0.0.143,7,167000,8,2183,3,EF_CLASS,1,EF_GRID,0,EF_AC,89,EF_CRITICAL,35,EF_HPADD,5,EF_ITEMGRADE,4
1200,Manopla(N),4.0,116.182.0.0.122,7,117000,16,2184,1,EF_CLASS,1,EF_GRID,0,EF_AC,60,EF_MPADD,6,EF_ITEMGRADE,4
1201,Manopla(M),4.0,123.192.0.0.129,7,120000,16,2184,2,EF_CLASS,1,EF_GRID,0,EF_AC,65,EF_ACADD,17,EF_MPADD,6,EF_ITEMGRADE,4
1202,Manopla(A),4.0,129.201.0.0.135,7,122000,16,2184,3,EF_CLASS,1,EF_GRID,0,EF_AC,70,EF_ACADD,17,EF_MPADD,7,EF_ITEMGRADE,4
1203,Botas(N),4.0,119.186.0.0.125,7,130000,32,2185,1,EF_CLASS,1,EF_GRID,0,EF_AC,59,EF_RUNSPEED,2,EF_REGENMP,30,EF_ITEMGRADE,4
1204,Botas(M),4.0,125.195.0.0.131,7,133000,32,2185,2,EF_CLASS,1,EF_GRID,0,EF_AC,64,EF_RUNSPEED,2,EF_REGENMP,30,EF_ITEMGRADE,4
1205,Botas(A),4.0,131.204.0.0.137,7,135000,32,2185,3,EF_CLASS,1,EF_GRID,0,EF_AC,70,EF_RUNSPEED,2,EF_REGENMP,35,EF_DAMAGE,24,EF_ITEMGRADE,4
1206,Elmo(N),4.0,141.219.0.0.147,8,138000,2,2186,1,EF_CLASS,1,EF_GRID,0,EF_AC,83,EF_SAVEMANA,8,EF_ITEMGRADE,4
1207,Elmo(M),4.0,148.230.0.0.154,8,142000,2,2186,2,EF_CLASS,1,EF_GRID,0,EF_AC,87,EF_SAVEMANA,9,EF_ITEMGRADE,4
1208,Elmo(A),4.0,154.239.0.0.160,8,145000,2,2186,3,EF_CLASS,1,EF_GRID,0,EF_AC,92,EF_SAVEMANA,9,EF_MPADD,10,EF_ITEMGRADE,4
1209,Armadura(N),4.0,147.228.0.0.153,8,188000,4,2187,1,EF_CLASS,1,EF_GRID,0,EF_AC,108,EF_HPADD,5,EF_ITEMGRADE,4
1210,Armadura(M),4.0,152.236.0.0.158,8,191000,4,2187,2,EF_CLASS,1,EF_GRID,0,EF_AC,114,EF_CRITICAL,45,EF_HPADD,5,EF_ITEMGRADE,4
1211,Armadura(A),4.0,159.246.0.0.165,8,195000,4,2187,3,EF_CLASS,1,EF_GRID,0,EF_AC,120,EF_CRITICAL,35,EF_HPADD,6,EF_ITEMGRADE,4
1212,Calça(N),4.0,144.224.0.0.150,8,170000,8,2188,1,EF_CLASS,1,EF_GRID,0,EF_AC,94,EF_HPADD,5,EF_ITEMGRADE,4
1213,Calça(M),4.0,150.233.0.0.156,8,173000,8,2188,2,EF_CLASS,1,EF_GRID,0,EF_AC,99,EF_CRITICAL,45,EF_HPADD,5,EF_ITEMGRADE,4
1214,Calça(A),4.0,157.243.0.0.163,8,176000,8,2188,3,EF_CLASS,1,EF_GRID,0,EF_AC,104,EF_CRITICAL,35,EF_HPADD,6,EF_ITEMGRADE,4
1215,Luvas(N),4.0,136.212.0.0.142,8,126000,16,2189,1,EF_CLASS,1,EF_GRID,0,EF_AC,73,EF_MPADD,7,EF_ITEMGRADE,4
1216,Luvas(M),4.0,142.221.0.0.148,8,129000,16,2189,2,EF_CLASS,1,EF_GRID,0,EF_AC,76,EF_ACADD,17,EF_MPADD,7,EF_ITEMGRADE,4
1217,Luvas(A),4.0,149.231.0.0.155,8,131000,16,2189,3,EF_CLASS,1,EF_GRID,0,EF_AC,80,EF_ACADD,17,EF_MPADD,8,EF_ITEMGRADE,4
1218,Botas(N),4.0,139.216.0.0.145,8,141000,32,2190,1,EF_CLASS,1,EF_GRID,0,EF_AC,74,EF_RUNSPEED,2,EF_REGENMP,35,EF_ITEMGRADE,4
1219,Botas(M),4.0,145.225.0.0.151,8,144000,32,2190,2,EF_CLASS,1,EF_GRID,0,EF_AC,78,EF_RUNSPEED,2,EF_REGENMP,35,EF_ITEMGRADE,4
1220,Botas(A),4.0,151.234.0.0.157,8,148000,32,2190,3,EF_CLASS,1,EF_GRID,0,EF_AC,82,EF_RUNSPEED,2,EF_REGENMP,40,EF_DAMAGE,24,EF_ITEMGRADE,4
1221,Armadura,41.0,227.0.0.0.0,9,178000,4,2187,1,EF_CLASS,1,EF_GRID,0,EF_AC,156,EF_CRITICAL,45,EF_HPADD,8,EF_ITEMGRADE,5,EF_TRANS,1
1222,Calça,41.0,230.0.0.0.0,9,178000,8,2188,1,EF_CLASS,1,EF_GRID,0,EF_AC,135,EF_CRITICAL,45,EF_HPADD,8,EF_ITEMGRADE,5,EF_TRANS,1
1223,Luvas,41.0,220.0.0.0.0,9,176000,16,2189,1,EF_CLASS,1,EF_GRID,0,EF_AC,104,EF_ACADD,17,EF_MPADD,8,EF_ITEMGRADE,5,EF_TRANS,1
1224,Botas,41.0,223.0.0.0.0,9,174000,32,2190,1,EF_CLASS,1,EF_GRID,0,EF_AC,106,EF_RUNSPEED,2,EF_REGENMP,40,EF_DAMAGE,24,EF_ITEMGRADE,5,EF_TRANS,1
1225,Elmo,5.0,285.0.0.0.0,10,160000,2,3801,1,EF_CLASS,1,EF_GRID,0,EF_AC,108,EF_SAVEMANA,10,EF_MPADD,10,EF_ITEMGRADE,5
1226,Armadura,5.0,285.0.0.0.0,10,160000,4,3802,1,EF_CLASS,1,EF_GRID,0,EF_AC,138,EF_CRITICAL,50,EF_HPADD,9,EF_ITEMGRADE,5
1227,Calça,5.0,285.0.0.0.0,10,160000,8,3803,1,EF_CLASS,1,EF_GRID,0,EF_AC,122,EF_CRITICAL,50,EF_HPADD,9,EF_ITEMGRADE,5
1228,Monaplas,5.0,285.0.0.0.0,10,160000,16,3804,1,EF_CLASS,1,EF_GRID,0,EF_AC,94,EF_ACADD,20,EF_MPADD,8,EF_ITEMGRADE,5
1229,Botas,5.0,285.0.0.0.0,10,160000,32,3805,1,EF_CLASS,1,EF_GRID,0,EF_AC,96,EF_RUNSPEED,2,EF_REGENMP,40,EF_DAMAGE,24,EF_ITEMGRADE,5
1230,NULL,45.0,227.0.0.0.0,9,178000,4,2187,1,EF_CLASS,1,EF_GRID,0,EF_AC,369,EF_CRITICAL,45,EF_HPADD,17,EF_ITEMGRADE,5,EF_TRANS,3
1231,NULL,45.0,230.0.0.0.0,9,178000,8,2188,1,EF_CLASS,1,EF_GRID,0,EF_AC,320,EF_CRITICAL,45,EF_HPADD,17,EF_ITEMGRADE,5,EF_TRANS,3
1232,NULL,45.0,220.0.0.0.0,9,176000,16,2189,1,EF_CLASS,1,EF_GRID,0,EF_AC,246,EF_ACADD,17,EF_MPADD,17,EF_ITEMGRADE,5,EF_TRANS,3
1233,NULL,45.0,223.0.0.0.0,9,174000,32,2190,1,EF_CLASS,1,EF_GRID,0,EF_AC,251,EF_RUNSPEED,2,EF_REGENMP,60,EF_DAMAGE,24,EF_ITEMGRADE,5,EF_TRANS,3
1234,NULL_Selado,1417.1,0.0.0.0.0,9,178000,1,2187,1,EF_CLASS,1,EF_GRID,0,EF_ITEMGRADE,5
1235,NULL_Selado,1418.1,0.0.0.0.0,9,178000,1,2188,1,EF_CLASS,1,EF_GRID,0,EF_ITEMGRADE,5
1236,NULL_Selado,1419.1,0.0.0.0.0,9,176000,1,2189,1,EF_CLASS,1,EF_GRID,0,EF_ITEMGRADE,5
1237,NULL_Selado,1420.1,0.0.0.0.0,9,174000,1,2190,1,EF_CLASS,1,EF_GRID,0,EF_ITEMGRADE,5
1238,NULL,46.0,227.0.0.0.0,50,5000,4,2187,1,EF_CLASS,1,EF_GRID,0,EF_AC,265,EF_CRITICAL,45,EF_HPADD,14,EF_ITEMGRADE,5,EF_TRANS,3,EF_ITEMTYPE,1,,1
1239,NULL,46.0,230.0.0.0.0,50,5000,8,2188,1,EF_CLASS,1,EF_GRID,0,EF_AC,230,EF_CRITICAL,45,EF_HPADD,14,EF_ITEMGRADE,5,EF_TRANS,3,EF_ITEMTYPE,1,,1
1240,NULL,46.0,220.0.0.0.0,50,5000,16,2189,1,EF_CLASS,1,EF_GRID,0,EF_AC,177,EF_ACADD,17,EF_MPADD,14,EF_ITEMGRADE,5,EF_TRANS,3,EF_ITEMTYPE,1,,1
1241,NULL,46.0,223.0.0.0.0,50,5000,32,2190,1,EF_CLASS,1,EF_GRID,0,EF_AC,180,EF_RUNSPEED,2,EF_REGENMP,60,EF_DAMAGE,24,EF_ITEMGRADE,5,EF_TRANS,3,EF_ITEMTYPE,1,,1
1251,Robe(N),1.0,0.0.0.0.0,11,300,2,0,1,EF_CLASS,2,EF_GRID,0,EF_AC,1,EF_SAVEMANA,1,EF_ITEMGRADE,1
1252,Robe(M),1.0,0.0.0.0.0,11,700,2,0,2,EF_CLASS,2,EF_GRID,0,EF_AC,3,EF_SAVEMANA,2,EF_ITEMGRADE,1
1253,Robe(A),1.0,0.0.0.0.0,11,1250,2,0,3,EF_CLASS,2,EF_GRID,0,EF_AC,4,EF_SAVEMANA,2,EF_MPADD,4,EF_ITEMGRADE,1
1254,Robe(N),1.0,0.0.0.0.0,12,2450,2,0,1,EF_CLASS,2,EF_GRID,0,EF_AC,6,EF_SAVEMANA,3,EF_ITEMGRADE,1
1255,Robe(M),1.0,0.0.0.0.0,12,5800,2,0,2,EF_CLASS,2,EF_GRID,0,EF_AC,7,EF_SAVEMANA,4,EF_ITEMGRADE,1
1256,Robe(A),1.0,0.0.0.0.0,12,8700,2,0,3,EF_CLASS,2,EF_GRID,0,EF_AC,9,EF_SAVEMANA,4,EF_MPADD,4,EF_ITEMGRADE,1
1257,Chapéu(N),2.0,33.28.50.0.0,13,13500,2,0,1,EF_CLASS,2,EF_GRID,0,EF_AC,12,EF_SAVEMANA,5,EF_ITEMGRADE,2
1258,Chapéu(M),2.0,33.28.50.0.0,13,21500,2,0,2,EF_CLASS,2,EF_GRID,0,EF_AC,15,EF_SAVEMANA,6,EF_ITEMGRADE,2
1259,Chapéu(A),2.0,33.28.50.0.0,13,33000,2,0,3,EF_CLASS,2,EF_GRID,0,EF_AC,19,EF_SAVEMANA,6,EF_MPADD,6,EF_ITEMGRADE,2
1260,Chapéu(N),2.0,33.28.50.0.0,14,49500,2,2191,1,EF_CLASS,2,EF_GRID,0,EF_AC,23,EF_SAVEMANA,7,EF_ITEMGRADE,2
1261,Chapéu(M),2.0,33.28.50.0.0,14,74000,2,2191,2,EF_CLASS,2,EF_GRID,0,EF_AC,27,EF_SAVEMANA,8,EF_ITEMGRADE,2
1262,Chapéu(A),2.0,33.28.50.0.0,14,97000,2,2191,3,EF_CLASS,2,EF_GRID,0,EF_AC,34,EF_SAVEMANA,8,EF_MPADD,6,EF_ITEMGRADE,2
1263,Túnica(N),1.0,0.0.0.0.0,11,500,4,0,1,EF_CLASS,2,EF_GRID,0,EF_AC,3,EF_HPADD,3,EF_ITEMGRADE,1
1264,Túnica(M),1.0,0.0.0.0.0,11,1200,4,0,2,EF_CLASS,2,EF_GRID,0,EF_AC,5,EF_CRITICAL,10,EF_HPADD,3,EF_ITEMGRADE,1
1265,Túnica(A),1.0,0.0.0.0.0,11,2100,4,0,3,EF_CLASS,2,EF_GRID,0,EF_AC,8,EF_CRITICAL,5,EF_HPADD,4,EF_ITEMGRADE,1
1266,Robe(N),1.0,0.0.0.0.0,12,4000,4,0,1,EF_CLASS,2,EF_GRID,0,EF_AC,10,EF_HPADD,3,EF_ITEMGRADE,1
1267,Robe(M),1.0,0.0.0.0.0,12,7600,4,0,2,EF_CLASS,2,EF_GRID,0,EF_AC,13,EF_CRITICAL,20,EF_HPADD,3,EF_ITEMGRADE,1
1268,Robe(A),1.0,0.0.0.0.0,12,14000,4,0,3,EF_CLASS,2,EF_GRID,0,EF_AC,17,EF_CRITICAL,10,EF_HPADD,4,EF_ITEMGRADE,1
1269,Túnica(N),2.0,43.35.63.0.0,13,22500,4,0,1,EF_CLASS,2,EF_GRID,0,EF_AC,22,EF_HPADD,5,EF_ITEMGRADE,2
1270,Túnica(M),2.0,43.35.63.0.0,13,33000,4,0,2,EF_CLASS,2,EF_GRID,0,EF_AC,26,EF_CRITICAL,30,EF_HPADD,5,EF_ITEMGRADE,2
1271,Túnica(A),2.0,43.35.63.0.0,13,49500,4,0,3,EF_CLASS,2,EF_GRID,0,EF_AC,31,EF_CRITICAL,15,EF_HPADD,6,EF_ITEMGRADE,2
1272,Robe(N),2.0,43.35.63.0.0,14,74000,4,2192,1,EF_CLASS,2,EF_GRID,0,EF_AC,36,EF_HPADD,5,EF_ITEMGRADE,2
1273,Robe(M),2.0,43.35.63.0.0,14,110000,4,2192,2,EF_CLASS,2,EF_GRID,0,EF_AC,41,EF_CRITICAL,40,EF_HPADD,5,EF_ITEMGRADE,2
1274,Robe(A),2.0,43.35.63.0.0,14,142000,4,2192,3,EF_CLASS,2,EF_GRID,0,EF_AC,45,EF_CRITICAL,30,EF_HPADD,6,EF_ITEMGRADE,2
1275,Saia(N),1.0,0.0.0.0.0,11,500,8,0,1,EF_CLASS,2,EF_GRID,0,EF_AC,2,EF_HPADD,1,EF_ITEMGRADE,1
1276,Saia(M),1.0,0.0.0.0.0,11,1100,8,0,2,EF_CLASS,2,EF_GRID,0,EF_AC,3,EF_CRITICAL,10,EF_HPADD,1,EF_ITEMGRADE,1
1277,Saia(A),1.0,0.0.0.0.0,11,1900,8,0,3,EF_CLASS,2,EF_GRID,0,EF_AC,4,EF_CRITICAL,5,EF_HPADD,1,EF_ITEMGRADE,1
1278,Saia(N),1.0,0.0.0.0.0,12,3300,8,0,1,EF_CLASS,2,EF_GRID,0,EF_AC,7,EF_HPADD,1,EF_ITEMGRADE,1
1279,Saia(M),1.0,0.0.0.0.0,12,7100,8,0,2,EF_CLASS,2,EF_GRID,0,EF_AC,9,EF_CRITICAL,20,EF_HPADD,1,EF_ITEMGRADE,1
1280,Saia(A),1.0,0.0.0.0.0,12,10000,8,0,3,EF_CLASS,2,EF_GRID,0,EF_AC,13,EF_CRITICAL,10,EF_HPADD,2,EF_ITEMGRADE,1
1281,Saia(N),2.0,36.30.54.0.0,13,16500,8,0,1,EF_CLASS,2,EF_GRID,0,EF_AC,17,EF_HPADD,2,EF_ITEMGRADE,2
1282,Saia(M),2.0,36.30.54.0.0,13,24000,8,0,2,EF_CLASS,2,EF_GRID,0,EF_AC,23,EF_CRITICAL,30,EF_HPADD,2,EF_ITEMGRADE,2
1283,Saia(A),2.0,36.30.54.0.0,13,36000,8,0,3,EF_CLASS,2,EF_GRID,0,EF_AC,27,EF_CRITICAL,15,EF_HPADD,3,EF_ITEMGRADE,2
1284,Calça(N),2.0,36.30.54.0.0,14,54000,8,2193,1,EF_CLASS,2,EF_GRID,0,EF_AC,32,EF_HPADD,3,EF_ITEMGRADE,2
1285,Calça(M),2.0,36.30.54.0.0,14,81000,8,2193,2,EF_CLASS,2,EF_GRID,0,EF_AC,35,EF_CRITICAL,40,EF_HPADD,3,EF_ITEMGRADE,2
1286,Calça(A),2.0,36.30.54.0.0,14,130000,8,2193,3,EF_CLASS,2,EF_GRID,0,EF_AC,38,EF_CRITICAL,30,EF_HPADD,4,EF_ITEMGRADE,2
1287,Luvas(N),1.0,0.0.0.0.0,11,200,16,0,1,EF_CLASS,2,EF_GRID,0,EF_AC,1,EF_MPADD,1,EF_ITEMGRADE,1
1288,Luvas(M),1.0,0.0.0.0.0,11,650,16,0,2,EF_CLASS,2,EF_GRID,0,EF_AC,3,EF_ACADD,3,EF_MPADD,1,EF_ITEMGRADE,1
1289,Luvas(A),1.0,0.0.0.0.0,11,1400,16,0,3,EF_CLASS,2,EF_GRID,0,EF_AC,4,EF_ACADD,3,EF_MPADD,1,EF_ITEMGRADE,1
1290,Luvas(N),1.0,0.0.0.0.0,12,2200,16,0,1,EF_CLASS,2,EF_GRID,0,EF_AC,5,EF_MPADD,1,EF_ITEMGRADE,1
1291,Luvas(M),1.0,0.0.0.0.0,12,5100,16,0,2,EF_CLASS,2,EF_GRID,0,EF_AC,7,EF_ACADD,6,EF_MPADD,1,EF_ITEMGRADE,1
1292,Luvas(A),1.0,0.0.0.0.0,12,7600,16,0,3,EF_CLASS,2,EF_GRID,0,EF_AC,9,EF_ACADD,6,EF_MPADD,2,EF_ITEMGRADE,1
1293,Luvas(N),2.0,29.25.45.0.0,13,11500,16,0,1,EF_CLASS,2,EF_GRID,0,EF_AC,11,EF_MPADD,2,EF_ITEMGRADE,2
1294,Luvas(M),2.0,29.25.45.0.0,13,17500,16,0,2,EF_CLASS,2,EF_GRID,0,EF_AC,14,EF_ACADD,12,EF_MPADD,2,EF_ITEMGRADE,2
1295,Luvas(A),2.0,29.25.45.0.0,13,26000,16,0,3,EF_CLASS,2,EF_GRID,0,EF_AC,17,EF_ACADD,12,EF_MPADD,3,EF_ITEMGRADE,2
1296,Luvas(N),2.0,29.25.45.0.0,14,29000,16,2194,1,EF_CLASS,2,EF_GRID,0,EF_AC,21,EF_MPADD,3,EF_ITEMGRADE,2
1297,Luvas(M),2.0,29.25.45.0.0,14,58500,16,2194,2,EF_CLASS,2,EF_GRID,0,EF_AC,25,EF_ACADD,17,EF_MPADD,3,EF_ITEMGRADE,2
1298,Luvas(A),2.0,29.25.45.0.0,14,87800,16,2194,3,EF_CLASS,2,EF_GRID,0,EF_AC,30,EF_ACADD,17,EF_MPADD,4,EF_ITEMGRADE,2
1299,Botas(N),1.0,0.0.0.0.0,11,400,32,0,1,EF_CLASS,2,EF_GRID,0,EF_AC,1,EF_REGENMP,5,EF_RUNSPEED,1,EF_ITEMGRADE,1
1300,Botas(M),1.0,0.0.0.0.0,11,900,32,0,2,EF_CLASS,2,EF_GRID,0,EF_AC,3,EF_REGENMP,5,EF_RUNSPEED,1,EF_ITEMGRADE,1
1301,Botas(A),1.0,0.0.0.0.0,11,1600,32,0,3,EF_CLASS,2,EF_GRID,0,EF_AC,4,EF_REGENMP,5,EF_DAMAGE,5,EF_RUNSPEED,1,EF_ITEMGRADE,1
1302,Botas(N),1.0,0.0.0.0.0,12,2700,32,0,1,EF_CLASS,2,EF_GRID,0,EF_AC,5,EF_REGENMP,5,EF_RUNSPEED,1,EF_ITEMGRADE,1
1303,Botas(M),1.0,0.0.0.0.0,12,6000,32,0,2,EF_CLASS,2,EF_GRID,0,EF_AC,7,EF_REGENMP,5,EF_RUNSPEED,1,EF_ITEMGRADE,1
1304,Botas(A),1.0,0.0.0.0.0,12,9300,32,0,3,EF_CLASS,2,EF_GRID,0,EF_AC,9,EF_REGENMP,10,EF_DAMAGE,9,EF_RUNSPEED,1,EF_ITEMGRADE,1
1305,Botas(N),2.0,30.26.47.0.0,13,14300,32,0,1,EF_CLASS,2,EF_GRID,0,EF_AC,12,EF_REGENMP,10,EF_RUNSPEED,1,EF_ITEMGRADE,2
1306,Botas(M),2.0,30.26.47.0.0,13,22500,32,0,2,EF_CLASS,2,EF_GRID,0,EF_AC,15,EF_REGENMP,10,EF_RUNSPEED,1,EF_ITEMGRADE,2
1307,Botas(A),2.0,30.26.47.0.0,13,34000,32,0,3,EF_CLASS,2,EF_GRID,0,EF_AC,19,EF_REGENMP,15,EF_DAMAGE,16,EF_RUNSPEED,1,EF_ITEMGRADE,2
1308,Botas(N),2.0,30.26.47.0.0,14,52500,32,2195,1,EF_CLASS,2,EF_GRID,0,EF_AC,23,EF_REGENMP,15,EF_RUNSPEED,2,EF_ITEMGRADE,2
1309,Botas(M),2.0,30.26.47.0.0,14,78700,32,2195,2,EF_CLASS,2,EF_GRID,0,EF_AC,25,EF_REGENMP,15,EF_RUNSPEED,2,EF_ITEMGRADE,2
1310,Botas(A),2.0,30.26.47.0.0,14,102000,32,2195,3,EF_CLASS,2,EF_GRID,0,EF_AC,30,EF_REGENMP,20,EF_DAMAGE,24,EF_RUNSPEED,2,EF_ITEMGRADE,2
1311,Chapéu(N),3.0,86.73.128.0.0,15,116000,2,2196,1,EF_CLASS,2,EF_GRID,0,EF_AC,40,EF_SAVEMANA,5,EF_ITEMGRADE,3
1312,Chapéu(M),3.0,94.80.139.0.0,15,120000,2,2196,2,EF_CLASS,2,EF_GRID,0,EF_AC,46,EF_SAVEMANA,6,EF_ITEMGRADE,3
1313,Chapéu(A),3.0,102.86.150.0.0,15,125000,2,2196,3,EF_CLASS,2,EF_GRID,0,EF_AC,51,EF_SAVEMANA,6,EF_MPADD,8,EF_ITEMGRADE,3
1314,Túnica(N),3.0,92.78.136.0.0,15,168000,4,2197,1,EF_CLASS,2,EF_GRID,0,EF_AC,53,EF_HPADD,3,EF_ITEMGRADE,3
1315,Túnica(M),3.0,100.85.148.0.0,15,171000,4,2197,2,EF_CLASS,2,EF_GRID,0,EF_AC,59,EF_CRITICAL,40,EF_HPADD,3,EF_ITEMGRADE,3
1316,Túnica(A),3.0,109.92.160.0.0,15,176000,4,2197,3,EF_CLASS,2,EF_GRID,0,EF_AC,66,EF_CRITICAL,30,EF_HPADD,4,EF_ITEMGRADE,3
1317,Calça(N),3.0,89.76.132.0.0,15,150000,8,2198,1,EF_CLASS,2,EF_GRID,0,EF_AC,46,EF_HPADD,3,EF_ITEMGRADE,3
1318,Calça(M),3.0,97.82.143.0.0,15,154000,8,2198,2,EF_CLASS,2,EF_GRID,0,EF_AC,52,EF_CRITICAL,40,EF_HPADD,3,EF_ITEMGRADE,3
1319,Calça(A),3.0,106.89.156.0.0,15,159000,8,2198,3,EF_CLASS,2,EF_GRID,0,EF_AC,58,EF_CRITICAL,30,EF_HPADD,4,EF_ITEMGRADE,3
1320,Luvas(N),3.0,80.69.120.0.0,15,106000,16,2199,1,EF_CLASS,2,EF_GRID,0,EF_AC,39,EF_MPADD,4,EF_ITEMGRADE,3
1321,Luvas(M),3.0,88.75.131.0.0,15,110000,16,2199,2,EF_CLASS,2,EF_GRID,0,EF_AC,44,EF_ACADD,17,EF_MPADD,4,EF_ITEMGRADE,3
1322,Luvas(A),3.0,96.81.142.0.0,15,113000,16,2199,3,EF_CLASS,2,EF_GRID,0,EF_AC,49,EF_ACADD,17,EF_MPADD,5,EF_ITEMGRADE,3
1323,Botas(N),3.0,83.71.124.0.0,15,120000,32,2200,1,EF_CLASS,2,EF_GRID,0,EF_AC,37,EF_RUNSPEED,2,EF_REGENMP,20,EF_ITEMGRADE,3
1324,Botas(M),3.0,91.77.135.0.0,15,124000,32,2200,2,EF_CLASS,2,EF_GRID,0,EF_AC,43,EF_RUNSPEED,2,EF_REGENMP,20,EF_ITEMGRADE,3
1325,Botas(A),3.0,99.84.146.0.0,15,128000,32,2200,3,EF_CLASS,2,EF_GRID,0,EF_AC,48,EF_RUNSPEED,2,EF_REGENMP,25,EF_DAMAGE,24,EF_ITEMGRADE,3
1326,Chapéu(N),4.0,86.73.128.0.0,16,129000,2,2201,1,EF_CLASS,2,EF_GRID,0,EF_AC,61,EF_SAVEMANA,6,EF_ITEMGRADE,4
1327,Chapéu(M),4.0,94.80.139.0.0,16,132000,2,2201,2,EF_CLASS,2,EF_GRID,0,EF_AC,66,EF_SAVEMANA,7,EF_ITEMGRADE,4
1328,Chapéu(A),4.0,102.86.150.0.0,16,135000,2,2201,3,EF_CLASS,2,EF_GRID,0,EF_AC,73,EF_SAVEMANA,7,EF_MPADD,9,EF_ITEMGRADE,4
1329,Túnica(N),4.0,92.78.136.0.0,16,179000,4,2202,1,EF_CLASS,2,EF_GRID,0,EF_AC,83,EF_HPADD,4,EF_ITEMGRADE,4
1330,Túnica(M),4.0,100.85.148.0.0,16,183000,4,2202,2,EF_CLASS,2,EF_GRID,0,EF_AC,91,EF_CRITICAL,45,EF_HPADD,4,EF_ITEMGRADE,4
1331,Túnica(A),4.0,109.92.160.0.0,16,186000,4,2202,3,EF_CLASS,2,EF_GRID,0,EF_AC,97,EF_CRITICAL,35,EF_HPADD,5,EF_ITEMGRADE,4
1332,Calça(N),4.0,89.76.132.0.0,16,162000,8,2203,1,EF_CLASS,2,EF_GRID,0,EF_AC,74,EF_HPADD,4,EF_ITEMGRADE,4
1333,Calça(M),4.0,97.82.143.0.0,16,165000,8,2203,2,EF_CLASS,2,EF_GRID,0,EF_AC,78,EF_CRITICAL,45,EF_HPADD,4,EF_ITEMGRADE,4
1334,Calça(A),4.0,106.89.156.0.0,16,167000,8,2203,3,EF_CLASS,2,EF_GRID,0,EF_AC,82,EF_CRITICAL,35,EF_HPADD,5,EF_ITEMGRADE,4
1335,Luvas(N),4.0,80.69.120.0.0,16,117000,16,2204,1,EF_CLASS,2,EF_GRID,0,EF_AC,54,EF_MPADD,5,EF_ITEMGRADE,4
1336,Luvas(M),4.0,88.75.131.0.0,16,120000,16,2204,2,EF_CLASS,2,EF_GRID,0,EF_AC,61,EF_ACADD,17,EF_MPADD,5,EF_ITEMGRADE,4
1337,Luvas(A),4.0,96.81.142.0.0,16,122000,16,2204,3,EF_CLASS,2,EF_GRID,0,EF_AC,64,EF_ACADD,17,EF_MPADD,6,EF_ITEMGRADE,4
1338,Botas(N),4.0,83.71.124.0.0,16,130000,32,2205,1,EF_CLASS,2,EF_GRID,0,EF_AC,55,EF_RUNSPEED,2,EF_REGENMP,20,EF_ITEMGRADE,4
1339,Botas(M),4.0,91.77.135.0.0,16,133000,32,2205,2,EF_CLASS,2,EF_GRID,0,EF_AC,62,EF_RUNSPEED,2,EF_REGENMP,20,EF_ITEMGRADE,4
1340,Botas(A),4.0,99.84.146.0.0,16,135000,32,2205,3,EF_CLASS,2,EF_GRID,0,EF_AC,65,EF_RUNSPEED,2,EF_REGENMP,30,EF_DAMAGE,24,EF_ITEMGRADE,4
1341,Chapéu(N),4.0,136.113.198.0.0,17,138000,2,2206,1,EF_CLASS,2,EF_GRID,0,EF_AC,79,EF_SAVEMANA,7,EF_ITEMGRADE,4
1342,Chapéu(M),4.0,144.120.209.0.0,17,142000,2,2206,2,EF_CLASS,2,EF_GRID,0,EF_AC,83,EF_SAVEMANA,8,EF_ITEMGRADE,4
1343,Chapéu(A),4.0,153.127.222.0.0,17,145000,2,2206,3,EF_CLASS,2,EF_GRID,0,EF_AC,89,EF_SAVEMANA,8,EF_MPADD,10,EF_ITEMGRADE,4
1344,Túnica(N),4.0,142.118.206.0.0,17,188000,4,2207,1,EF_CLASS,2,EF_GRID,0,EF_AC,103,EF_HPADD,5,EF_ITEMGRADE,4
1345,Túnica(M),4.0,150.125.218.0.0,17,191000,4,2207,2,EF_CLASS,2,EF_GRID,0,EF_AC,110,EF_CRITICAL,45,EF_HPADD,5,EF_ITEMGRADE,4
1346,Túnica(A),4.0,159.132.230.0.0,17,195000,4,2207,3,EF_CLASS,2,EF_GRID,0,EF_AC,117,EF_CRITICAL,35,EF_HPADD,6,EF_ITEMGRADE,4
1347,Calça(N),4.0,139.116.202.0.0,17,170000,8,2208,1,EF_CLASS,2,EF_GRID,0,EF_AC,90,EF_HPADD,5,EF_ITEMGRADE,4
1348,Calça(M),4.0,147.122.213.0.0,17,173000,8,2208,2,EF_CLASS,2,EF_GRID,0,EF_AC,95,EF_CRITICAL,45,EF_HPADD,5,EF_ITEMGRADE,4
1349,Calça(A),4.0,156.129.226.0.0,17,176000,8,2208,3,EF_CLASS,2,EF_GRID,0,EF_AC,100,EF_CRITICAL,35,EF_HPADD,6,EF_ITEMGRADE,4
1350,Luvas(N),4.0,129.108.188.0.0,17,126000,16,2209,1,EF_CLASS,2,EF_GRID,0,EF_AC,71,EF_MPADD,6,EF_ITEMGRADE,4
1351,Luvas(M),4.0,137.114.199.0.0,17,129000,16,2209,2,EF_CLASS,2,EF_GRID,0,EF_AC,73,EF_ACADD,17,EF_MPADD,6,EF_ITEMGRADE,4
1352,Luvas(A),4.0,146.121.212.0.0,17,131000,16,2209,3,EF_CLASS,2,EF_GRID,0,EF_AC,76,EF_ACADD,17,EF_MPADD,7,EF_ITEMGRADE,4
1353,Botas(N),4.0,132.110.192.0.0,17,141000,32,2210,1,EF_CLASS,2,EF_GRID,0,EF_AC,73,EF_RUNSPEED,2,EF_REGENMP,30,EF_ITEMGRADE,4
1354,Botas(M),4.0,140.117.204.0.0,17,144000,32,2210,2,EF_CLASS,2,EF_GRID,0,EF_AC,75,EF_RUNSPEED,2,EF_REGENMP,30,EF_ITEMGRADE,4
1355,Botas(A),4.0,149.124.216.0.0,17,148000,32,2210,3,EF_CLASS,2,EF_GRID,0,EF_AC,78,EF_RUNSPEED,2,EF_REGENMP,35,EF_DAMAGE,24,EF_ITEMGRADE,4
1356,Túnica,41.0,227.0.0.0.0,19,178000,4,2207,1,EF_CLASS,2,EF_GRID,0,EF_AC,156,EF_CRITICAL,45,EF_HPADD,8,EF_ITEMGRADE,5,EF_TRANS,1
1357,Calça,41.0,230.0.0.0.0,19,178000,8,2208,1,EF_CLASS,2,EF_GRID,0,EF_AC,135,EF_CRITICAL,45,EF_HPADD,8,EF_ITEMGRADE,5,EF_TRANS,1
1358,Luvass,41.0,220.0.0.0.0,19,176000,16,2209,1,EF_CLASS,2,EF_GRID,0,EF_AC,104,EF_ACADD,17,EF_MPADD,8,EF_ITEMGRADE,5,EF_TRANS,1
1359,Botass,41.0,223.0.0.0.0,19,174000,32,2210,1,EF_CLASS,2,EF_GRID,0,EF_AC,106,EF_RUNSPEED,2,EF_REGENMP,40,EF_DAMAGE,24,EF_ITEMGRADE,5,EF_TRANS,1
1360,Elmo,5.0,281.0.0.0.0,20,160000,2,3821,1,EF_CLASS,2,EF_GRID,0,EF_AC,102,EF_SAVEMANA,10,EF_MPADD,11,EF_ITEMGRADE,5
1361,Túnica,5.0,281.0.0.0.0,20,160000,4,3822,1,EF_CLASS,2,EF_GRID,0,EF_AC,132,EF_CRITICAL,45,EF_HPADD,8,EF_ITEMGRADE,5
1362,Calça,5.0,281.0.0.0.0,20,160000,8,3823,1,EF_CLASS,2,EF_GRID,0,EF_AC,112,EF_CRITICAL,45,EF_HPADD,8,EF_ITEMGRADE,5
1363,Luvas,5.0,281.0.0.0.0,20,160000,16,3824,1,EF_CLASS,2,EF_GRID,0,EF_AC,88,EF_ACADD,20,EF_MPADD,9,EF_ITEMGRADE,5
1364,Botas,5.0,281.0.0.0.0,20,160000,32,3825,1,EF_CLASS,2,EF_GRID,0,EF_AC,90,EF_RUNSPEED,2,EF_REGENMP,45,EF_DAMAGE,24,EF_ITEMGRADE,5
1365,NULL,45.0,227.0.0.0.0,19,178000,4,2207,1,EF_CLASS,2,EF_GRID,0,EF_AC,369,EF_CRITICAL,45,EF_HPADD,17,EF_ITEMGRADE,5,EF_TRANS,3
1366,NULL,45.0,230.0.0.0.0,19,178000,8,2208,1,EF_CLASS,2,EF_GRID,0,EF_AC,320,EF_CRITICAL,45,EF_HPADD,17,EF_ITEMGRADE,5,EF_TRANS,3
1367,NULL,45.0,220.0.0.0.0,19,176000,16,2209,1,EF_CLASS,2,EF_GRID,0,EF_AC,246,EF_ACADD,17,EF_MPADD,17,EF_ITEMGRADE,5,EF_TRANS,3
1368,NULL,45.0,223.0.0.0.0,19,174000,32,2210,1,EF_CLASS,2,EF_GRID,0,EF_AC,251,EF_RUNSPEED,2,EF_REGENMP,60,EF_DAMAGE,24,EF_ITEMGRADE,5,EF_TRANS,3
1369,NULL_Selado,1425.1,0.0.0.0.0,19,178000,1,0,1,EF_CLASS,2,EF_GRID,0,EF_ITEMGRADE,5
1370,NULL_Selado,1426.1,0.0.0.0.0,19,178000,1,0,1,EF_CLASS,2,EF_GRID,0,EF_ITEMGRADE,5
1371,NULL_Selado,1427.1,0.0.0.0.0,19,176000,1,0,1,EF_CLASS,2,EF_GRID,0,EF_ITEMGRADE,5
1372,NULL_Selado,1428.1,0.0.0.0.0,19,174000,1,0,1,EF_CLASS,2,EF_GRID,0,EF_ITEMGRADE,5
1373,NULL,46.0,227.0.0.0.0,50,5000,4,2207,1,EF_CLASS,2,EF_GRID,0,EF_AC,265,EF_CRITICAL,45,EF_HPADD,14,EF_ITEMGRADE,5,EF_TRANS,3,EF_ITEMTYPE,1,,1
1374,NULL,46.0,230.0.0.0.0,50,5000,8,2208,1,EF_CLASS,2,EF_GRID,0,EF_AC,230,EF_CRITICAL,45,EF_HPADD,14,EF_ITEMGRADE,5,EF_TRANS,3,EF_ITEMTYPE,1,,1
1375,NULL,46.0,220.0.0.0.0,50,5000,16,2209,1,EF_CLASS,2,EF_GRID,0,EF_AC,177,EF_ACADD,17,EF_MPADD,14,EF_ITEMGRADE,5,EF_TRANS,3,EF_ITEMTYPE,1,,1
1376,NULL,46.0,223.0.0.0.0,50,5000,32,2210,1,EF_CLASS,2,EF_GRID,0,EF_AC,180,EF_RUNSPEED,2,EF_REGENMP,60,EF_DAMAGE,24,EF_ITEMGRADE,5,EF_TRANS,3,EF_ITEMTYPE,1,,1
1401,Chapéu(N),1.0,0.0.0.0.0,21,300,2,0,1,EF_CLASS,4,EF_GRID,0,EF_AC,1,EF_SAVEMANA,1,EF_ITEMGRADE,1
1402,Chapéu(M),1.0,0.0.0.0.0,21,700,2,0,2,EF_CLASS,4,EF_GRID,0,EF_AC,3,EF_SAVEMANA,2,EF_ITEMGRADE,1
1403,Chapéu(A),1.0,0.0.0.0.0,21,1250,2,0,3,EF_CLASS,4,EF_GRID,0,EF_AC,4,EF_SAVEMANA,2,EF_MPADD,4,EF_ITEMGRADE,1
1404,Robe(N),1.0,0.0.0.0.0,21,500,4,0,1,EF_CLASS,4,EF_GRID,0,EF_AC,3,EF_HPADD,3,EF_ITEMGRADE,1
1405,Robe(M),1.0,0.0.0.0.0,21,1200,4,0,2,EF_CLASS,4,EF_GRID,0,EF_AC,5,EF_CRITICAL,10,EF_HPADD,3,EF_ITEMGRADE,1
1406,Robe(A),1.0,0.0.0.0.0,21,2100,4,0,3,EF_CLASS,4,EF_GRID,0,EF_AC,9,EF_CRITICAL,5,EF_HPADD,4,EF_ITEMGRADE,1
1407,Calça(N),1.0,0.0.0.0.0,21,500,8,0,1,EF_CLASS,4,EF_GRID,0,EF_AC,2,EF_HPADD,1,EF_ITEMGRADE,1
1408,Calça(M),1.0,0.0.0.0.0,21,1100,8,0,2,EF_CLASS,4,EF_GRID,0,EF_AC,4,EF_CRITICAL,10,EF_HPADD,1,EF_ITEMGRADE,1
1409,Calça(A),1.0,0.0.0.0.0,21,1900,8,0,3,EF_CLASS,4,EF_GRID,0,EF_AC,7,EF_CRITICAL,5,EF_HPADD,1,EF_ITEMGRADE,1
1410,Luvas(N),1.0,0.0.0.0.0,21,200,16,0,1,EF_CLASS,4,EF_GRID,0,EF_AC,1,EF_MPADD,1,EF_ITEMGRADE,1
1411,Luvas(M),1.0,0.0.0.0.0,21,650,16,0,2,EF_CLASS,4,EF_GRID,0,EF_AC,3,EF_ACADD,3,EF_MPADD,1,EF_ITEMGRADE,1
1412,Luvas(A),1.0,0.0.0.0.0,21,1400,16,0,3,EF_CLASS,4,EF_GRID,0,EF_AC,4,EF_ACADD,3,EF_MPADD,1,EF_ITEMGRADE,1
1413,Sapatos(N),1.0,0.0.0.0.0,21,400,32,0,1,EF_CLASS,4,EF_GRID,0,EF_AC,1,EF_REGENMP,5,EF_RUNSPEED,1,EF_ITEMGRADE,1
1414,Sapatos(M),1.0,0.0.0.0.0,21,900,32,0,2,EF_CLASS,4,EF_GRID,0,EF_AC,3,EF_REGENMP,5,EF_RUNSPEED,1,EF_ITEMGRADE,1
1415,Sapatos(A),1.0,0.0.0.0.0,21,1600,32,0,3,EF_CLASS,4,EF_GRID,0,EF_AC,4,EF_REGENMP,5,EF_DAMAGE,5,EF_RUNSPEED,1,EF_ITEMGRADE,1
1416,Elmo(N),1.0,0.0.0.0.0,22,2450,2,0,1,EF_CLASS,4,EF_GRID,0,EF_AC,7,EF_SAVEMANA,3,EF_ITEMGRADE,1
1417,Elmo(M),1.0,0.0.0.0.0,22,5800,2,0,2,EF_CLASS,4,EF_GRID,0,EF_AC,9,EF_SAVEMANA,4,EF_ITEMGRADE,1
1418,Elmo(A),1.0,0.0.0.0.0,22,8700,2,0,3,EF_CLASS,4,EF_GRID,0,EF_AC,12,EF_SAVEMANA,4,EF_MPADD,4,EF_ITEMGRADE,1
1419,Armadura(N),1.0,0.0.0.0.0,22,4000,4,0,1,EF_CLASS,4,EF_GRID,0,EF_AC,13,EF_HPADD,3,EF_ITEMGRADE,1
1420,Armadura(M),1.0,0.0.0.0.0,22,7600,4,0,2,EF_CLASS,4,EF_GRID,0,EF_AC,15,EF_CRITICAL,20,EF_HPADD,3,EF_ITEMGRADE,1
1421,Armadura(A),1.0,0.0.0.0.0,22,14000,4,0,3,EF_CLASS,4,EF_GRID,0,EF_AC,18,EF_CRITICAL,10,EF_HPADD,4,EF_ITEMGRADE,1
1422,Calça(N),1.0,0.0.0.0.0,22,3300,8,0,1,EF_CLASS,4,EF_GRID,0,EF_AC,10,EF_HPADD,1,EF_ITEMGRADE,1
1423,Calça(M),1.0,0.0.0.0.0,22,7100,8,0,2,EF_CLASS,4,EF_GRID,0,EF_AC,12,EF_CRITICAL,20,EF_HPADD,1,EF_ITEMGRADE,1
1424,Calça(A),1.0,0.0.0.0.0,22,10000,8,0,3,EF_CLASS,4,EF_GRID,0,EF_AC,15,EF_CRITICAL,10,EF_HPADD,2,EF_ITEMGRADE,1
1425,Luvas(N),1.0,0.0.0.0.0,22,2200,16,0,1,EF_CLASS,4,EF_GRID,0,EF_AC,6,EF_MPADD,1,EF_ITEMGRADE,1
1426,Luvas(M),1.0,0.0.0.0.0,22,5100,16,0,2,EF_CLASS,4,EF_GRID,0,EF_AC,8,EF_ACADD,6,EF_MPADD,1,EF_ITEMGRADE,1
1427,Luvas(A),1.0,0.0.0.0.0,22,7600,16,0,3,EF_CLASS,4,EF_GRID,0,EF_AC,10,EF_ACADD,6,EF_MPADD,2,EF_ITEMGRADE,1
1428,Botas(N),1.0,0.0.0.0.0,22,2700,32,0,1,EF_CLASS,4,EF_GRID,0,EF_AC,6,EF_REGENMP,5,EF_RUNSPEED,1,EF_ITEMGRADE,1
1429,Botas(M),1.0,0.0.0.0.0,22,6000,32,0,2,EF_CLASS,4,EF_GRID,0,EF_AC,8,EF_REGENMP,5,EF_RUNSPEED,1,EF_ITEMGRADE,1
1430,Botas(A),1.0,0.0.0.0.0,22,9300,32,0,3,EF_CLASS,4,EF_GRID,0,EF_AC,10,EF_REGENMP,10,EF_DAMAGE,9,EF_RUNSPEED,1,EF_ITEMGRADE,1
1431,Elmo(N),2.0,34.40.39.0.0,23,13500,2,0,1,EF_CLASS,4,EF_GRID,0,EF_AC,15,EF_SAVEMANA,5,EF_ITEMGRADE,2
1432,Elmo(M),2.0,34.40.39.0.0,23,21500,2,0,2,EF_CLASS,4,EF_GRID,0,EF_AC,18,EF_SAVEMANA,6,EF_ITEMGRADE,2
1433,Elmo(A),2.0,34.40.39.0.0,23,33000,2,0,3,EF_CLASS,4,EF_GRID,0,EF_AC,23,EF_SAVEMANA,6,EF_MPADD,6,EF_ITEMGRADE,2
1434,Armadura(N),2.0,44.50.49.0.0,23,22500,4,0,1,EF_CLASS,4,EF_GRID,0,EF_AC,23,EF_HPADD,5,EF_ITEMGRADE,2
1435,Armadura(M),2.0,44.50.49.0.0,23,33000,4,0,2,EF_CLASS,4,EF_GRID,0,EF_AC,27,EF_CRITICAL,30,EF_HPADD,5,EF_ITEMGRADE,2
1436,Armadura(A),2.0,44.50.49.0.0,23,49500,4,0,3,EF_CLASS,4,EF_GRID,0,EF_AC,32,EF_CRITICAL,15,EF_HPADD,6,EF_ITEMGRADE,2
1437,Calça(N),2.0,37.43.42.0.0,23,16500,8,0,1,EF_CLASS,4,EF_GRID,0,EF_AC,17,EF_HPADD,2,EF_ITEMGRADE,2
1438,Calça(M),2.0,37.43.42.0.0,23,24000,8,0,2,EF_CLASS,4,EF_GRID,0,EF_AC,23,EF_CRITICAL,30,EF_HPADD,2,EF_ITEMGRADE,2
1439,Calça(A),2.0,37.43.42.0.0,23,36000,8,0,3,EF_CLASS,4,EF_GRID,0,EF_AC,27,EF_CRITICAL,15,EF_HPADD,3,EF_ITEMGRADE,2
1440,Luvas(N),2.0,30.36.35.0.0,23,11500,16,0,1,EF_CLASS,4,EF_GRID,0,EF_AC,13,EF_MPADD,2,EF_ITEMGRADE,2
1441,Luvas(M),2.0,30.36.35.0.0,23,17500,16,0,2,EF_CLASS,4,EF_GRID,0,EF_AC,18,EF_ACADD,12,EF_MPADD,2,EF_ITEMGRADE,2
1442,Luvas(A),2.0,30.36.35.0.0,23,26000,16,0,3,EF_CLASS,4,EF_GRID,0,EF_AC,21,EF_ACADD,12,EF_MPADD,3,EF_ITEMGRADE,2
1443,Botas(N),2.0,32.38.37.0.0,23,14300,32,0,1,EF_CLASS,4,EF_GRID,0,EF_AC,12,EF_REGENMP,10,EF_RUNSPEED,1,EF_ITEMGRADE,2
1444,Botas(M),2.0,32.38.37.0.0,23,22500,32,0,2,EF_CLASS,4,EF_GRID,0,EF_AC,18,EF_REGENMP,10,EF_RUNSPEED,1,EF_ITEMGRADE,2
1445,Botas(A),2.0,32.38.37.0.0,23,34000,32,0,3,EF_CLASS,4,EF_GRID,0,EF_AC,21,EF_REGENMP,15,EF_DAMAGE,16,EF_RUNSPEED,1,EF_ITEMGRADE,2
1446,Elmo(N),2.0,34.40.39.0.0,24,49500,2,2211,1,EF_CLASS,4,EF_GRID,0,EF_AC,26,EF_SAVEMANA,7,EF_ITEMGRADE,2
1447,Elmo(M),2.0,34.40.39.0.0,24,74000,2,2211,2,EF_CLASS,4,EF_GRID,0,EF_AC,31,EF_SAVEMANA,8,EF_ITEMGRADE,2
1448,Elmo(A),2.0,34.40.39.0.0,24,97000,2,2211,3,EF_CLASS,4,EF_GRID,0,EF_AC,35,EF_SAVEMANA,8,EF_MPADD,6,EF_ITEMGRADE,2
1449,Armadura(N),2.0,44.50.49.0.0,24,74000,4,2212,1,EF_CLASS,4,EF_GRID,0,EF_AC,36,EF_HPADD,5,EF_ITEMGRADE,2
1450,Armadura(M),2.0,44.50.49.0.0,24,110000,4,2212,2,EF_CLASS,4,EF_GRID,0,EF_AC,40,EF_CRITICAL,40,EF_HPADD,5,EF_ITEMGRADE,2
1451,Armadura(A),2.0,44.50.49.0.0,24,142000,4,2212,3,EF_CLASS,4,EF_GRID,0,EF_AC,44,EF_CRITICAL,30,EF_HPADD,6,EF_ITEMGRADE,2
1452,Calça(N),2.0,37.43.42.0.0,24,54000,8,2213,1,EF_CLASS,4,EF_GRID,0,EF_AC,31,EF_HPADD,3,EF_ITEMGRADE,2
1453,Calça(M),2.0,37.43.42.0.0,24,81000,8,2213,2,EF_CLASS,4,EF_GRID,0,EF_AC,36,EF_CRITICAL,40,EF_HPADD,3,EF_ITEMGRADE,2
1454,Calça(A),2.0,37.43.42.0.0,24,130000,8,2213,3,EF_CLASS,4,EF_GRID,0,EF_AC,41,EF_CRITICAL,30,EF_HPADD,4,EF_ITEMGRADE,2
1455,Luvas(N),2.0,30.36.35.0.0,24,29000,16,2214,1,EF_CLASS,4,EF_GRID,0,EF_AC,25,EF_MPADD,3,EF_ITEMGRADE,2
1456,Luvas(M),2.0,30.36.35.0.0,24,58500,16,2214,2,EF_CLASS,4,EF_GRID,0,EF_AC,30,EF_ACADD,17,EF_MPADD,3,EF_ITEMGRADE,2
1457,Luvas(A),2.0,30.36.35.0.0,24,87800,16,2214,3,EF_CLASS,4,EF_GRID,0,EF_AC,34,EF_ACADD,17,EF_MPADD,4,EF_ITEMGRADE,2
1458,Botas(N),2.0,32.38.37.0.0,24,52500,32,2215,1,EF_CLASS,4,EF_GRID,0,EF_AC,23,EF_REGENMP,15,EF_RUNSPEED,2,EF_ITEMGRADE,2
1459,Botas(M),2.0,32.38.37.0.0,24,78700,32,2215,2,EF_CLASS,4,EF_GRID,0,EF_AC,28,EF_REGENMP,15,EF_RUNSPEED,2,EF_ITEMGRADE,2
1460,Botas(A),2.0,32.38.37.0.0,24,102000,32,2215,3,EF_CLASS,4,EF_GRID,0,EF_AC,32,EF_REGENMP,20,EF_DAMAGE,24,EF_RUNSPEED,2,EF_ITEMGRADE,2
1461,Elmo(N),3.0,86.100.99.0.0,25,116000,2,2216,1,EF_CLASS,4,EF_GRID,0,EF_AC,42,EF_SAVEMANA,5,EF_ITEMGRADE,3
1462,Elmo(M),3.0,94.109.108.0.0,25,120000,2,2216,2,EF_CLASS,4,EF_GRID,0,EF_AC,48,EF_SAVEMANA,6,EF_ITEMGRADE,3
1463,Elmo(A),3.0,102.118.117.0.0,25,125000,2,2216,3,EF_CLASS,4,EF_GRID,0,EF_AC,54,EF_SAVEMANA,6,EF_MPADD,8,EF_ITEMGRADE,3
1464,Armadura(N),3.0,92.107.106.0.0,25,168000,4,2217,1,EF_CLASS,4,EF_GRID,0,EF_AC,55,EF_HPADD,3,EF_ITEMGRADE,3
1465,Armadura(M),3.0,100.116.115.0.0,25,171000,4,2217,2,EF_CLASS,4,EF_GRID,0,EF_AC,61,EF_CRITICAL,40,EF_HPADD,3,EF_ITEMGRADE,3
1466,Armadura(A),3.0,109.125.124.0.0,25,176000,4,2217,3,EF_CLASS,4,EF_GRID,0,EF_AC,69,EF_CRITICAL,30,EF_HPADD,4,EF_ITEMGRADE,3
1467,Calça(N),3.0,89.103.102.0.0,25,150000,8,2218,1,EF_CLASS,4,EF_GRID,0,EF_AC,48,EF_HPADD,3,EF_ITEMGRADE,3
1468,Calça(M),3.0,97.112.111.0.0,25,154000,8,2218,2,EF_CLASS,4,EF_GRID,0,EF_AC,54,EF_CRITICAL,40,EF_HPADD,3,EF_ITEMGRADE,3
1469,Calça(A),3.0,106.122.121.0.0,25,159000,8,2218,3,EF_CLASS,4,EF_GRID,0,EF_AC,60,EF_CRITICAL,30,EF_HPADD,4,EF_ITEMGRADE,3
1470,Luvas(N),3.0,80.94.93.0.0,25,106000,16,2219,1,EF_CLASS,4,EF_GRID,0,EF_AC,40,EF_MPADD,4,EF_ITEMGRADE,3
1471,Luvas(M),3.0,88.102.101.0.0,25,110000,16,2219,2,EF_CLASS,4,EF_GRID,0,EF_AC,46,EF_ACADD,17,EF_MPADD,4,EF_ITEMGRADE,3
1472,Luvas(A),3.0,96.111.110.0.0,25,113000,16,2219,3,EF_CLASS,4,EF_GRID,0,EF_AC,52,EF_ACADD,17,EF_MPADD,5,EF_ITEMGRADE,3
1473,Botas(N),3.0,83.97.96.0.0,25,120000,32,2220,1,EF_CLASS,4,EF_GRID,0,EF_AC,37,EF_RUNSPEED,2,EF_REGENMP,20,EF_ITEMGRADE,3
1474,Botas(M),3.0,91.106.105.0.0,25,124000,32,2220,2,EF_CLASS,4,EF_GRID,0,EF_AC,45,EF_RUNSPEED,2,EF_REGENMP,20,EF_ITEMGRADE,3
1475,Botas(A),3.0,99.114.113.0.0,25,128000,32,2220,3,EF_CLASS,4,EF_GRID,0,EF_AC,50,EF_RUNSPEED,2,EF_REGENMP,25,EF_DAMAGE,24,EF_ITEMGRADE,3
1476,Elmo(N),6.0,86.100.99.0.0,26,129000,2,2221,1,EF_CLASS,4,EF_GRID,0,EF_AC,64,EF_SAVEMANA,6,EF_ITEMGRADE,4
1477,Elmo(M),6.0,94.109.108.0.0,26,132000,2,2221,2,EF_CLASS,4,EF_GRID,0,EF_AC,68,EF_SAVEMANA,7,EF_ITEMGRADE,4
1478,Elmo(A),6.0,102.118.117.0.0,26,135000,2,2221,3,EF_CLASS,4,EF_GRID,0,EF_AC,75,EF_SAVEMANA,7,EF_MPADD,9,EF_ITEMGRADE,4
1479,Armadura(N),4.0,92.107.106.0.0,26,179000,4,2222,1,EF_CLASS,4,EF_GRID,0,EF_AC,86,EF_HPADD,4,EF_ITEMGRADE,4
1480,Armadura(M),4.0,100.116.115.0.0,26,183000,4,2222,2,EF_CLASS,4,EF_GRID,0,EF_AC,94,EF_CRITICAL,45,EF_HPADD,4,EF_ITEMGRADE,4
1481,Armadura(A),4.0,109.125.124.0.0,26,186000,4,2222,3,EF_CLASS,4,EF_GRID,0,EF_AC,99,EF_CRITICAL,35,EF_HPADD,5,EF_ITEMGRADE,4
1482,Calça(N),4.0,89.103.102.0.0,26,162000,8,2223,1,EF_CLASS,4,EF_GRID,0,EF_AC,76,EF_HPADD,4,EF_ITEMGRADE,4
1483,Calça(M),4.0,97.112.111.0.0,26,165000,8,2223,2,EF_CLASS,4,EF_GRID,0,EF_AC,81,EF_CRITICAL,45,EF_HPADD,4,EF_ITEMGRADE,4
1484,Calça(A),4.0,106.122.121.0.0,26,167000,8,2223,3,EF_CLASS,4,EF_GRID,0,EF_AC,84,EF_CRITICAL,35,EF_HPADD,5,EF_ITEMGRADE,4
1485,Luvas(N),4.0,80.94.93.0.0,26,117000,16,2224,1,EF_CLASS,4,EF_GRID,0,EF_AC,55,EF_MPADD,5,EF_ITEMGRADE,4
1486,Luvas(M),4.0,88.102.101.0.0,26,120000,16,2224,2,EF_CLASS,4,EF_GRID,0,EF_AC,62,EF_ACADD,17,EF_MPADD,5,EF_ITEMGRADE,4
1487,Luvas(A),4.0,96.111.110.0.0,26,122000,16,2224,3,EF_CLASS,4,EF_GRID,0,EF_AC,65,EF_ACADD,17,EF_MPADD,6,EF_ITEMGRADE,4
1488,Botas(N),4.0,83.97.96.0.0,26,130000,32,2225,1,EF_CLASS,4,EF_GRID,0,EF_AC,56,EF_RUNSPEED,2,EF_REGENMP,20,EF_ITEMGRADE,4
1489,Botas(M),4.0,91.106.105.0.0,26,133000,32,2225,2,EF_CLASS,4,EF_GRID,0,EF_AC,63,EF_RUNSPEED,2,EF_REGENMP,20,EF_ITEMGRADE,4
1490,Botas(A),4.0,99.114.113.0.0,26,135000,32,2225,3,EF_CLASS,4,EF_GRID,0,EF_AC,66,EF_RUNSPEED,2,EF_REGENMP,30,EF_DAMAGE,24,EF_ITEMGRADE,4
1491,Elmo(N),4.0,136.155.154.0.0,27,138000,2,2226,1,EF_CLASS,4,EF_GRID,0,EF_AC,80,EF_SAVEMANA,7,EF_ITEMGRADE,4
1492,Elmo(M),4.0,144.164.163.0.0,27,142000,2,2226,2,EF_CLASS,4,EF_GRID,0,EF_AC,85,EF_SAVEMANA,8,EF_ITEMGRADE,4
1493,Elmo(A),4.0,153.174.173.0.0,27,145000,2,2226,3,EF_CLASS,4,EF_GRID,0,EF_AC,90,EF_SAVEMANA,8,EF_MPADD,10,EF_ITEMGRADE,4
1494,Armadura(N),4.0,142.162.161.0.0,27,188000,4,2227,1,EF_CLASS,4,EF_GRID,0,EF_AC,104,EF_HPADD,5,EF_ITEMGRADE,4
1495,Armadura(M),4.0,150.171.170.0.0,27,191000,4,2227,2,EF_CLASS,4,EF_GRID,0,EF_AC,111,EF_CRITICAL,45,EF_HPADD,5,EF_ITEMGRADE,4
1496,Armadura(A),4.0,159.180.179.0.0,27,195000,4,2227,3,EF_CLASS,4,EF_GRID,0,EF_AC,118,EF_CRITICAL,35,EF_HPADD,6,EF_ITEMGRADE,4
1497,Calça(N),4.0,139.158.157.0.0,27,170000,8,2228,1,EF_CLASS,4,EF_GRID,0,EF_AC,91,EF_HPADD,5,EF_ITEMGRADE,4
1498,Calça(M),4.0,147.167.166.0.0,27,173000,8,2228,2,EF_CLASS,4,EF_GRID,0,EF_AC,96,EF_CRITICAL,45,EF_HPADD,5,EF_ITEMGRADE,4
1499,Calça(A),4.0,156.177.176.0.0,27,176000,8,2228,3,EF_CLASS,4,EF_GRID,0,EF_AC,101,EF_CRITICAL,35,EF_HPADD,6,EF_ITEMGRADE,4
1500,Luvas(N),4.0,129.147.146.0.0,27,126000,16,2229,1,EF_CLASS,4,EF_GRID,0,EF_AC,72,EF_MPADD,6,EF_ITEMGRADE,4
1501,Luvas(M),4.0,137.156.155.0.0,27,129000,16,2229,2,EF_CLASS,4,EF_GRID,0,EF_AC,74,EF_ACADD,17,EF_MPADD,6,EF_ITEMGRADE,4
1502,Luvas(A),4.0,146.166.165.0.0,27,131000,16,2229,3,EF_CLASS,4,EF_GRID,0,EF_AC,78,EF_ACADD,17,EF_MPADD,7,EF_ITEMGRADE,4
1503,Botas(N),4.0,132.151.150.0.0,27,141000,32,2230,1,EF_CLASS,4,EF_GRID,0,EF_AC,73,EF_RUNSPEED,2,EF_REGENMP,30,EF_ITEMGRADE,4
1504,Botas(M),4.0,140.160.159.0.0,27,144000,32,2230,2,EF_CLASS,4,EF_GRID,0,EF_AC,76,EF_RUNSPEED,2,EF_REGENMP,30,EF_ITEMGRADE,4
1505,Botas(A),4.0,149.169.168.0.0,27,148000,32,2230,3,EF_CLASS,4,EF_GRID,0,EF_AC,79,EF_RUNSPEED,2,EF_REGENMP,35,EF_DAMAGE,24,EF_ITEMGRADE,4
1506,Armadura,41.0,227.0.0.0.0,29,178000,4,2227,1,EF_CLASS,4,EF_GRID,0,EF_AC,156,EF_CRITICAL,45,EF_HPADD,8,EF_ITEMGRADE,5,EF_TRANS,1
1507,Calça,41.0,230.0.0.0.0,29,178000,8,2228,1,EF_CLASS,4,EF_GRID,0,EF_AC,135,EF_CRITICAL,45,EF_HPADD,8,EF_ITEMGRADE,5,EF_TRANS,1
1508,Luvas,41.0,220.0.0.0.0,29,176000,16,2229,1,EF_CLASS,4,EF_GRID,0,EF_AC,104,EF_ACADD,17,EF_MPADD,8,EF_ITEMGRADE,5,EF_TRANS,1
1509,Botas,41.0,223.0.0.0.0,29,174000,32,2230,1,EF_CLASS,4,EF_GRID,0,EF_AC,106,EF_RUNSPEED,2,EF_REGENMP,40,EF_DAMAGE,24,EF_ITEMGRADE,5,EF_TRANS,1
1510,Elmo,5.0,284.0.0.0.0,30,160000,2,3841,1,EF_CLASS,4,EF_GRID,0,EF_AC,100,EF_SAVEMANA,10,EF_MPADD,11,EF_ITEMGRADE,5
1511,Armadura,5.0,284.0.0.0.0,30,160000,4,3842,1,EF_CLASS,4,EF_GRID,0,EF_AC,128,EF_CRITICAL,45,EF_HPADD,8,EF_ITEMGRADE,5
1512,Calça,5.0,284.0.0.0.0,30,160000,8,3843,1,EF_CLASS,4,EF_GRID,0,EF_AC,110,EF_CRITICAL,45,EF_HPADD,8,EF_ITEMGRADE,5
1513,Luvas,5.0,284.0.0.0.0,30,160000,16,3844,1,EF_CLASS,4,EF_GRID,0,EF_AC,86,EF_ACADD,20,EF_MPADD,9,EF_ITEMGRADE,5
1514,Botas,5.0,284.0.0.0.0,30,160000,32,3845,1,EF_CLASS,4,EF_GRID,0,EF_AC,88,EF_RUNSPEED,2,EF_REGENMP,45,EF_DAMAGE,24,EF_ITEMGRADE,5
1515,NULL,45.0,227.0.0.0.0,39,178000,4,2247,1,EF_CLASS,4,EF_GRID,0,EF_AC,369,EF_CRITICAL,45,EF_HPADD,17,EF_ITEMGRADE,5,EF_TRANS,3
1516,NULL,45.0,230.0.0.0.0,39,178000,8,2248,1,EF_CLASS,4,EF_GRID,0,EF_AC,320,EF_CRITICAL,45,EF_HPADD,17,EF_ITEMGRADE,5,EF_TRANS,3
1517,NULL,45.0,220.0.0.0.0,39,176000,16,2249,1,EF_CLASS,4,EF_GRID,0,EF_AC,246,EF_MPADD,17,EF_ITEMGRADE,5,EF_TRANS,3
1518,NULL,45.0,223.0.0.0.0,39,174000,32,2250,1,EF_CLASS,4,EF_GRID,0,EF_AC,251,EF_RUNSPEED,2,EF_REGENMP,60,EF_DAMAGE,24,EF_ITEMGRADE,5,EF_TRANS,3
1519,NULL_Selado,1421.1,0.0.0.0.0,39,178000,1,2247,1,EF_CLASS,4,EF_GRID,0,EF_ITEMGRADE,5
1520,NULL_Selado,1422.1,0.0.0.0.0,39,178000,1,2248,1,EF_CLASS,4,EF_GRID,0,EF_ITEMGRADE,5
1521,NULL_Selado,1423.1,0.0.0.0.0,39,176000,1,2249,1,EF_CLASS,4,EF_GRID,0,EF_ITEMGRADE,5
1522,NULL_Selado,1424.1,0.0.0.0.0,39,174000,1,2250,1,EF_CLASS,4,EF_GRID,0,EF_ITEMGRADE,5
1523,NULL,46.0,227.0.0.0.0,50,5000,4,2247,1,EF_CLASS,4,EF_GRID,0,EF_AC,265,EF_CRITICAL,45,EF_HPADD,14,EF_ITEMGRADE,5,EF_TRANS,3,EF_ITEMTYPE,1,,1
1524,NULL,46.0,230.0.0.0.0,50,5000,8,2248,1,EF_CLASS,4,EF_GRID,0,EF_AC,230,EF_CRITICAL,45,EF_HPADD,14,EF_ITEMGRADE,5,EF_TRANS,3,EF_ITEMTYPE,1,,1
1525,NULL,46.0,220.0.0.0.0,50,5000,16,2249,1,EF_CLASS,4,EF_GRID,0,EF_AC,177,EF_ACADD,17,EF_MPADD,14,EF_ITEMGRADE,5,EF_TRANS,3,EF_ITEMTYPE,1,,1
1526,NULL,46.0,223.0.0.0.0,50,5000,32,2250,1,EF_CLASS,4,EF_GRID,0,EF_AC,180,EF_RUNSPEED,2,EF_REGENMP,60,EF_DAMAGE,24,EF_ITEMGRADE,5,EF_TRANS,3,EF_ITEMTYPE,1,,1
1551,Chapéu(N),1.0,0.0.0.0.0,31,450,2,0,1,EF_CLASS,8,EF_GRID,0,EF_AC,2,EF_SAVEMANA,1,EF_ITEMGRADE,1
1552,Chapéu(M),1.0,0.0.0.0.0,31,900,2,0,2,EF_CLASS,8,EF_GRID,0,EF_AC,3,EF_SAVEMANA,2,EF_ITEMGRADE,1
1553,Chapéu(A),1.0,0.0.0.0.0,31,1650,2,0,3,EF_CLASS,8,EF_GRID,0,EF_AC,4,EF_SAVEMANA,2,EF_MPADD,4,EF_ITEMGRADE,1
1554,Jaqueta(N),1.0,0.0.0.0.0,31,700,4,0,1,EF_CLASS,8,EF_GRID,0,EF_AC,4,EF_HPADD,3,EF_ITEMGRADE,1
1555,Jaqueta(M),1.0,0.0.0.0.0,31,1500,4,0,2,EF_CLASS,8,EF_GRID,0,EF_AC,6,EF_CRITICAL,10,EF_HPADD,3,EF_ITEMGRADE,1
1556,Jaqueta(A),1.0,0.0.0.0.0,31,2300,4,0,3,EF_CLASS,8,EF_GRID,0,EF_AC,8,EF_CRITICAL,5,EF_HPADD,4,EF_ITEMGRADE,1
1557,Calça(N),1.0,0.0.0.0.0,31,500,8,0,1,EF_CLASS,8,EF_GRID,0,EF_AC,2,EF_HPADD,1,EF_ITEMGRADE,1
1558,Calça(M),1.0,0.0.0.0.0,31,1100,8,0,2,EF_CLASS,8,EF_GRID,0,EF_AC,4,EF_CRITICAL,10,EF_HPADD,1,EF_ITEMGRADE,1
1559,Calça(A),1.0,0.0.0.0.0,31,2000,8,0,3,EF_CLASS,8,EF_GRID,0,EF_AC,5,EF_CRITICAL,5,EF_HPADD,1,EF_ITEMGRADE,1
1560,Luvas(N),1.0,0.0.0.0.0,31,250,16,0,1,EF_CLASS,8,EF_GRID,0,EF_AC,1,EF_MPADD,1,EF_ITEMGRADE,1
1561,Luvas(M),1.0,0.0.0.0.0,31,650,16,0,2,EF_CLASS,8,EF_GRID,0,EF_AC,3,EF_ACADD,3,EF_MPADD,1,EF_ITEMGRADE,1
1562,Luvas(A),1.0,0.0.0.0.0,31,1400,16,0,3,EF_CLASS,8,EF_GRID,0,EF_AC,4,EF_ACADD,3,EF_MPADD,1,EF_ITEMGRADE,1
1563,Botas(N),1.0,0.0.0.0.0,31,300,32,0,1,EF_CLASS,8,EF_GRID,0,EF_AC,1,EF_REGENMP,5,EF_RUNSPEED,1,EF_ITEMGRADE,1
1564,Botas(M),1.0,0.0.0.0.0,31,850,32,0,2,EF_CLASS,8,EF_GRID,0,EF_AC,3,EF_REGENMP,5,EF_RUNSPEED,1,EF_ITEMGRADE,1
1565,Botas(A),1.0,0.0.0.0.0,31,1600,32,0,3,EF_CLASS,8,EF_GRID,0,EF_AC,4,EF_REGENMP,5,EF_DAMAGE,5,EF_RUNSPEED,1,EF_ITEMGRADE,1
1566,Elmo(N),1.0,0.0.0.0.0,32,2700,2,0,1,EF_CLASS,8,EF_GRID,0,EF_AC,6,EF_SAVEMANA,2,EF_ITEMGRADE,1
1567,Elmo(M),1.0,0.0.0.0.0,32,6200,2,0,2,EF_CLASS,8,EF_GRID,0,EF_AC,8,EF_SAVEMANA,3,EF_ITEMGRADE,1
1568,Elmo(A),1.0,0.0.0.0.0,32,9300,2,0,3,EF_CLASS,8,EF_GRID,0,EF_AC,11,EF_SAVEMANA,3,EF_MPADD,5,EF_ITEMGRADE,1
1569,Peitoral(N),1.0,0.0.0.0.0,32,4500,4,0,1,EF_CLASS,8,EF_GRID,0,EF_AC,11,EF_HPADD,3,EF_ITEMGRADE,1
1570,Peitoral(M),1.0,0.0.0.0.0,32,8400,4,0,2,EF_CLASS,8,EF_GRID,0,EF_AC,15,EF_CRITICAL,20,EF_HPADD,3,EF_ITEMGRADE,1
1571,Peitoral(A),1.0,0.0.0.0.0,32,12600,4,0,3,EF_CLASS,8,EF_GRID,0,EF_AC,19,EF_CRITICAL,10,EF_HPADD,4,EF_ITEMGRADE,1
1572,Calça(N),1.0,0.0.0.0.0,32,3600,8,0,1,EF_CLASS,8,EF_GRID,0,EF_AC,8,EF_HPADD,1,EF_ITEMGRADE,1
1573,Calça(M),1.0,0.0.0.0.0,32,7500,8,0,2,EF_CLASS,8,EF_GRID,0,EF_AC,11,EF_CRITICAL,20,EF_HPADD,1,EF_ITEMGRADE,1
1574,Calça(A),1.0,0.0.0.0.0,32,11000,8,0,3,EF_CLASS,8,EF_GRID,0,EF_AC,15,EF_CRITICAL,10,EF_HPADD,2,EF_ITEMGRADE,1
1575,Braçadeira(N),1.0,0.0.0.0.0,32,2250,16,0,1,EF_CLASS,8,EF_GRID,0,EF_AC,6,EF_MPADD,1,EF_ITEMGRADE,1
1576,Braçadeira(M),1.0,0.0.0.0.0,32,5300,16,0,2,EF_CLASS,8,EF_GRID,0,EF_AC,7,EF_ACADD,6,EF_MPADD,1,EF_ITEMGRADE,1
1577,Braçadeira(A),1.0,0.0.0.0.0,32,8000,16,0,3,EF_CLASS,8,EF_GRID,0,EF_AC,9,EF_ACADD,6,EF_MPADD,2,EF_ITEMGRADE,1
1578,Botas(N),1.0,0.0.0.0.0,32,2800,32,0,1,EF_CLASS,8,EF_GRID,0,EF_AC,5,EF_RUNSPEED,1,EF_REGENMP,5,EF_ITEMGRADE,1
1579,Botas(M),1.0,0.0.0.0.0,32,6400,32,0,2,EF_CLASS,8,EF_GRID,0,EF_AC,7,EF_RUNSPEED,1,EF_REGENMP,5,EF_ITEMGRADE,1
1580,Botas(A),1.0,0.0.0.0.0,32,9600,32,0,3,EF_CLASS,8,EF_GRID,0,EF_AC,9,EF_RUNSPEED,1,EF_REGENMP,10,EF_DAMAGE,9,EF_ITEMGRADE,1
1581,Chapéu(N),2.0,32.31.0.0.43,33,11300,2,0,1,EF_CLASS,8,EF_GRID,0,EF_AC,14,EF_SAVEMANA,3,EF_ITEMGRADE,2
1582,Chapéu(M),2.0,32.31.0.0.43,33,13500,2,0,2,EF_CLASS,8,EF_GRID,0,EF_AC,18,EF_SAVEMANA,4,EF_ITEMGRADE,2
1583,Chapéu(A),2.0,32.31.0.0.43,33,21000,2,0,3,EF_CLASS,8,EF_GRID,0,EF_AC,22,EF_SAVEMANA,4,EF_MPADD,6,EF_ITEMGRADE,2
1584,Peitoral(N),2.0,43.40.0.0.56,33,21000,4,0,1,EF_CLASS,8,EF_GRID,0,EF_AC,24,EF_HPADD,4,EF_ITEMGRADE,2
1585,Peitoral(M),2.0,43.40.0.0.56,33,31500,4,0,2,EF_CLASS,8,EF_GRID,0,EF_AC,29,EF_CRITICAL,30,EF_HPADD,4,EF_ITEMGRADE,2
1586,Peitoral(A),2.0,43.40.0.0.56,33,46000,4,0,3,EF_CLASS,8,EF_GRID,0,EF_AC,34,EF_CRITICAL,15,EF_HPADD,5,EF_ITEMGRADE,2
1587,Calça(N),2.0,35.34.0.0.47,33,17500,8,0,1,EF_CLASS,8,EF_GRID,0,EF_AC,19,EF_HPADD,2,EF_ITEMGRADE,2
1588,Calça(M),2.0,35.34.0.0.47,33,26200,8,0,2,EF_CLASS,8,EF_GRID,0,EF_AC,25,EF_CRITICAL,30,EF_HPADD,2,EF_ITEMGRADE,2
1589,Calça(A),2.0,35.34.0.0.47,33,39000,8,0,3,EF_CLASS,8,EF_GRID,0,EF_AC,30,EF_CRITICAL,15,EF_HPADD,3,EF_ITEMGRADE,2
1590,Manopla(N),2.0,28.28.0.0.38,33,11500,16,0,1,EF_CLASS,8,EF_GRID,0,EF_AC,12,EF_MPADD,2,EF_ITEMGRADE,2
1591,Manopla(M),2.0,28.28.0.0.38,33,17000,16,0,2,EF_CLASS,8,EF_GRID,0,EF_AC,15,EF_ACADD,12,EF_MPADD,2,EF_ITEMGRADE,2
1592,Manopla(A),2.0,28.28.0.0.38,33,25500,16,0,3,EF_CLASS,8,EF_GRID,0,EF_AC,19,EF_ACADD,12,EF_MPADD,3,EF_ITEMGRADE,2
1593,Botas(N),2.0,30.30.0.0.41,33,14400,32,0,1,EF_CLASS,8,EF_GRID,0,EF_AC,13,EF_RUNSPEED,1,EF_REGENMP,10,EF_ITEMGRADE,2
1594,Botas(M),2.0,30.30.0.0.41,33,21600,32,0,2,EF_CLASS,8,EF_GRID,0,EF_AC,17,EF_RUNSPEED,1,EF_REGENMP,10,EF_ITEMGRADE,2
1595,Botas(A),2.0,30.30.0.0.41,33,32000,32,0,3,EF_CLASS,8,EF_GRID,0,EF_AC,21,EF_RUNSPEED,1,EF_REGENMP,15,EF_DAMAGE,16,EF_ITEMGRADE,2
1596,Chapéu(N),2.0,32.31.0.0.43,34,31500,2,2231,1,EF_CLASS,8,EF_GRID,0,EF_AC,26,EF_SAVEMANA,4,EF_ITEMGRADE,2
1597,Chapéu(M),2.0,32.31.0.0.43,34,70000,2,2231,2,EF_CLASS,8,EF_GRID,0,EF_AC,31,EF_SAVEMANA,5,EF_ITEMGRADE,2
1598,Chapéu(A),2.0,32.31.0.0.43,34,98000,2,2231,3,EF_CLASS,8,EF_GRID,0,EF_AC,37,EF_SAVEMANA,5,EF_MPADD,7,EF_ITEMGRADE,2
1599,Peitoral(N),2.0,43.40.0.0.56,34,66700,4,2232,1,EF_CLASS,8,EF_GRID,0,EF_AC,39,EF_HPADD,4,EF_ITEMGRADE,2
1600,Peitoral(M),2.0,43.40.0.0.56,34,99000,4,2232,2,EF_CLASS,8,EF_GRID,0,EF_AC,43,EF_CRITICAL,40,EF_HPADD,4,EF_ITEMGRADE,2
1601,Peitoral(A),2.0,43.40.0.0.56,34,148000,4,2232,3,EF_CLASS,8,EF_GRID,0,EF_AC,47,EF_CRITICAL,30,EF_HPADD,5,EF_ITEMGRADE,2
1602,Calça(N),2.0,35.34.0.0.47,34,58000,8,2233,1,EF_CLASS,8,EF_GRID,0,EF_AC,35,EF_HPADD,3,EF_ITEMGRADE,2
1603,Calça(M),2.0,35.34.0.0.47,34,87000,8,2233,2,EF_CLASS,8,EF_GRID,0,EF_AC,38,EF_CRITICAL,40,EF_HPADD,3,EF_ITEMGRADE,2
1604,Calça(A),2.0,35.34.0.0.47,34,130000,8,2233,3,EF_CLASS,8,EF_GRID,0,EF_AC,40,EF_CRITICAL,30,EF_HPADD,4,EF_ITEMGRADE,2
1605,Braçadeira(N),2.0,28.28.0.0.38,34,38000,16,2234,1,EF_CLASS,8,EF_GRID,0,EF_AC,24,EF_MPADD,3,EF_ITEMGRADE,2
1606,Braçadeira(M),2.0,28.28.0.0.38,34,57000,16,2234,2,EF_CLASS,8,EF_GRID,0,EF_AC,29,EF_ACADD,17,EF_MPADD,3,EF_ITEMGRADE,2
1607,Braçadeira(A),2.0,28.28.0.0.38,34,86000,16,2234,3,EF_CLASS,8,EF_GRID,0,EF_AC,34,EF_ACADD,17,EF_MPADD,4,EF_ITEMGRADE,2
1608,Botas(N),2.0,30.30.0.0.41,34,48000,32,2235,1,EF_CLASS,8,EF_GRID,0,EF_AC,25,EF_RUNSPEED,2,EF_REGENMP,10,EF_ITEMGRADE,2
1609,Botas(M),2.0,30.30.0.0.41,34,71000,32,2235,2,EF_CLASS,8,EF_GRID,0,EF_AC,29,EF_RUNSPEED,2,EF_REGENMP,15,EF_ITEMGRADE,2
1610,Botas(A),2.0,30.30.0.0.41,34,100000,32,2235,3,EF_CLASS,8,EF_GRID,0,EF_AC,33,EF_RUNSPEED,2,EF_REGENMP,20,EF_DAMAGE,24,EF_ITEMGRADE,2
1611,Elmo(N),3.0,86.74.0.0.108,35,116000,2,2236,1,EF_CLASS,8,EF_GRID,0,EF_AC,45,EF_SAVEMANA,5,EF_ITEMGRADE,3
1612,Elmo(M),3.0,94.81.0.0.117,35,120000,2,2236,2,EF_CLASS,8,EF_GRID,0,EF_AC,52,EF_SAVEMANA,6,EF_ITEMGRADE,3
1613,Elmo(A),3.0,102.87.0.0.127,35,125000,2,2236,3,EF_CLASS,8,EF_GRID,0,EF_AC,57,EF_SAVEMANA,6,EF_MPADD,8,EF_ITEMGRADE,3
1614,Peitoral(N),3.0,92.79.0.0.115,35,168000,4,2237,1,EF_CLASS,8,EF_GRID,0,EF_AC,62,EF_HPADD,3,EF_ITEMGRADE,3
1615,Peitoral(M),3.0,100.86.0.0.125,35,171000,4,2237,2,EF_CLASS,8,EF_GRID,0,EF_AC,69,EF_CRITICAL,40,EF_HPADD,3,EF_ITEMGRADE,3
1616,Peitoral(A),3.0,109.93.0.0.135,35,176000,4,2237,3,EF_CLASS,8,EF_GRID,0,EF_AC,74,EF_CRITICAL,30,EF_HPADD,4,EF_ITEMGRADE,3
1617,Calça(N),3.0,89.77.0.0.111,35,150000,8,2238,1,EF_CLASS,8,EF_GRID,0,EF_AC,53,EF_HPADD,3,EF_ITEMGRADE,3
1618,Calça(M),3.0,97.83.0.0.121,35,154000,8,2238,2,EF_CLASS,8,EF_GRID,0,EF_AC,60,EF_CRITICAL,40,EF_HPADD,3,EF_ITEMGRADE,3
1619,Calça(A),3.0,106.90.0.0.132,35,159000,8,2238,3,EF_CLASS,8,EF_GRID,0,EF_AC,64,EF_CRITICAL,30,EF_HPADD,4,EF_ITEMGRADE,3
1620,Braçadeira(N),3.0,80.70.0.0.101,35,106000,16,2239,1,EF_CLASS,8,EF_GRID,0,EF_AC,43,EF_MPADD,4,EF_ITEMGRADE,3
1621,Braçadeira(M),3.0,88.76.0.0.110,35,110000,16,2239,2,EF_CLASS,8,EF_GRID,0,EF_AC,49,EF_ACADD,17,EF_MPADD,4,EF_ITEMGRADE,3
1622,Braçadeira(A),3.0,96.82.0.0.120,35,113000,16,2239,3,EF_CLASS,8,EF_GRID,0,EF_AC,54,EF_ACADD,17,EF_MPADD,5,EF_ITEMGRADE,3
1623,Botas(N),3.0,83.72.0.0.104,35,120000,32,2240,1,EF_CLASS,8,EF_GRID,0,EF_AC,42,EF_RUNSPEED,2,EF_REGENMP,20,EF_ITEMGRADE,3
1624,Botas(M),3.0,91.78.0.0.114,35,124000,32,2240,2,EF_CLASS,8,EF_GRID,0,EF_AC,48,EF_RUNSPEED,2,EF_REGENMP,20,EF_ITEMGRADE,3
1625,Botas(A),3.0,99.85.0.0.123,35,128000,32,2240,3,EF_CLASS,8,EF_GRID,0,EF_AC,54,EF_RUNSPEED,2,EF_REGENMP,25,EF_DAMAGE,24,EF_ITEMGRADE,3
1626,Chapéu(N),4.0,86.74.0.0.108,36,129000,2,2241,1,EF_CLASS,8,EF_GRID,0,EF_AC,66,EF_SAVEMANA,6,EF_ITEMGRADE,4
1627,Chapéu(M),4.0,94.81.0.0.117,36,132000,2,2241,2,EF_CLASS,8,EF_GRID,0,EF_AC,71,EF_SAVEMANA,7,EF_ITEMGRADE,4
1628,Chapéu(A),4.0,102.87.0.0.127,36,135000,2,2241,3,EF_CLASS,8,EF_GRID,0,EF_AC,77,EF_SAVEMANA,7,EF_MPADD,9,EF_ITEMGRADE,4
1629,Peitoral(N),4.0,92.79.0.0.115,36,179000,4,2242,1,EF_CLASS,8,EF_GRID,0,EF_AC,89,EF_HPADD,3,EF_ITEMGRADE,4
1630,Peitoral(M),4.0,100.86.0.0.125,36,183000,4,2242,2,EF_CLASS,8,EF_GRID,0,EF_AC,97,EF_CRITICAL,45,EF_HPADD,3,EF_ITEMGRADE,4
1631,Peitoral(A),4.0,109.93.0.0.135,36,186000,4,2242,3,EF_CLASS,8,EF_GRID,0,EF_AC,101,EF_CRITICAL,35,EF_HPADD,4,EF_ITEMGRADE,4
1632,Calça(N),4.0,89.77.0.0.111,36,162000,8,2243,1,EF_CLASS,8,EF_GRID,0,EF_AC,79,EF_HPADD,3,EF_ITEMGRADE,4
1633,Calça(M),4.0,97.83.0.0.121,36,165000,8,2243,2,EF_CLASS,8,EF_GRID,0,EF_AC,83,EF_CRITICAL,45,EF_HPADD,3,EF_ITEMGRADE,4
1634,Calça(A),4.0,106.90.0.0.132,36,167000,8,2243,3,EF_CLASS,8,EF_GRID,0,EF_AC,86,EF_CRITICAL,35,EF_HPADD,4,EF_ITEMGRADE,4
1635,Luvas(N),4.0,80.70.0.0.101,36,117000,16,2244,1,EF_CLASS,8,EF_GRID,0,EF_AC,57,EF_MPADD,5,EF_ITEMGRADE,4
1636,Luvas(M),4.0,88.76.0.0.110,36,120000,16,2244,2,EF_CLASS,8,EF_GRID,0,EF_AC,63,EF_ACADD,17,EF_MPADD,5,EF_ITEMGRADE,4
1637,Luvas(A),4.0,96.82.0.0.120,36,122000,16,2244,3,EF_CLASS,8,EF_GRID,0,EF_AC,67,EF_ACADD,17,EF_MPADD,6,EF_ITEMGRADE,4
1638,Botas(N),4.0,83.72.0.0.104,36,130000,32,2245,1,EF_CLASS,8,EF_GRID,0,EF_AC,58,EF_RUNSPEED,2,EF_REGENMP,30,EF_ITEMGRADE,4
1639,Botas(M),4.0,91.78.0.0.114,36,133000,32,2245,2,EF_CLASS,8,EF_GRID,0,EF_AC,64,EF_RUNSPEED,2,EF_REGENMP,30,EF_ITEMGRADE,4
1640,Botas(A),4.0,99.85.0.0.123,36,135000,32,2245,3,EF_CLASS,8,EF_GRID,0,EF_AC,68,EF_RUNSPEED,2,EF_REGENMP,30,EF_DAMAGE,24,EF_ITEMGRADE,4
1641,Chapéu(N),4.0,136.114.0.0.168,37,138000,2,2246,1,EF_CLASS,8,EF_GRID,0,EF_AC,81,EF_SAVEMANA,7,EF_ITEMGRADE,4
1642,Chapéu(M),4.0,144.121.0.0.177,37,142000,2,2246,2,EF_CLASS,8,EF_GRID,0,EF_AC,86,EF_SAVEMANA,8,EF_ITEMGRADE,4
1643,Chapéu(A),4.0,153.128.0.0.188,37,145000,2,2246,3,EF_CLASS,8,EF_GRID,0,EF_AC,91,EF_SAVEMANA,8,EF_MPADD,10,EF_ITEMGRADE,4
1644,Peitoral(N),4.0,142.119.0.0.175,37,188000,4,2247,1,EF_CLASS,8,EF_GRID,0,EF_AC,106,EF_HPADD,4,EF_ITEMGRADE,4
1645,Peitoral(M),4.0,150.126.0.0.185,37,191000,4,2247,2,EF_CLASS,8,EF_GRID,0,EF_AC,112,EF_CRITICAL,45,EF_HPADD,4,EF_ITEMGRADE,4
1646,Peitoral(A),4.0,159.133.0.0.195,37,195000,4,2247,3,EF_CLASS,8,EF_GRID,0,EF_AC,119,EF_CRITICAL,35,EF_HPADD,5,EF_ITEMGRADE,4
1647,Calça(N),4.0,139.117.0.0.171,37,170000,8,2248,1,EF_CLASS,8,EF_GRID,0,EF_AC,92,EF_HPADD,4,EF_ITEMGRADE,4
1648,Calça(M),4.0,147.123.0.0.181,37,173000,8,2248,2,EF_CLASS,8,EF_GRID,0,EF_AC,97,EF_CRITICAL,45,EF_HPADD,4,EF_ITEMGRADE,4
1649,Calça(A),4.0,156.130.0.0.192,37,176000,8,2248,3,EF_CLASS,8,EF_GRID,0,EF_AC,103,EF_CRITICAL,35,EF_HPADD,5,EF_ITEMGRADE,4
1650,Braçadeira(N),4.0,129.109.0.0.159,37,126000,16,2249,1,EF_CLASS,8,EF_GRID,0,EF_AC,73,EF_MPADD,6,EF_ITEMGRADE,4
1651,Braçadeira(M),4.0,137.115.0.0.169,37,129000,16,2249,2,EF_CLASS,8,EF_GRID,0,EF_AC,75,EF_ACADD,17,EF_MPADD,6,EF_ITEMGRADE,4
1652,Braçadeira(A),4.0,146.122.0.0.180,37,131000,16,2249,3,EF_CLASS,8,EF_GRID,0,EF_AC,78,EF_ACADD,17,EF_MPADD,7,EF_ITEMGRADE,4
1653,Botas(N),4.0,132.111.0.0.163,37,141000,32,2250,1,EF_CLASS,8,EF_GRID,0,EF_AC,73,EF_RUNSPEED,2,EF_REGENMP,30,EF_ITEMGRADE,4
1654,Botas(M),4.0,140.118.0.0.173,37,144000,32,2250,2,EF_CLASS,8,EF_GRID,0,EF_AC,77,EF_RUNSPEED,2,EF_REGENMP,30,EF_ITEMGRADE,4
1655,Botas(A),4.0,149.125.0.0.183,37,148000,32,2250,3,EF_CLASS,8,EF_GRID,0,EF_AC,81,EF_RUNSPEED,2,EF_REGENMP,35,EF_DAMAGE,24,EF_ITEMGRADE,4
1656,Armadura,41.0,227.0.0.0.0,39,178000,4,2247,1,EF_CLASS,8,EF_GRID,0,EF_AC,156,EF_CRITICAL,45,EF_HPADD,8,EF_ITEMGRADE,5,EF_TRANS,1
1657,Calça,41.0,230.0.0.0.0,39,178000,8,2248,1,EF_CLASS,8,EF_GRID,0,EF_AC,135,EF_CRITICAL,45,EF_HPADD,8,EF_ITEMGRADE,5,EF_TRANS,1
1658,Luvas,41.0,220.0.0.0.0,39,176000,16,2249,1,EF_CLASS,8,EF_GRID,0,EF_AC,104,EF_ACADD,17,EF_MPADD,8,EF_ITEMGRADE,5,EF_TRANS,1
1659,Botas,41.0,223.0.0.0.0,39,174000,32,2250,1,EF_CLASS,8,EF_GRID,0,EF_AC,106,EF_RUNSPEED,2,EF_REGENMP,40,EF_DAMAGE,24,EF_ITEMGRADE,5,EF_TRANS,1
1660,Elmo,5.0,283.0.0.0.0,40,160000,2,3861,1,EF_CLASS,8,EF_GRID,0,EF_AC,102,EF_SAVEMANA,10,EF_MPADD,10,EF_ITEMGRADE,5
1661,Armadura,5.0,283.0.0.0.0,40,160000,4,3862,1,EF_CLASS,8,EF_GRID,0,EF_AC,132,EF_CRITICAL,45,EF_HPADD,8,EF_ITEMGRADE,5
1662,Calça,5.0,283.0.0.0.0,40,160000,8,3863,1,EF_CLASS,8,EF_GRID,0,EF_AC,112,EF_CRITICAL,45,EF_HPADD,9,EF_ITEMGRADE,5
1663,Luvas,5.0,283.0.0.0.0,40,160000,16,3864,1,EF_CLASS,8,EF_GRID,0,EF_AC,88,EF_ACADD,20,EF_MPADD,9,EF_ITEMGRADE,5
1664,Botas,5.0,283.0.0.0.0,40,160000,32,3865,1,EF_CLASS,8,EF_GRID,0,EF_AC,90,EF_RUNSPEED,2,EF_REGENMP,45,EF_DAMAGE,24,EF_ITEMGRADE,5
1665,NULL,45.0,227.0.0.0.0,39,178000,4,2247,1,EF_CLASS,8,EF_GRID,0,EF_AC,369,EF_CRITICAL,45,EF_HPADD,17,EF_ITEMGRADE,5,EF_TRANS,3
1666,NULL,45.0,230.0.0.0.0,39,178000,8,2248,1,EF_CLASS,8,EF_GRID,0,EF_AC,320,EF_CRITICAL,45,EF_HPADD,17,EF_ITEMGRADE,5,EF_TRANS,3
1667,NULL,45.0,220.0.0.0.0,39,176000,16,2249,1,EF_CLASS,8,EF_GRID,0,EF_AC,246,EF_MPADD,17,EF_ITEMGRADE,5,EF_TRANS,3
1668,NULL,45.0,223.0.0.0.0,39,174000,32,2250,1,EF_CLASS,8,EF_GRID,0,EF_AC,251,EF_RUNSPEED,2,EF_REGENMP,60,EF_DAMAGE,24,EF_ITEMGRADE,5,EF_TRANS,3
1669,NULL_Selado,1429.1,0.0.0.0.0,39,178000,1,2247,1,EF_CLASS,8,EF_GRID,0,EF_ITEMGRADE,5
1670,CNULL_Selado,1430.1,0.0.0.0.0,39,178000,1,2248,1,EF_CLASS,8,EF_GRID,0,EF_ITEMGRADE,5
1671,NULL_Selado,1431.1,0.0.0.0.0,39,176000,1,2249,1,EF_CLASS,8,EF_GRID,0,EF_ITEMGRADE,5
1672,NULL_Selado,1432.1,0.0.0.0.0,39,174000,1,2250,1,EF_CLASS,8,EF_GRID,0,EF_ITEMGRADE,5
1673,NULL,46.0,227.0.0.0.0,50,5000,4,2247,1,EF_CLASS,8,EF_GRID,0,EF_AC,265,EF_CRITICAL,45,EF_HPADD,14,EF_ITEMGRADE,5,EF_TRANS,3,EF_ITEMTYPE,1,,1
1674,NULL,46.0,230.0.0.0.0,50,5000,8,2248,1,EF_CLASS,8,EF_GRID,0,EF_AC,230,EF_CRITICAL,45,EF_HPADD,14,EF_ITEMGRADE,5,EF_TRANS,3,EF_ITEMTYPE,1,,1
1675,NULL,46.0,220.0.0.0.0,50,5000,16,2249,1,EF_CLASS,8,EF_GRID,0,EF_AC,177,EF_MPADD,14,EF_ITEMGRADE,5,EF_TRANS,3,EF_ITEMTYPE,1,,1
1676,NULL,46.0,223.0.0.0.0,50,5000,32,2250,1,EF_CLASS,8,EF_GRID,0,EF_AC,180,EF_RUNSPEED,2,EF_REGENMP,60,EF_DAMAGE,24,EF_ITEMGRADE,5,EF_TRANS,3,EF_ITEMTYPE,1,,1
1701,Escudo,845.0,0.0.0.0.0,51,900,128,0,0,EF_CLASS,255,EF_GRID,0,EF_AC,2,EF_ITEMGRADE,1
1702,Escudo,846.0,13.20.0.15.0,51,4000,128,0,0,EF_CLASS,255,EF_GRID,0,EF_AC,6,EF_ITEMGRADE,1
1703,Escudo,847.0,26.36.0.26.0,51,21000,128,0,0,EF_CLASS,255,EF_GRID,0,EF_AC,10,EF_ITEMGRADE,1
1704,Escudo,850.0,41.54.0.48.0,51,45000,128,0,0,EF_CLASS,255,EF_GRID,0,EF_AC,18,EF_ITEMGRADE,2
1705,Escudo,851.0,61.82.0.57.0,51,85000,128,0,0,EF_CLASS,255,EF_GRID,0,EF_AC,30,EF_ITEMGRADE,2
1706,Escudo,852.0,80.104.0.71.0,51,140000,128,0,0,EF_CLASS,255,EF_GRID,0,EF_AC,40,EF_ITEMGRADE,2
1707,Escudo,853.0,101.127.0.86.0,51,198000,128,0,0,EF_CLASS,255,EF_GRID,0,EF_AC,55,EF_ITEMGRADE,3
1708,Escudo,901.0,120.150.0.102.0,51,253000,128,0,0,EF_CLASS,255,EF_GRID,0,EF_AC,70,EF_ITEMGRADE,3
1709,Escudo,902.0,138.171.0.116.0,51,286000,128,0,0,EF_CLASS,255,EF_GRID,0,EF_AC,89,EF_ITEMGRADE,4
1710,Escudo,508.0,156.193.0.130.0,51,298000,128,0,0,EF_CLASS,255,EF_GRID,0,EF_AC,105,EF_ITEMGRADE,4
1711,Escudo,764.0,231.0.0.0.0,51,300000,128,0,0,EF_CLASS,255,EF_GRID,0,EF_AC,174,EF_TRANS,1,EF_ITEMGRADE,5
1712,Escudo,2811.0,225.0.0.0.0,51,299000,128,0,0,EF_CLASS,255,EF_GRID,0,EF_AC,115,EF_TRANS,2,EF_ITEMGRADE,5
1713,Escudo_Svalin,2896.0,231.0.0.0.0,51,300000,128,0,0,EF_CLASS,255,EF_GRID,0,EF_AC,323,EF_TRANS,3,EF_ITEMGRADE,5
1714,Escudo_Svalin_Selado,2896.1,0.0.0.0.0,51,300000,1,0,0,EF_CLASS,255,EF_GRID,0,EF_ITEMGRADE,5
1720,Capa_da_Escuridão,27.4,255.0.0.0.0,0,0,-32768,0,0,EF_CLASS,255,EF_AC,150,EF_HP,200,EF_ITEMGRADE,4
1721,Bola_de_Neve,729.0,0.0.0.0.0,0,0,0,0,0
1722,Galho,730.0,0.0.0.0.0,0,0,0,0,0
1723,Freixo_de_Feno,733.0,0.0.0.0.0,0,0,0,0,0
1724,Chapéu,731.0,0.0.0.0.0,0,0,0,0,0
1725,Cenoura,732.0,0.0.0.0.0,0,0,0,0,0
1726,Griupan,728.0,69.0.0.0.0,0,500000,8192,0,0,EF_CLASS,255,EF_DAMAGE,5,EF_MAGIC,1,EF_SANC,3,EF_ITEMGRADE,3
1727,Árvore_de_Halloween,1699.0,0.0.0.0.0,0,0,0,0,0
1728,Fogos_de_Artifício,985.0,0.0.0.0.0,0,10000,0,0,0,EF_GRID,0,EF_VOLATILE,19,EF_AMOUNT,10
1729,Envelope_de_Dinheiro(M),986.0,0.0.0.0.0,0,1680000,0,0,0,EF_GRID,0,EF_VOLATILE,18
1730,Envelope_de_Dinheiro(C),986.0,0.0.0.0.0,0,168888,0,0,0,EF_GRID,0,EF_VOLATILE,18
1731,Carta_de_Duelo(A),987.0,0.0.0.0.0,0,150,0,0,0,EF_GRID,0,EF_VOLATILE,20
1732,Símbolo_de_Coragem,988.0,0.0.0.0.0,0,0,1024,0,0,EF_GRID,0,EF_CLASS,255
1733,Runa,989.0,0.0.0.0.0,0,0,0,0,0,EF_CLASS,255,EF_GROUND,6,EF_KEYID,17
1734,Runa,990.0,0.0.0.0.0,0,0,0,0,0,EF_CLASS,255,EF_GROUND,6,EF_KEYID,17
1735,Runa,991.0,0.0.0.0.0,0,0,0,0,0,EF_CLASS,255,EF_GROUND,6,EF_KEYID,17
1736,Runa,992.0,0.0.0.0.0,0,0,0,0,0,EF_CLASS,255,EF_GROUND,6,EF_KEYID,17
1737,Ingresso_Big_Cubo,997.0,0.0.0.0.0,0,10000,0,0,0,EF_GRID,0,EF_VOLATILE,51
1738,Amuleto_dos_Amantes,735.0,0.0.0.0.0,0,50000,2048,0,0,EF_CLASS,255,EF_HP,100,EF_RESISTALL,10,EF_ITEMGRADE,5
1739,Chocolate_do_Amor,736.0,0.0.0.0.0,0,100,0,0,0,EF_CLASS,255,EF_VOLATILE,204,EF_AMOUNT,10
1740,Alma_do_Unicórnio,746.0,0.0.0.0.0,0,500000,0,0,0,EF_CLASS,255,EF_GRID,0
1741,Alma_da_Fênix,745.0,0.0.0.0.0,0,500000,0,0,0,EF_CLASS,255,EF_GRID,0
1742,Pedra_da_Imortalidade,747.0,0.0.0.0.0,0,5000,1024,0,0,EF_CLASS,255,EF_GRID,0
1744,Pedra_da_Inteligência,749.0,0.0.0.0.0,0,500000,0,0,0,EF_CLASS,255,EF_GRID,0
1745,Pedra_da_Sabedoria,750.0,0.0.0.0.0,0,500000,0,0,0,EF_CLASS,255,EF_GRID,0
1746,Pedra_da_Misericórdia,751.0,0.0.0.0.0,0,500000,0,0,0,EF_CLASS,255,EF_GRID,0
1747,Pedra_do_Abismo,752.0,0.0.0.0.0,0,500000,0,0,0,EF_CLASS,255,EF_GRID,0
1748,Pedra_da_Beleza,753.0,0.0.0.0.0,0,500000,0,0,0,EF_CLASS,255,EF_GRID,0
1749,Pedra_da_Vitória,754.0,0.0.0.0.0,0,500000,0,0,0,EF_CLASS,255,EF_GRID,0
1750,Pedra_da_Originalidade,755.0,0.0.0.0.0,0,500000,0,0,0,EF_CLASS,255,EF_GRID,0
1751,Pedra_do_Reino,756.0,0.0.0.0.0,0,500000,0,0,0,EF_CLASS,255,EF_GRID,0
1752,Pedra_do_Lorde_Orc,748.0,0.0.0.0.0,0,500000,2048,0,0,EF_CLASS,255,EF_GRID,0
1753,Pedra_do_Esqueleto,748.0,0.0.0.0.0,0,500000,2048,0,0,EF_CLASS,255,EF_GRID,0
1754,Pedra_de_Dragão_Lich,748.0,0.0.0.0.0,0,500000,2048,0,0,EF_CLASS,255,EF_GRID,0
1755,Pedra_do_Demonlord,748.0,0.0.0.0.0,0,500000,2048,0,0,EF_CLASS,255,EF_GRID,0
1756,Pedra_de_Mantícora,748.0,0.0.0.0.0,0,500000,2048,0,0,EF_CLASS,255,EF_GRID,0
1757,Pedra_de_Gárgula_de_Fogo,748.0,0.0.0.0.0,0,500000,2048,0,0,EF_CLASS,255,EF_GRID,0
1758,Pedra_do_Lugefer,748.0,0.0.0.0.0,0,500000,2048,0,0,EF_CLASS,255,EF_GRID,0
1759,Pedra_do_Rei_Demonlord,748.0,0.0.0.0.0,0,500000,2048,0,0,EF_CLASS,255,EF_GRID,0
1760,Sephirot(TransKnight),757.0,0.0.0.0.0,0,7000,2048,0,0,EF_CLASS,255,EF_GRID,0
1761,Sephirot(Foema),757.0,0.0.0.0.0,0,7000,2048,0,0,EF_CLASS,255,EF_GRID,0
1762,Sephirot(BeastMaster),757.0,0.0.0.0.0,0,7000,2048,0,0,EF_CLASS,255,EF_GRID,0
1763,Sephirot(Huntress),757.0,0.0.0.0.0,0,7000,2048,0,0,EF_CLASS,255,EF_GRID,0
1764,Poção_Combatente,719.0,0.0.0.0.0,0,250000,0,0,0,EF_CLASS,255,EF_VOLATILE,52,EF_AMOUNT,5
1765,Poção_Mental,719.0,0.0.0.0.0,0,400000,0,0,0,EF_CLASS,255,EF_VOLATILE,53,EF_AMOUNT,1
1766,Capa_dos_Campeões,27.8,255.0.0.0.0,0,0,-32768,0,0,EF_CLASS,255,EF_AC,190,EF_HP,230,EF_ITEMGRADE,4
1767,Véu_do_Herói_(Hekalotia),2880.34,0.0.0.0.0,0,0,-32768,0,0,EF_CLASS,255,EF_AC,210,EF_HP,230
1768,Véu_do_Campeão_(Hekalotia),27.11,255.0.0.0.0,0,0,-32768,0,0,EF_CLASS,255,EF_AC,420,EF_HP,560,EF_PVPAC,25
1769,Capa_dos_Campeões,27.14,255.0.0.0.0,0,0,-32768,0,0,EF_CLASS,255,EF_AC,150,EF_HP,200,EF_ITEMGRADE,4
1770,Véu_do_Herói_(Akelonia),2880.35,0.0.0.0.0,0,0,-32768,0,0,EF_CLASS,255,EF_AC,210,EF_HP,230
1771,Véu_do_Campeão_(Akelonia),27.12,255.0.0.0.0,0,0,-32768,0,0,EF_CLASS,255,EF_AC,420,EF_HP,560,EF_PVPAC,25
1772,Convite_para_o_Cubo(N),999.0,0.0.0.0.0,0,100000,0,0,0,EF_GRID,0,EF_VOLATILE,54
1773,Fruto_Sagrado,998.0,0.0.0.0.0,0,0,0,0,0,EF_CLASS,255
1774,Pedra_do_Sábio,318.0,0.0.0.0.0,0,300,0,0,0,EF_GRID,0
1775,11_Item_Refinado,318.0,0.0.0.0.0,0,0,0,0,0
1776,12_Item_Refinado,318.0,0.0.0.0.0,0,0,0,0,0
1777,Pergaminho_Kefra(N),0.0,0.0.0.0.0,0,0,0,0,0
1778,Pergaminho_Kefra(M),0.0,0.0.0.0.0,0,0,0,0,0
1779,Pergaminho_Kefra(A),0.0,0.0.0.0.0,0,0,0,0,0
1801,Elmo(A),1.0,0.0.0.0.0,1,450,2,0,3,EF_CLASS,1,EF_GRID,0,EF_AC,4,EF_BONUS,1,EF_BONUS,1,EF_BONUS,1,EF_SAVEMANA,2,EF_MPADD,4,EF_ITEMGRADE,1
1802,Elmo(A),1.0,15.27.0.0.19,2,2700,2,0,3,EF_CLASS,1,EF_GRID,0,EF_AC,11,EF_BONUS,1,EF_BONUS,2,EF_BONUS,3,EF_SAVEMANA,3,EF_MPADD,5,EF_ITEMGRADE,1
1803,Elmo(A),2.0,32.46.0.0.32,3,13500,2,0,3,EF_CLASS,1,EF_GRID,0,EF_AC,22,EF_BONUS,2,EF_BONUS,2,EF_BONUS,3,EF_SAVEMANA,4,EF_MPADD,6,EF_ITEMGRADE,2
1804,Elmo(A),2.0,58.77.0.0.53,4,31500,2,0,3,EF_CLASS,1,EF_GRID,0,EF_AC,37,EF_BONUS,3,EF_BONUS,2,EF_BONUS,3,EF_SAVEMANA,5,EF_MPADD,7,EF_ITEMGRADE,2
1805,Armadura(A),1.0,0.0.0.0.0,1,700,4,0,3,EF_CLASS,1,EF_GRID,0,EF_AC,8,EF_BONUS,1,EF_BONUS,1,EF_BONUS,1,EF_CRITICAL,5,EF_HPADD,4,EF_ITEMGRADE,1
1806,Armadura(A),1.0,23.35.0.0.25,2,4500,4,0,3,EF_CLASS,1,EF_GRID,0,EF_AC,19,EF_BONUS,1,EF_BONUS,2,EF_BONUS,3,EF_CRITICAL,10,EF_HPADD,4,EF_ITEMGRADE,1
1807,Cota(A),2.0,43.59.0.0.41,3,21000,4,0,3,EF_CLASS,1,EF_GRID,0,EF_AC,34,EF_BONUS,2,EF_BONUS,2,EF_BONUS,3,EF_CRITICAL,15,EF_HPADD,5,EF_ITEMGRADE,2
1808,Armadura(A),2.0,67.88.0.0.60,4,66700,4,0,3,EF_CLASS,1,EF_GRID,0,EF_AC,47,EF_BONUS,3,EF_BONUS,2,EF_BONUS,3,EF_CRITICAL,30,EF_HPADD,5,EF_ITEMGRADE,2
1809,Calça(A),1.0,0.0.0.0.0,1,500,8,0,3,EF_CLASS,1,EF_GRID,0,EF_AC,5,EF_BONUS,1,EF_BONUS,1,EF_BONUS,1,EF_CRITICAL,5,EF_HPADD,1,EF_ITEMGRADE,1
1810,Calça(A),1.0,19.32.0.0.23,2,3600,8,0,3,EF_CLASS,1,EF_GRID,0,EF_AC,15,EF_BONUS,1,EF_BONUS,2,EF_BONUS,3,EF_CRITICAL,10,EF_HPADD,2,EF_ITEMGRADE,1
1811,Cota(A),2.0,35.50.0.0.35,3,17500,8,0,3,EF_CLASS,1,EF_GRID,0,EF_AC,30,EF_BONUS,2,EF_BONUS,2,EF_BONUS,3,EF_CRITICAL,15,EF_HPADD,3,EF_ITEMGRADE,2
1812,Calça(A),2.0,65.86.0.0.59,4,58000,8,0,3,EF_CLASS,1,EF_GRID,0,EF_AC,40,EF_BONUS,3,EF_BONUS,2,EF_BONUS,3,EF_CRITICAL,30,EF_HPADD,4,EF_ITEMGRADE,2
1813,Luvas(A),1.0,0.0.0.0.0,1,250,16,0,3,EF_CLASS,1,EF_GRID,0,EF_AC,4,EF_BONUS,1,EF_BONUS,1,EF_BONUS,1,EF_ACADD,3,EF_MPADD,1,EF_ITEMGRADE,1
1814,Luvas(A),1.0,12.23.0.0.17,2,2250,16,0,3,EF_CLASS,1,EF_GRID,0,EF_AC,9,EF_BONUS,1,EF_BONUS,2,EF_BONUS,3,EF_ACADD,6,EF_MPADD,2,EF_ITEMGRADE,1
1815,Luvas(A),2.0,28.41.0.0.29,3,11500,16,0,3,EF_CLASS,1,EF_GRID,0,EF_AC,19,EF_BONUS,2,EF_BONUS,2,EF_BONUS,3,EF_ACADD,12,EF_MPADD,3,EF_ITEMGRADE,2
1816,Luvas(A),2.0,53.71.0.0.49,4,38000,16,0,3,EF_CLASS,1,EF_GRID,0,EF_AC,34,EF_BONUS,3,EF_BONUS,2,EF_BONUS,3,EF_ACADD,17,EF_MPADD,4,EF_ITEMGRADE,2
1817,Botas(A),1.0,0.0.0.0.0,1,300,32,0,3,EF_CLASS,1,EF_GRID,0,EF_AC,4,EF_BONUS,1,EF_BONUS,1,EF_BONUS,1,EF_MPADD,5,EF_DAMAGE,5,EF_ITEMGRADE,1
1818,Botas(A),1.0,13.23.0.0.17,2,2800,32,0,3,EF_CLASS,1,EF_GRID,0,EF_AC,9,EF_RUNSPEED,1,EF_BONUS,1,EF_BONUS,2,EF_BONUS,3,EF_MPADD,6,EF_DAMAGE,9,EF_ITEMGRADE,1
1819,Botas(A),2.0,30.44.0.0.31,3,14400,32,0,3,EF_CLASS,1,EF_GRID,0,EF_AC,21,EF_RUNSPEED,1,EF_BONUS,2,EF_BONUS,2,EF_BONUS,3,EF_MPADD,7,EF_DAMAGE,16,EF_ITEMGRADE,2
1820,Botas(A),2.0,55.74.0.0.51,4,48000,32,0,3,EF_CLASS,1,EF_GRID,0,EF_AC,33,EF_RUNSPEED,2,EF_BONUS,3,EF_BONUS,2,EF_BONUS,3,EF_MPADD,8,EF_DAMAGE,24,EF_ITEMGRADE,2
1821,Robe(A),1.0,0.0.0.0.0,11,300,2,0,3,EF_CLASS,2,EF_GRID,0,EF_AC,4,EF_BONUS,1,EF_BONUS,1,EF_BONUS,1,EF_SAVEMANA,2,EF_MPADD,4,EF_ITEMGRADE,1
1822,Robe(A),1.0,17.16.31.0.0,12,2450,2,0,3,EF_CLASS,2,EF_GRID,0,EF_AC,9,EF_BONUS,1,EF_BONUS,2,EF_BONUS,3,EF_SAVEMANA,4,EF_MPADD,4,EF_ITEMGRADE,1
1823,Chapéu(A),2.0,33.28.50.0.0,13,13500,2,0,3,EF_CLASS,2,EF_GRID,0,EF_AC,19,EF_BONUS,2,EF_BONUS,2,EF_BONUS,3,EF_SAVEMANA,6,EF_MPADD,6,EF_ITEMGRADE,2
1824,Chapéu(A),2.0,58.45.83.0.0,14,49500,2,2191,3,EF_CLASS,2,EF_GRID,0,EF_AC,34,EF_BONUS,3,EF_BONUS,2,EF_BONUS,3,EF_SAVEMANA,8,EF_MPADD,6,EF_ITEMGRADE,2
1825,Túnica(A),1.0,0.0.0.0.0,11,500,4,0,3,EF_CLASS,2,EF_GRID,0,EF_AC,8,EF_BONUS,1,EF_BONUS,1,EF_BONUS,1,EF_CRITICAL,5,EF_HPADD,4,EF_ITEMGRADE,1
1826,Robe(A),1.0,24.21.39.0.0,12,4000,4,0,3,EF_CLASS,2,EF_GRID,0,EF_AC,17,EF_BONUS,1,EF_BONUS,2,EF_BONUS,3,EF_CRITICAL,10,EF_HPADD,4,EF_ITEMGRADE,1
1827,Túnica(A),2.0,43.35.63.0.0,13,22500,4,0,3,EF_CLASS,2,EF_GRID,0,EF_AC,31,EF_BONUS,2,EF_BONUS,2,EF_BONUS,3,EF_CRITICAL,15,EF_HPADD,6,EF_ITEMGRADE,2
1828,Robe(A),2.0,68.52.96.0.0,14,74000,4,2192,3,EF_CLASS,2,EF_GRID,0,EF_AC,45,EF_BONUS,3,EF_BONUS,2,EF_BONUS,3,EF_CRITICAL,30,EF_HPADD,6,EF_ITEMGRADE,2
1829,Calça(A),1.0,0.0.0.0.0,11,500,8,0,3,EF_CLASS,2,EF_GRID,0,EF_AC,4,EF_BONUS,1,EF_BONUS,1,EF_BONUS,1,EF_CRITICAL,5,EF_HPADD,1,EF_ITEMGRADE,1
1830,Saia(A),1.0,20.19.35.0.0,12,3300,8,0,3,EF_CLASS,2,EF_GRID,0,EF_AC,13,EF_BONUS,1,EF_BONUS,2,EF_BONUS,3,EF_CRITICAL,10,EF_HPADD,2,EF_ITEMGRADE,1
1831,Saia(A),2.0,36.30.54.0.0,13,16500,8,0,3,EF_CLASS,2,EF_GRID,0,EF_AC,27,EF_BONUS,2,EF_BONUS,2,EF_BONUS,3,EF_CRITICAL,15,EF_HPADD,3,EF_ITEMGRADE,2
1832,Calça(A),2.0,63.49.91.0.0,14,54000,8,2193,3,EF_CLASS,2,EF_GRID,0,EF_AC,38,EF_BONUS,3,EF_BONUS,2,EF_BONUS,3,EF_CRITICAL,30,EF_HPADD,4,EF_ITEMGRADE,2
1833,Luvas(A),1.0,0.0.0.0.0,11,200,16,0,3,EF_CLASS,2,EF_GRID,0,EF_AC,4,EF_BONUS,1,EF_BONUS,1,EF_BONUS,1,EF_ACADD,3,EF_MPADD,1,EF_ITEMGRADE,1
1834,Luvas(A),1.0,14.14.26.0.0,12,2200,16,0,3,EF_CLASS,2,EF_GRID,0,EF_AC,9,EF_BONUS,1,EF_BONUS,2,EF_BONUS,3,EF_ACADD,6,EF_MPADD,2,EF_ITEMGRADE,1
1835,Luvas(A),2.0,29.25.45.0.0,13,11500,16,0,3,EF_CLASS,2,EF_GRID,0,EF_AC,17,EF_BONUS,2,EF_BONUS,2,EF_BONUS,3,EF_ACADD,12,EF_MPADD,3,EF_ITEMGRADE,2
1836,Luvas(A),2.0,54.42.78.0.0,14,29000,16,2194,3,EF_CLASS,2,EF_GRID,0,EF_AC,30,EF_BONUS,3,EF_BONUS,2,EF_BONUS,3,EF_ACADD,17,EF_MPADD,4,EF_ITEMGRADE,2
1837,Botas(A),1.0,0.0.0.0.0,11,400,32,0,3,EF_CLASS,2,EF_GRID,0,EF_AC,4,EF_BONUS,1,EF_BONUS,1,EF_BONUS,1,EF_MPADD,3,EF_DAMAGE,5,EF_ITEMGRADE,1
1838,Botas(A),1.0,15.15.27.0.0,12,2700,32,0,3,EF_CLASS,2,EF_GRID,0,EF_AC,9,EF_RUNSPEED,1,EF_BONUS,1,EF_BONUS,2,EF_BONUS,3,EF_MPADD,5,EF_DAMAGE,9,EF_ITEMGRADE,1
1839,Botas(A),2.0,30.26.47.0.0,13,14300,32,0,3,EF_CLASS,2,EF_GRID,0,EF_AC,19,EF_RUNSPEED,1,EF_BONUS,2,EF_BONUS,2,EF_BONUS,3,EF_MPADD,7,EF_DAMAGE,16,EF_ITEMGRADE,2
1840,Botas(A),2.0,55.43.79.0.0,14,52500,32,2195,3,EF_CLASS,2,EF_GRID,0,EF_AC,30,EF_RUNSPEED,2,EF_BONUS,3,EF_BONUS,2,EF_BONUS,3,EF_MPADD,9,EF_DAMAGE,24,EF_ITEMGRADE,2
1841,Elmo(N),2.0,32.46.0.0.32,3,13500,2,0,1,EF_CLASS,1,EF_GRID,0,EF_AC,14,EF_BONUS,2,EF_ITEMGRADE,2
1842,Elmo(N),2.0,58.77.0.0.53,4,31500,2,0,1,EF_CLASS,1,EF_GRID,0,EF_AC,26,EF_BONUS,2,EF_ITEMGRADE,2
1843,Cota(N),2.0,43.59.0.0.41,3,21000,4,0,1,EF_CLASS,1,EF_GRID,0,EF_AC,24,EF_BONUS,2,EF_ITEMGRADE,2
1844,Armadura(N),2.0,67.88.0.0.60,4,66700,4,0,1,EF_CLASS,1,EF_GRID,0,EF_AC,39,EF_BONUS,2,EF_ITEMGRADE,2
1845,Armadura(N),2.0,35.50.0.0.35,3,17500,8,0,1,EF_CLASS,1,EF_GRID,0,EF_AC,19,EF_BONUS,2,EF_ITEMGRADE,2
1846,Calça(N),2.0,65.86.0.0.59,4,58000,8,0,1,EF_CLASS,1,EF_GRID,0,EF_AC,35,EF_BONUS,2,EF_ITEMGRADE,2
1847,Luvas(N),2.0,28.41.0.0.29,3,11500,16,0,1,EF_CLASS,1,EF_GRID,0,EF_AC,12,EF_BONUS,2,EF_ITEMGRADE,2
1848,Luvas(N),2.0,53.71.0.0.49,4,38000,16,0,1,EF_CLASS,1,EF_GRID,0,EF_AC,24,EF_BONUS,2,EF_ITEMGRADE,2
1849,Botas(N),2.0,30.44.0.0.31,3,14400,32,0,1,EF_CLASS,1,EF_GRID,0,EF_AC,13,EF_RUNSPEED,1,EF_BONUS,2,EF_ITEMGRADE,2
1850,Botas(N),2.0,55.74.0.0.51,4,48000,32,0,1,EF_CLASS,1,EF_GRID,0,EF_AC,25,EF_RUNSPEED,2,EF_BONUS,2,EF_ITEMGRADE,2
1851,Chapéu(N),2.0,33.28.50.0.0,13,13500,2,0,1,EF_CLASS,2,EF_GRID,0,EF_AC,12,EF_BONUS,2,EF_ITEMGRADE,2
1852,Chapéu(N),2.0,58.45.83.0.0,14,49500,2,2191,1,EF_CLASS,2,EF_GRID,0,EF_AC,23,EF_BONUS,2,EF_ITEMGRADE,2
1853,Túnica(N),2.0,43.35.63.0.0,13,22500,4,0,1,EF_CLASS,2,EF_GRID,0,EF_AC,22,EF_BONUS,2,EF_ITEMGRADE,2
1854,Robe(N),2.0,68.52.96.0.0,14,74000,4,2192,1,EF_CLASS,2,EF_GRID,0,EF_AC,36,EF_BONUS,2,EF_ITEMGRADE,2
1855,Saia(N),2.0,36.30.54.0.0,13,16500,8,0,1,EF_CLASS,2,EF_GRID,0,EF_AC,17,EF_BONUS,2,EF_ITEMGRADE,2
1856,Calça(N),2.0,63.49.91.0.0,14,54000,8,2193,1,EF_CLASS,2,EF_GRID,0,EF_AC,32,EF_BONUS,2,EF_ITEMGRADE,2
1857,Luvas(N),2.0,29.25.45.0.0,13,11500,16,0,1,EF_CLASS,2,EF_GRID,0,EF_AC,11,EF_BONUS,2,EF_ITEMGRADE,2
1858,Luvas(N),2.0,54.42.78.0.0,14,29000,16,2194,1,EF_CLASS,2,EF_GRID,0,EF_AC,21,EF_BONUS,2,EF_ITEMGRADE,2
1859,Botas(N),2.0,30.26.47.0.0,13,14300,32,0,1,EF_CLASS,2,EF_GRID,0,EF_AC,12,EF_RUNSPEED,1,EF_BONUS,2,EF_ITEMGRADE,2
1860,Botas(N),2.0,55.43.79.0.0,14,52500,32,2195,1,EF_CLASS,2,EF_GRID,0,EF_AC,23,EF_RUNSPEED,2,EF_BONUS,2,EF_ITEMGRADE,2
1861,Elmo(A),3.0,95.150.0.0.101,5,123000,2,2171,3,EF_CLASS,1,EF_GRID,0,EF_AC,51,EF_BONUS,3,EF_BONUS,3,EF_BONUS,3,EF_SAVEMANA,6,EF_MPADD,8,EF_ITEMGRADE,3
1862,Armadura(A),3.0,100.158.0.0.106,5,165000,4,2172,3,EF_CLASS,1,EF_GRID,0,EF_AC,67,EF_BONUS,3,EF_BONUS,3,EF_BONUS,3,EF_CRITICAL,30,EF_HPADD,4,EF_ITEMGRADE,3
1863,Calça(A),3.0,97.153.0.0.103,5,146000,8,2173,3,EF_CLASS,1,EF_GRID,0,EF_AC,59,EF_BONUS,3,EF_BONUS,3,EF_BONUS,3,EF_CRITICAL,30,EF_HPADD,4,EF_ITEMGRADE,3
1864,Luvas(A),3.0,87.138.0.0.93,5,102000,16,2174,3,EF_CLASS,1,EF_GRID,0,EF_AC,48,EF_BONUS,3,EF_BONUS,3,EF_BONUS,3,EF_ACADD,17,EF_MPADD,5,EF_ITEMGRADE,3
1865,Botas(A),3.0,91.144.0.0.97,5,116000,32,2175,3,EF_CLASS,1,EF_GRID,0,EF_AC,48,EF_RUNSPEED,2,EF_BONUS,3,EF_BONUS,3,EF_BONUS,3,EF_MPADD,9,EF_DAMAGE,24,EF_ITEMGRADE,3
1866,Elmo(M),3.0,89.141.0.0.95,5,112000,2,2171,2,EF_CLASS,1,EF_GRID,0,EF_AC,47,EF_BONUS,3,EF_BONUS,2,EF_BONUS,3,EF_SAVEMANA,6,EF_ITEMGRADE,3
1867,Armadura(M),3.0,94.149.0.0.100,5,159000,4,2172,2,EF_CLASS,1,EF_GRID,0,EF_AC,63,EF_BONUS,3,EF_BONUS,2,EF_BONUS,3,EF_CRITICAL,40,EF_HPADD,3,EF_ITEMGRADE,3
1868,Calça(M),3.0,92.146.0.0.98,5,140000,8,2173,2,EF_CLASS,1,EF_GRID,0,EF_AC,55,EF_BONUS,3,EF_BONUS,2,EF_BONUS,3,EF_CRITICAL,40,EF_HPADD,3,EF_ITEMGRADE,3
1869,Luvas(M),3.0,83.132.0.0.89,5,97000,16,2174,2,EF_CLASS,1,EF_GRID,0,EF_AC,44,EF_BONUS,3,EF_BONUS,2,EF_BONUS,3,EF_ACADD,17,EF_MPADD,4,EF_ITEMGRADE,3
1870,Botas(M),3.0,86.137.0.0.92,5,110000,32,2175,2,EF_CLASS,1,EF_GRID,0,EF_AC,44,EF_RUNSPEED,2,EF_BONUS,3,EF_BONUS,2,EF_BONUS,3,EF_MPADD,9,EF_ITEMGRADE,3
1871,Elmo(A),3.0,114.179.0.0.120,6,125000,2,2176,3,EF_CLASS,1,EF_GRID,0,EF_AC,65,EF_BONUS,3,EF_BONUS,3,EF_BONUS,4,EF_SAVEMANA,7,EF_MPADD,9,EF_ITEMGRADE,3
1872,Armadura(A),3.0,120.188.0.0.126,6,176000,4,2177,3,EF_CLASS,1,EF_GRID,0,EF_AC,85,EF_BONUS,3,EF_BONUS,3,EF_BONUS,4,EF_CRITICAL,35,EF_HPADD,4,EF_ITEMGRADE,3
1873,Calça(A),3.0,117.183.0.0.123,6,159000,8,2178,3,EF_CLASS,1,EF_GRID,0,EF_AC,73,EF_BONUS,3,EF_BONUS,3,EF_BONUS,4,EF_CRITICAL,35,EF_HPADD,4,EF_ITEMGRADE,3
1874,Luvas(A),3.0,109.171.0.0.115,6,113000,16,2179,3,EF_CLASS,1,EF_GRID,0,EF_AC,57,EF_BONUS,3,EF_BONUS,3,EF_BONUS,4,EF_ACADD,17,EF_MPADD,6,EF_ITEMGRADE,3
1875,Botas(A),3.0,110.173.0.0.116,6,128000,32,2180,3,EF_CLASS,1,EF_GRID,0,EF_AC,56,EF_RUNSPEED,2,EF_BONUS,3,EF_BONUS,3,EF_BONUS,4,EF_MPADD,10,EF_DAMAGE,24,EF_ITEMGRADE,3
1876,Elmo(M),3.0,108.170.0.0.114,6,120000,2,2176,2,EF_CLASS,1,EF_GRID,0,EF_AC,61,EF_BONUS,3,EF_BONUS,3,EF_BONUS,3,EF_SAVEMANA,7,EF_ITEMGRADE,3
1877,Armadura(M),3.0,113.177.0.0.119,6,171000,4,2177,2,EF_CLASS,1,EF_GRID,0,EF_AC,80,EF_BONUS,3,EF_BONUS,3,EF_BONUS,3,EF_CRITICAL,45,EF_HPADD,3,EF_ITEMGRADE,3
1878,Calça(M),3.0,111.174.0.0.117,6,154000,8,2178,2,EF_CLASS,1,EF_GRID,0,EF_AC,70,EF_BONUS,3,EF_BONUS,3,EF_BONUS,3,EF_CRITICAL,45,EF_HPADD,3,EF_ITEMGRADE,3
1879,Luvas(M),3.0,103.162.0.0.109,6,110000,16,2179,2,EF_CLASS,1,EF_GRID,0,EF_AC,54,EF_BONUS,3,EF_BONUS,3,EF_BONUS,3,EF_ACADD,17,EF_MPADD,5,EF_ITEMGRADE,3
1880,Botas(M),3.0,104.164.0.0.110,6,124000,32,2180,2,EF_CLASS,1,EF_GRID,0,EF_AC,53,EF_RUNSPEED,2,EF_BONUS,3,EF_BONUS,3,EF_BONUS,3,EF_MPADD,10,EF_ITEMGRADE,3
1881,Elmo(A),3.0,102.86.150.0.0,15,125000,2,2196,3,EF_CLASS,2,EF_GRID,0,EF_AC,51,EF_BONUS,3,EF_BONUS,3,EF_BONUS,3,EF_SAVEMANA,6,EF_MPADD,8,EF_ITEMGRADE,3
1882,Túnica(A),3.0,109.92.160.0.0,15,176000,4,2197,3,EF_CLASS,2,EF_GRID,0,EF_AC,66,EF_BONUS,3,EF_BONUS,3,EF_BONUS,3,EF_CRITICAL,30,EF_HPADD,4,EF_ITEMGRADE,3
1883,Calça(A),3.0,106.89.156.0.0,15,159000,8,2198,3,EF_CLASS,2,EF_GRID,0,EF_AC,58,EF_BONUS,3,EF_BONUS,3,EF_BONUS,3,EF_CRITICAL,30,EF_HPADD,4,EF_ITEMGRADE,3
1884,Luvas(A),3.0,96.81.142.0.0,15,113000,16,2199,3,EF_CLASS,2,EF_GRID,0,EF_AC,49,EF_BONUS,3,EF_BONUS,3,EF_BONUS,3,EF_ACADD,17,EF_MPADD,5,EF_ITEMGRADE,3
1885,Botas(A),3.0,99.84.146.0.0,15,128000,32,2200,3,EF_CLASS,2,EF_GRID,0,EF_AC,48,EF_RUNSPEED,2,EF_BONUS,3,EF_BONUS,3,EF_BONUS,3,EF_MPADD,9,EF_DAMAGE,24,EF_ITEMGRADE,3
1886,Elmo(M),3.0,94.80.139.0.0,15,120000,2,2196,2,EF_CLASS,2,EF_GRID,0,EF_AC,46,EF_BONUS,3,EF_BONUS,2,EF_BONUS,3,EF_SAVEMANA,6,EF_ITEMGRADE,3
1887,Túnica(M),3.0,100.85.148.0.0,15,171000,4,2197,2,EF_CLASS,2,EF_GRID,0,EF_AC,59,EF_BONUS,3,EF_BONUS,2,EF_BONUS,3,EF_CRITICAL,40,EF_HPADD,3,EF_ITEMGRADE,3
1888,Calça(M),3.0,97.82.143.0.0,15,154000,8,2198,2,EF_CLASS,2,EF_GRID,0,EF_AC,52,EF_BONUS,3,EF_BONUS,2,EF_BONUS,3,EF_CRITICAL,40,EF_HPADD,3,EF_ITEMGRADE,3
1889,Luvas(M),3.0,88.75.131.0.0,15,110000,16,2199,2,EF_CLASS,2,EF_GRID,0,EF_AC,44,EF_BONUS,3,EF_BONUS,2,EF_BONUS,3,EF_ACADD,17,EF_MPADD,4,EF_ITEMGRADE,3
1890,Botas(M),3.0,91.77.135.0.0,15,124000,32,2200,2,EF_CLASS,2,EF_GRID,0,EF_AC,43,EF_RUNSPEED,2,EF_BONUS,3,EF_BONUS,2,EF_BONUS,3,EF_MPADD,9,EF_ITEMGRADE,3
1891,Chapéu(A),4.0,127.106.185.0.0,16,135000,2,2201,3,EF_CLASS,2,EF_GRID,0,EF_AC,73,EF_BONUS,3,EF_BONUS,3,EF_BONUS,4,EF_SAVEMANA,7,EF_MPADD,9,EF_ITEMGRADE,4
1892,Túnica(A),4.0,133.111.194.0.0,16,186000,4,2202,3,EF_CLASS,2,EF_GRID,0,EF_AC,97,EF_BONUS,3,EF_BONUS,3,EF_BONUS,4,EF_CRITICAL,35,EF_HPADD,5,EF_ITEMGRADE,4
1893,Calça(A),4.0,130.109.190.0.0,16,167000,8,2203,3,EF_CLASS,2,EF_GRID,0,EF_AC,82,EF_BONUS,3,EF_BONUS,3,EF_BONUS,4,EF_CRITICAL,35,EF_HPADD,5,EF_ITEMGRADE,4
1894,Luvas(A),4.0,121.101.177.0.0,16,122000,16,2204,3,EF_CLASS,2,EF_GRID,0,EF_AC,64,EF_BONUS,3,EF_BONUS,3,EF_BONUS,4,EF_ACADD,17,EF_MPADD,6,EF_ITEMGRADE,4
1895,Botas(A),4.0,124.104.181.0.0,16,135000,32,2205,3,EF_CLASS,2,EF_GRID,0,EF_AC,65,EF_RUNSPEED,2,EF_BONUS,3,EF_BONUS,3,EF_BONUS,4,EF_MPADD,10,EF_DAMAGE,24,EF_ITEMGRADE,4
1896,Chapéu(M),4.0,119.100.174.0.0,16,132000,2,2201,2,EF_CLASS,2,EF_GRID,0,EF_AC,66,EF_BONUS,3,EF_BONUS,3,EF_BONUS,3,EF_SAVEMANA,7,EF_ITEMGRADE,4
1897,Túnica(M),4.0,125.105.183.0.0,16,183000,4,2202,2,EF_CLASS,2,EF_GRID,0,EF_AC,91,EF_BONUS,3,EF_BONUS,3,EF_BONUS,3,EF_CRITICAL,45,EF_HPADD,4,EF_ITEMGRADE,4
1898,Calça(M),4.0,122.102.178.0.0,16,165000,8,2203,2,EF_CLASS,2,EF_GRID,0,EF_AC,78,EF_BONUS,3,EF_BONUS,3,EF_BONUS,3,EF_CRITICAL,45,EF_HPADD,4,EF_ITEMGRADE,4
1899,Luvas(M),4.0,113.95.166.0.0,16,120000,16,2204,2,EF_CLASS,2,EF_GRID,0,EF_AC,61,EF_BONUS,3,EF_BONUS,3,EF_BONUS,3,EF_ACADD,17,EF_MPADD,5,EF_ITEMGRADE,4
1900,Botas(M),4.0,116.97.170.0.0,16,133000,32,2205,2,EF_CLASS,2,EF_GRID,0,EF_AC,62,EF_RUNSPEED,2,EF_BONUS,3,EF_BONUS,3,EF_BONUS,3,EF_MPADD,10,EF_ITEMGRADE,4
1901,Machado_Gaoth_Selado,2894.1,0.0.0.0.0,41,270000,1,3605,0,EF_CLASS,255,EF_GRID,0,EF_ITEMGRADE,5
1902,Eithna_selado,2892.1,0.0.0.0.0,42,270000,1,3625,0,EF_CLASS,255,EF_GRID,0,EF_ITEMGRADE,5
1903,Lupercus_Selado,2893.1,0.0.0.0.0,43,270000,1,3645,0,EF_CLASS,255,EF_GRID,0,EF_ITEMGRADE,5
1904,Gae_Bulg_Selado,2897.1,0.0.0.0.0,44,270000,1,3665,0,EF_CLASS,255,EF_GRID,0,EF_ITEMGRADE,5
1905,Tyrfing_Selado,2898.1,0.0.0.0.0,45,270000,1,3685,0,EF_CLASS,255,EF_GRID,0,EF_ITEMGRADE,5
1906,Kenten_selado,2900.1,0.0.0.0.0,46,270000,1,3705,0,EF_CLASS,255,EF_GRID,0,EF_ITEMGRADE,5
1907,Cetro_Rithil_Selado,2890.1,0.0.0.0.0,47,270000,1,3729,0,EF_CLASS,255,EF_GRID,0,EF_ITEMGRADE,5
1908,Dordje_Selado,2891.1,0.0.0.0.0,47,270000,1,3733,0,EF_CLASS,255,EF_GRID,0,EF_ITEMGRADE,5
1909,Hrotti_Selado,2899.1,0.0.0.0.0,48,270000,1,3765,0,EF_CLASS,255,EF_GRID,0,EF_ITEMGRADE,5
1910,Martelo_Kaumodaki_Selado,2895.1,0.0.0.0.0,49,270000,1,3785,0,EF_CLASS,255,EF_GRID,0,EF_ITEMGRADE,5
1913,Lança_de_Arremesso1,878.0,0.0.0.0.0,0,0,64,0,0,EF_CLASS,1,EF_GRID,0,EF_RANGE,5,EF_WTYPE,104
1914,Lança_de_Arremesso2,879.0,0.0.0.0.0,0,0,64,0,0,EF_CLASS,1,EF_GRID,0,EF_RANGE,5,EF_WTYPE,104
1915,Escudo_Guardião,848.0,0.0.0.0.0,0,0,128,0,0,EF_CLASS,255,EF_GRID,0
1916,Escudo_Remanescente,849.0,0.0.0.0.0,0,0,0,0,0
1921,Arma_do_Grande_Tauron,509.0,0.0.0.0.0,0,0,192,0,0,EF_CLASS,255,EF_GRID,0,EF_RANGE,2,EF_WTYPE,13
1922,Arma_Tauron,510.0,0.0.0.0.0,0,0,192,0,0,EF_CLASS,255,EF_GRID,0,EF_RANGE,2,EF_WTYPE,1
1923,Arma_do_Poderoso_Talos,2728.0,0.0.0.0.0,0,0,192,0,0,EF_CLASS,255,EF_GRID,0,EF_RANGE,2,EF_WTYPE,1
1924,Arma_do_Morcego_Humano,769.0,0.0.0.0.0,0,0,192,0,0,EF_CLASS,255,EF_GRID,0,EF_RANGE,2,EF_WTYPE,1
1925,Foice_do_Lich,2748.0,0.0.0.0.0,0,0,192,0,0,EF_CLASS,255,EF_GRID,0,EF_RANGE,3,EF_WTYPE,23
1926,Cajado_do_Lich,2749.0,0.0.0.0.0,0,0,192,0,0,EF_CLASS,255,EF_GRID,0,EF_RANGE,3,EF_WTYPE,33
1927,Machado_Berseker,2827.0,0.0.0.0.0,0,0,192,0,0,EF_CLASS,255,EF_GRID,0,EF_RANGE,3,EF_WTYPE,11
1928,Escudo_Berseker,2828.0,0.0.0.0.0,0,0,128,0,0,EF_CLASS,255,EF_GRID,0
1929,Espada_Valquíria,2829.0,0.0.0.0.0,0,0,192,0,0,EF_CLASS,255,EF_GRID,0,EF_RANGE,3,EF_WTYPE,1
1930,Espada,766.0,0.0.0.0.0,45,0,192,0,7,EF_CLASS,255,EF_GRID,0,EF_RANGE,2,EF_WTYPE,1
1931,Cajado_do_Feiticeiro,761.0,0.0.0.0.0,47,0,64,0,7,EF_CLASS,255,EF_GRID,0,EF_RANGE,2,EF_WTYPE,32
1932,Lança_do_Shamã,765.0,0.0.0.0.0,44,0,64,0,7,EF_CLASS,255,EF_GRID,0,EF_RANGE,2,EF_WTYPE,21
1933,Arco_do_Ranger,762.0,0.0.0.0.0,42,0,64,0,7,EF_CLASS,255,EF_GRID,0,EF_RANGE,5,EF_WTYPE,101
1934,Garra_Kalintz(H),927.0,0.0.0.0.0,43,0,64,0,0,EF_CLASS,255,EF_GRID,0,EF_RANGE,2,EF_WTYPE,41
1935,Arma_do_Troll_de_Gelo,2806.0,0.0.0.0.0,49,0,64,0,0,EF_CLASS,255,EF_GRID,0,EF_RANGE,2,EF_WTYPE,13
1936,10x_HP_Item(Monstro),935.0,0.0.0.0.0,0,0,8192,0,0,EF_CLASS,255
1937,20x_HP_Item(Monstro),935.0,0.0.0.0.0,0,0,8192,0,0,EF_CLASS,255
1938,Dano_Recebido,935.0,0.0.0.0.0,0,0,8192,0,0,EF_CLASS,255
1939,Dano_Causado,935.0,0.0.0.0.0,0,0,8192,0,0,EF_CLASS,255
1951,Chapéu(A),1.0,0.0.0.0.0,21,1250,2,0,3,EF_CLASS,4,EF_GRID,0,EF_AC,4,EF_BONUS,1,EF_BONUS,1,EF_BONUS,1,EF_SAVEMANA,2,EF_MPADD,4,EF_ITEMGRADE,1
1952,Robe(A),1.0,0.0.0.0.0,21,2100,4,0,3,EF_CLASS,4,EF_GRID,0,EF_AC,9,EF_BONUS,1,EF_BONUS,1,EF_BONUS,1,EF_CRITICAL,5,EF_HPADD,4,EF_ITEMGRADE,1
1953,Calça(A),1.0,0.0.0.0.0,21,1900,8,0,3,EF_CLASS,4,EF_GRID,0,EF_AC,7,EF_BONUS,1,EF_BONUS,1,EF_BONUS,1,EF_CRITICAL,5,EF_HPADD,1,EF_ITEMGRADE,1
1954,Luvas(A),1.0,0.0.0.0.0,21,1400,16,0,3,EF_CLASS,4,EF_GRID,0,EF_AC,4,EF_BONUS,1,EF_BONUS,1,EF_BONUS,1,EF_MPADD,1,EF_ITEMGRADE,1
1955,Sapatos(A),1.0,0.0.0.0.0,21,2100,32,0,3,EF_CLASS,4,EF_GRID,0,EF_AC,4,EF_BONUS,1,EF_BONUS,1,EF_BONUS,1,EF_MPADD,3,EF_DAMAGE,5,EF_ITEMGRADE,1
1956,Elmo(A),1.0,17.23.22.0.0,22,8700,2,0,3,EF_CLASS,4,EF_GRID,0,EF_AC,12,EF_BONUS,1,EF_BONUS,2,EF_BONUS,3,EF_SAVEMANA,4,EF_MPADD,4,EF_ITEMGRADE,1
1957,Armadura(A),1.0,24.30.29.0.0,22,14000,4,0,3,EF_CLASS,4,EF_GRID,0,EF_AC,18,EF_BONUS,1,EF_BONUS,2,EF_BONUS,3,EF_CRITICAL,10,EF_HPADD,4,EF_ITEMGRADE,1
1958,Calça(A),1.0,20.26.25.0.0,22,10000,8,0,3,EF_CLASS,4,EF_GRID,0,EF_AC,15,EF_BONUS,1,EF_BONUS,2,EF_BONUS,3,EF_CRITICAL,10,EF_HPADD,2,EF_ITEMGRADE,1
1959,Luvas(A),1.0,14.20.19.0.0,22,7600,16,0,3,EF_CLASS,4,EF_GRID,0,EF_AC,10,EF_BONUS,1,EF_BONUS,2,EF_BONUS,3,EF_MPADD,2,EF_ITEMGRADE,1
1960,Botas(A),1.0,15.21.20.0.0,22,10000,32,0,3,EF_CLASS,4,EF_GRID,0,EF_AC,10,EF_BONUS,1,EF_BONUS,2,EF_BONUS,3,EF_RUNSPEED,1,EF_MPADD,5,EF_DAMAGE,9,EF_ITEMGRADE,1
1961,Elmo(A),2.0,34.40.39.0.0,23,33000,2,0,3,EF_CLASS,4,EF_GRID,0,EF_AC,23,EF_BONUS,2,EF_BONUS,2,EF_BONUS,3,EF_SAVEMANA,6,EF_MPADD,6,EF_ITEMGRADE,2
1962,Armadura(A),2.0,44.50.49.0.0,23,49500,4,0,3,EF_CLASS,4,EF_GRID,0,EF_AC,32,EF_BONUS,2,EF_BONUS,2,EF_BONUS,3,EF_CRITICAL,15,EF_HPADD,6,EF_ITEMGRADE,2
1963,Calça(A),2.0,37.43.42.0.0,23,36000,8,0,3,EF_CLASS,4,EF_GRID,0,EF_AC,27,EF_BONUS,2,EF_BONUS,2,EF_BONUS,3,EF_CRITICAL,15,EF_HPADD,3,EF_ITEMGRADE,2
1964,Luvas(A),2.0,30.36.35.0.0,23,26000,16,0,3,EF_CLASS,4,EF_GRID,0,EF_AC,21,EF_BONUS,2,EF_BONUS,2,EF_BONUS,3,EF_MPADD,3,EF_ITEMGRADE,2
1965,Botas(A),2.0,32.38.37.0.0,23,34000,32,0,3,EF_CLASS,4,EF_GRID,0,EF_AC,21,EF_BONUS,2,EF_BONUS,2,EF_BONUS,3,EF_RUNSPEED,1,EF_MPADD,7,EF_DAMAGE,16,EF_ITEMGRADE,2
1966,Elmo(A),2.0,60.66.65.0.0,24,97000,2,2211,3,EF_CLASS,4,EF_GRID,0,EF_AC,33,EF_BONUS,3,EF_BONUS,2,EF_BONUS,3,EF_SAVEMANA,8,EF_MPADD,6,EF_ITEMGRADE,2
1967,Armadura(A),2.0,70.76.75.0.0,24,142000,4,2212,3,EF_CLASS,4,EF_GRID,0,EF_AC,44,EF_BONUS,3,EF_BONUS,2,EF_BONUS,3,EF_CRITICAL,30,EF_HPADD,6,EF_ITEMGRADE,2
1968,Calça(A),2.0,67.73.72.0.0,24,130000,8,2213,3,EF_CLASS,4,EF_GRID,0,EF_AC,41,EF_BONUS,3,EF_BONUS,2,EF_BONUS,3,EF_CRITICAL,30,EF_HPADD,4,EF_ITEMGRADE,2
1969,Luvas(A),2.0,56.62.61.0.0,24,87800,16,2214,3,EF_CLASS,4,EF_GRID,0,EF_AC,34,EF_BONUS,3,EF_BONUS,2,EF_BONUS,3,EF_MPADD,4,EF_ITEMGRADE,2
1970,Botas(A),2.0,57.63.62.0.0,24,102000,32,2215,3,EF_CLASS,4,EF_GRID,0,EF_AC,32,EF_BONUS,3,EF_BONUS,2,EF_BONUS,3,EF_RUNSPEED,2,EF_MPADD,9,EF_DAMAGE,24,EF_ITEMGRADE,2
1971,Elmo(A),3.0,102.118.117.0.0,25,125000,2,2216,3,EF_CLASS,4,EF_GRID,0,EF_AC,54,EF_BONUS,3,EF_BONUS,3,EF_BONUS,3,EF_SAVEMANA,6,EF_MPADD,8,EF_ITEMGRADE,3
1972,Armadura(A),3.0,109.125.124.0.0,25,176000,4,2217,3,EF_CLASS,4,EF_GRID,0,EF_AC,69,EF_BONUS,3,EF_BONUS,3,EF_BONUS,3,EF_CRITICAL,30,EF_HPADD,4,EF_ITEMGRADE,3
1973,Calça(A),3.0,106.122.121.0.0,25,159000,8,2218,3,EF_CLASS,4,EF_GRID,0,EF_AC,60,EF_BONUS,3,EF_BONUS,3,EF_BONUS,3,EF_CRITICAL,30,EF_HPADD,4,EF_ITEMGRADE,3
1974,Luvas(A),3.0,96.111.110.0.0,25,113000,16,2219,3,EF_CLASS,4,EF_GRID,0,EF_AC,52,EF_BONUS,3,EF_BONUS,3,EF_BONUS,3,EF_MPADD,5,EF_ITEMGRADE,3
1975,Botas(A),3.0,99.114.113.0.0,25,128000,32,2220,3,EF_CLASS,4,EF_GRID,0,EF_AC,50,EF_BONUS,3,EF_BONUS,3,EF_BONUS,3,EF_RUNSPEED,2,EF_MPADD,9,EF_DAMAGE,24,EF_ITEMGRADE,3
1976,Elmo(A),4.0,127.145.144.0.0,26,135000,2,2221,3,EF_CLASS,4,EF_GRID,0,EF_AC,75,EF_BONUS,3,EF_BONUS,3,EF_BONUS,4,EF_SAVEMANA,7,EF_MPADD,9,EF_ITEMGRADE,4
1977,Armadura(A),4.0,133.152.151.0.0,26,186000,4,2222,3,EF_CLASS,4,EF_GRID,0,EF_AC,99,EF_BONUS,3,EF_BONUS,3,EF_BONUS,4,EF_CRITICAL,35,EF_HPADD,5,EF_ITEMGRADE,4
1978,Calça(A),4.0,130.149.148.0.0,26,167000,8,2223,3,EF_CLASS,4,EF_GRID,0,EF_AC,84,EF_BONUS,3,EF_BONUS,3,EF_BONUS,4,EF_CRITICAL,35,EF_HPADD,5,EF_ITEMGRADE,4
1979,Luvas(A),4.0,121.139.138.0.0,26,122000,16,2224,3,EF_CLASS,4,EF_GRID,0,EF_AC,65,EF_BONUS,3,EF_BONUS,3,EF_BONUS,4,EF_MPADD,6,EF_ITEMGRADE,4
1980,Botas(A),4.0,124.142.141.0.0,26,135000,32,2225,3,EF_CLASS,4,EF_GRID,0,EF_AC,66,EF_BONUS,3,EF_BONUS,3,EF_BONUS,4,EF_RUNSPEED,2,EF_MPADD,10,EF_DAMAGE,24,EF_ITEMGRADE,4
1986,Elmo(M),2.0,34.40.39.0.0,23,21500,2,0,2,EF_CLASS,4,EF_GRID,0,EF_AC,18,EF_BONUS,1,EF_BONUS,2,EF_BONUS,3,EF_SAVEMANA,6,EF_ITEMGRADE,2
1987,Armadura(M),2.0,44.50.49.0.0,23,33000,4,0,2,EF_CLASS,4,EF_GRID,0,EF_AC,27,EF_BONUS,1,EF_BONUS,2,EF_BONUS,3,EF_CRITICAL,30,EF_HPADD,5,EF_ITEMGRADE,2
1988,Calça(M),2.0,37.43.42.0.0,23,24000,8,0,2,EF_CLASS,4,EF_GRID,0,EF_AC,23,EF_BONUS,1,EF_BONUS,2,EF_BONUS,3,EF_CRITICAL,30,EF_HPADD,2,EF_ITEMGRADE,2
1989,Luvas(M),2.0,30.36.35.0.0,23,17500,16,0,2,EF_CLASS,4,EF_GRID,0,EF_AC,18,EF_BONUS,1,EF_BONUS,2,EF_BONUS,3,EF_MPADD,2,EF_ITEMGRADE,2
1990,Botas(M),2.0,32.38.37.0.0,23,22500,32,0,2,EF_CLASS,4,EF_GRID,0,EF_AC,18,EF_BONUS,1,EF_BONUS,2,EF_BONUS,3,EF_RUNSPEED,1,EF_MPADD,7,EF_ITEMGRADE,2
1991,Elmo(M),2.0,60.66.65.0.0,24,74000,2,2211,2,EF_CLASS,4,EF_GRID,0,EF_AC,31,EF_BONUS,2,EF_BONUS,2,EF_BONUS,3,EF_SAVEMANA,8,EF_ITEMGRADE,2
1992,Armadura(M),2.0,70.76.75.0.0,24,110000,4,2212,2,EF_CLASS,4,EF_GRID,0,EF_AC,40,EF_BONUS,2,EF_BONUS,2,EF_BONUS,3,EF_CRITICAL,40,EF_HPADD,5,EF_ITEMGRADE,2
1993,Calça(M),2.0,67.73.72.0.0,24,81000,8,2213,2,EF_CLASS,4,EF_GRID,0,EF_AC,36,EF_BONUS,2,EF_BONUS,2,EF_BONUS,3,EF_CRITICAL,40,EF_HPADD,3,EF_ITEMGRADE,2
1994,Luvas(M),2.0,56.62.61.0.0,24,58500,16,2214,2,EF_CLASS,4,EF_GRID,0,EF_AC,30,EF_BONUS,2,EF_BONUS,2,EF_BONUS,3,EF_MPADD,3,EF_ITEMGRADE,2
1995,Botas(M),2.0,57.63.62.0.0,24,22500,32,2215,2,EF_CLASS,4,EF_GRID,0,EF_AC,28,EF_BONUS,2,EF_BONUS,2,EF_BONUS,3,EF_RUNSPEED,2,EF_MPADD,9,EF_ITEMGRADE,2
1996,Elmo(M),3.0,94.109.108.0.0,25,120000,2,2216,2,EF_CLASS,4,EF_GRID,0,EF_AC,48,EF_BONUS,3,EF_BONUS,2,EF_BONUS,3,EF_SAVEMANA,6,EF_ITEMGRADE,3
1997,Armadura(M),3.0,100.116.115.0.0,25,171000,4,2217,2,EF_CLASS,4,EF_GRID,0,EF_AC,61,EF_BONUS,3,EF_BONUS,2,EF_BONUS,3,EF_CRITICAL,40,EF_HPADD,3,EF_ITEMGRADE,3
1998,Calça(M),3.0,97.112.111.0.0,25,154000,8,2218,2,EF_CLASS,4,EF_GRID,0,EF_AC,54,EF_BONUS,3,EF_BONUS,2,EF_BONUS,3,EF_CRITICAL,40,EF_HPADD,3,EF_ITEMGRADE,3
1999,Luvas(M),3.0,88.102.101.0.0,25,110000,16,2219,2,EF_CLASS,4,EF_GRID,0,EF_AC,46,EF_BONUS,3,EF_BONUS,2,EF_BONUS,3,EF_MPADD,4,EF_ITEMGRADE,3
2000,Botas(M),3.0,91.106.105.0.0,25,124000,32,2220,2,EF_CLASS,4,EF_GRID,0,EF_AC,45,EF_BONUS,3,EF_BONUS,2,EF_BONUS,3,EF_RUNSPEED,2,EF_MPADD,9,EF_ITEMGRADE,3
2001,Elmo(A),4.0,119.136.135.0.0,26,132000,2,2221,2,EF_CLASS,4,EF_GRID,0,EF_AC,68,EF_BONUS,3,EF_BONUS,3,EF_BONUS,3,EF_SAVEMANA,7,EF_ITEMGRADE,4
2002,Armadura(A),4.0,125.143.142.0.0,26,183000,4,2222,2,EF_CLASS,4,EF_GRID,0,EF_AC,94,EF_BONUS,3,EF_BONUS,3,EF_BONUS,3,EF_CRITICAL,45,EF_HPADD,4,EF_ITEMGRADE,4
2003,Calça(A),4.0,122.140.139.0.0,26,165000,8,2223,2,EF_CLASS,4,EF_GRID,0,EF_AC,81,EF_BONUS,3,EF_BONUS,3,EF_BONUS,3,EF_CRITICAL,45,EF_HPADD,4,EF_ITEMGRADE,4
2004,Luvas(A),4.0,113.130.129.0.0,26,120000,16,2224,2,EF_CLASS,4,EF_GRID,0,EF_AC,62,EF_BONUS,3,EF_BONUS,3,EF_BONUS,3,EF_MPADD,5,EF_ITEMGRADE,4
2005,Botas(A),4.0,116.133.132.0.0,26,133000,32,2225,2,EF_CLASS,4,EF_GRID,0,EF_AC,63,EF_BONUS,3,EF_BONUS,3,EF_BONUS,3,EF_RUNSPEED,2,EF_MPADD,10,EF_ITEMGRADE,4
2021,Elmo(A),4.0,135.210.0.0.141,7,135000,2,2181,3,EF_CLASS,1,EF_GRID,0,EF_AC,79,EF_BONUS,3,EF_BONUS,4,EF_BONUS,4,EF_SAVEMANA,8,EF_MPADD,10,EF_ITEMGRADE,4
2022,Armadura(A),4.0,140.218.0.0.146,7,186000,4,2182,3,EF_CLASS,1,EF_GRID,0,EF_AC,103,EF_BONUS,3,EF_BONUS,4,EF_BONUS,4,EF_CRITICAL,35,EF_HPADD,5,EF_ITEMGRADE,4
2023,Calça(A),4.0,137.213.0.0.143,7,167000,8,2183,3,EF_CLASS,1,EF_GRID,0,EF_AC,89,EF_BONUS,3,EF_BONUS,4,EF_BONUS,4,EF_CRITICAL,35,EF_HPADD,5,EF_ITEMGRADE,4
2024,Manopla(A),4.0,129.201.0.0.135,7,122000,16,2184,3,EF_CLASS,1,EF_GRID,0,EF_AC,70,EF_BONUS,3,EF_BONUS,4,EF_BONUS,4,EF_MPADD,7,EF_ITEMGRADE,4
2025,Botas(A),4.0,131.204.0.0.137,7,135000,32,2185,3,EF_CLASS,1,EF_GRID,0,EF_AC,70,EF_BONUS,3,EF_BONUS,4,EF_BONUS,4,EF_RUNSPEED,2,EF_MPADD,11,EF_DAMAGE,24,EF_ITEMGRADE,4
2026,Elmo(M),4.0,128.200.0.0.134,7,132000,2,2181,2,EF_CLASS,1,EF_GRID,0,EF_AC,74,EF_BONUS,3,EF_BONUS,3,EF_BONUS,4,EF_SAVEMANA,8,EF_ITEMGRADE,4
2027,Armadura(M),4.0,134.209.0.0.140,7,183000,4,2182,2,EF_CLASS,1,EF_GRID,0,EF_AC,99,EF_BONUS,3,EF_BONUS,3,EF_BONUS,4,EF_CRITICAL,45,EF_HPADD,4,EF_ITEMGRADE,4
2028,Calça(M),4.0,132.206.0.0.138,7,165000,8,2183,2,EF_CLASS,1,EF_GRID,0,EF_AC,86,EF_BONUS,3,EF_BONUS,3,EF_BONUS,4,EF_CRITICAL,45,EF_HPADD,4,EF_ITEMGRADE,4
2029,Luvas(M),4.0,123.192.0.0.129,7,120000,16,2184,2,EF_CLASS,1,EF_GRID,0,EF_AC,65,EF_BONUS,3,EF_BONUS,3,EF_BONUS,4,EF_MPADD,6,EF_ITEMGRADE,4
2030,Botas(M),4.0,125.195.0.0.131,7,133000,32,2185,2,EF_CLASS,1,EF_GRID,0,EF_AC,64,EF_BONUS,3,EF_BONUS,3,EF_BONUS,4,EF_RUNSPEED,2,EF_MPADD,11,EF_ITEMGRADE,4
2041,Chapéu(A),1.0,0.0.0.0.0,31,1650,2,0,3,EF_CLASS,8,EF_GRID,0,EF_AC,4,EF_BONUS,1,EF_BONUS,1,EF_BONUS,1,EF_SAVEMANA,2,EF_MPADD,4,EF_ITEMGRADE,1
2042,Jaqueta(A),1.0,0.0.0.0.0,31,2300,4,0,3,EF_CLASS,8,EF_GRID,0,EF_AC,8,EF_BONUS,1,EF_BONUS,1,EF_BONUS,1,EF_CRITICAL,5,EF_HPADD,4,EF_ITEMGRADE,1
2043,Calça(A),1.0,0.0.0.0.0,31,2000,8,0,3,EF_CLASS,8,EF_GRID,0,EF_AC,5,EF_BONUS,1,EF_BONUS,1,EF_BONUS,1,EF_CRITICAL,5,EF_HPADD,1,EF_ITEMGRADE,1
2044,Luvas(A),1.0,0.0.0.0.0,31,1400,16,0,3,EF_CLASS,8,EF_GRID,0,EF_AC,4,EF_BONUS,1,EF_BONUS,1,EF_BONUS,1,EF_MPADD,1,EF_ITEMGRADE,1
2045,Botas(A),1.0,0.0.0.0.0,31,1600,32,0,3,EF_CLASS,8,EF_GRID,0,EF_AC,4,EF_BONUS,1,EF_BONUS,1,EF_BONUS,1,EF_MPADD,5,EF_DAMAGE,5,EF_ITEMGRADE,1
2046,Elmo(A),1.0,15.18.0.0.24,32,9300,2,0,3,EF_CLASS,8,EF_GRID,0,EF_AC,11,EF_BONUS,1,EF_BONUS,2,EF_BONUS,3,EF_SAVEMANA,3,EF_MPADD,5,EF_ITEMGRADE,1
2047,Peitoral(A),1.0,23.24.0.0.32,32,12600,4,0,3,EF_CLASS,8,EF_GRID,0,EF_AC,19,EF_BONUS,1,EF_BONUS,2,EF_BONUS,3,EF_CRITICAL,10,EF_HPADD,4,EF_ITEMGRADE,1
2048,Calça(A),1.0,19.22.0.0.29,32,11000,8,0,3,EF_CLASS,8,EF_GRID,0,EF_AC,15,EF_BONUS,1,EF_BONUS,2,EF_BONUS,3,EF_CRITICAL,10,EF_HPADD,2,EF_ITEMGRADE,1
2049,Braçadeira(A),1.0,12.16.0.0.20,32,8000,16,0,3,EF_CLASS,8,EF_GRID,0,EF_AC,9,EF_BONUS,1,EF_BONUS,2,EF_BONUS,3,EF_MPADD,2,EF_ITEMGRADE,1
2050,Botas(A),1.0,13.16.0.0.20,32,9600,32,0,3,EF_CLASS,8,EF_GRID,0,EF_AC,9,EF_BONUS,1,EF_BONUS,2,EF_BONUS,3,EF_RUNSPEED,1,EF_MPADD,6,EF_DAMAGE,9,EF_ITEMGRADE,1
2051,Chapéu(A),2.0,32.31.0.0.43,33,21000,2,0,3,EF_CLASS,8,EF_GRID,0,EF_AC,22,EF_BONUS,2,EF_BONUS,2,EF_BONUS,3,EF_SAVEMANA,4,EF_MPADD,6,EF_ITEMGRADE,2
2052,Peitoral(A),2.0,43.40.0.0.56,33,46000,4,0,3,EF_CLASS,8,EF_GRID,0,EF_AC,34,EF_BONUS,2,EF_BONUS,2,EF_BONUS,3,EF_CRITICAL,15,EF_HPADD,5,EF_ITEMGRADE,2
2053,Calça(A),2.0,35.34.0.0.47,33,39000,8,0,3,EF_CLASS,8,EF_GRID,0,EF_AC,30,EF_BONUS,2,EF_BONUS,2,EF_BONUS,3,EF_CRITICAL,15,EF_HPADD,3,EF_ITEMGRADE,2
2054,Manopla(A),2.0,28.28.0.0.38,33,25500,16,0,3,EF_CLASS,8,EF_GRID,0,EF_AC,19,EF_BONUS,2,EF_BONUS,2,EF_BONUS,3,EF_MPADD,3,EF_ITEMGRADE,2
2055,Botas(A),2.0,30.30.0.0.41,33,32000,32,0,3,EF_CLASS,8,EF_GRID,0,EF_AC,21,EF_BONUS,2,EF_BONUS,2,EF_BONUS,3,EF_RUNSPEED,1,EF_MPADD,7,EF_DAMAGE,16,EF_ITEMGRADE,2
2056,Chapéu(A),2.0,58.52.0.0.74,34,98000,2,2231,3,EF_CLASS,8,EF_GRID,0,EF_AC,37,EF_BONUS,3,EF_BONUS,2,EF_BONUS,3,EF_SAVEMANA,5,EF_MPADD,7,EF_ITEMGRADE,2
2057,Peitoral(A),2.0,67.59.0.0.85,34,148000,4,2232,3,EF_CLASS,8,EF_GRID,0,EF_AC,47,EF_BONUS,3,EF_BONUS,2,EF_BONUS,3,EF_CRITICAL,30,EF_HPADD,5,EF_ITEMGRADE,2
2058,Calça(A),2.0,65.58.0.0.83,34,130000,8,2233,3,EF_CLASS,8,EF_GRID,0,EF_AC,40,EF_BONUS,3,EF_BONUS,2,EF_BONUS,3,EF_CRITICAL,30,EF_HPADD,4,EF_ITEMGRADE,2
2059,Braçadeira(A),2.0,53.47.0.0.68,34,86000,16,2234,3,EF_CLASS,8,EF_GRID,0,EF_AC,34,EF_BONUS,3,EF_BONUS,2,EF_BONUS,3,EF_MPADD,4,EF_ITEMGRADE,2
2060,Botas(A),2.0,55.50.0.0.71,34,100000,32,2235,3,EF_CLASS,8,EF_GRID,0,EF_AC,33,EF_BONUS,3,EF_BONUS,2,EF_BONUS,3,EF_RUNSPEED,2,EF_MPADD,8,EF_DAMAGE,24,EF_ITEMGRADE,2
2076,Chapéu(M),2.0,32.31.0.0.43,33,13500,2,0,2,EF_CLASS,8,EF_GRID,0,EF_AC,18,EF_BONUS,1,EF_BONUS,2,EF_BONUS,3,EF_SAVEMANA,4,EF_ITEMGRADE,2
2077,Peitoral(M),2.0,43.40.0.0.56,33,31500,4,0,2,EF_CLASS,8,EF_GRID,0,EF_AC,29,EF_BONUS,1,EF_BONUS,2,EF_BONUS,3,EF_CRITICAL,30,EF_HPADD,4,EF_ITEMGRADE,2
2078,Calça(M),2.0,35.34.0.0.47,33,26200,8,0,2,EF_CLASS,8,EF_GRID,0,EF_AC,25,EF_BONUS,1,EF_BONUS,2,EF_BONUS,3,EF_CRITICAL,30,EF_HPADD,2,EF_ITEMGRADE,2
2079,Manopla(M),2.0,28.28.0.0.38,33,17000,16,0,2,EF_CLASS,8,EF_GRID,0,EF_AC,15,EF_BONUS,1,EF_BONUS,2,EF_BONUS,3,EF_MPADD,2,EF_ITEMGRADE,2
2080,Botas(M),2.0,30.30.0.0.41,33,21600,32,0,2,EF_CLASS,8,EF_GRID,0,EF_AC,17,EF_BONUS,1,EF_BONUS,2,EF_BONUS,3,EF_RUNSPEED,1,EF_MPADD,7,EF_ITEMGRADE,2
2081,Chapéu(M),2.0,58.52.0.0.74,34,70000,2,2231,2,EF_CLASS,8,EF_GRID,0,EF_AC,31,EF_BONUS,2,EF_BONUS,2,EF_BONUS,3,EF_SAVEMANA,5,EF_ITEMGRADE,2
2082,Peitoral(M),2.0,67.59.0.0.85,34,99000,4,2232,2,EF_CLASS,8,EF_GRID,0,EF_AC,43,EF_BONUS,2,EF_BONUS,2,EF_BONUS,3,EF_CRITICAL,40,EF_HPADD,4,EF_ITEMGRADE,2
2083,Calça(M),2.0,65.58.0.0.83,34,87000,8,2233,2,EF_CLASS,8,EF_GRID,0,EF_AC,38,EF_BONUS,2,EF_BONUS,2,EF_BONUS,3,EF_CRITICAL,40,EF_HPADD,3,EF_ITEMGRADE,2
2084,Braçadeira(M),2.0,53.47.0.0.68,34,57000,16,2234,2,EF_CLASS,8,EF_GRID,0,EF_AC,29,EF_BONUS,2,EF_BONUS,2,EF_BONUS,3,EF_MPADD,3,EF_ITEMGRADE,2
2085,Botas(M),2.0,55.50.0.0.71,34,71000,32,2235,2,EF_CLASS,8,EF_GRID,0,EF_AC,29,EF_BONUS,2,EF_BONUS,2,EF_BONUS,3,EF_RUNSPEED,2,EF_MPADD,8,EF_ITEMGRADE,2
2101,Lâmina_Espiritual,906.0,118.232.0.158.0,45,83000,192,2719,0,EF_CLASS,255,EF_GRID,0,EF_DAMAGE,153,EF_RANGE,2,EF_WTYPE,1,EF_BONUS,3,EF_BONUS,4,EF_BONUS,4,EF_ITEMGRADE,3
2102,Gram,925.0,137.308.0.217.0,45,103000,192,2723,0,EF_CLASS,255,EF_GRID,0,EF_DAMAGE,184,EF_RANGE,2,EF_WTYPE,1,EF_BONUS,3,EF_BONUS,4,EF_BONUS,4,EF_ITEMGRADE,4
2103,Espada_Vorpal,0.0,155.395.0.268.0,45,123000,192,2727,0,EF_CLASS,255,EF_GRID,0,EF_DAMAGE,228,EF_RANGE,2,EF_WTYPE,1,EF_BONUS,4,EF_BONUS,4,EF_BONUS,4,EF_ITEMGRADE,4
2106,Solaris,0.0,159.522.0.158.0,48,150000,64,2891,0,EF_CLASS,1,EF_GRID,0,EF_DAMAGE,295,EF_RANGE,2,EF_WTYPE,3,EF_BONUS,4,EF_BONUS,4,EF_BONUS,4,EF_ITEMGRADE,4
2111,Martelo_Mythril,895.0,124.348.0.0.0,41,90000,192,2479,0,EF_CLASS,255,EF_GRID,0,EF_DAMAGE,166,EF_RANGE,2,EF_WTYPE,11,EF_BONUS,3,EF_BONUS,4,EF_BONUS,4,EF_ITEMGRADE,3
2112,Martelo_Dragão,896.0,143.495.0.0.0,41,110000,192,2483,0,EF_CLASS,255,EF_GRID,0,EF_DAMAGE,198,EF_RANGE,2,EF_WTYPE,11,EF_BONUS,3,EF_BONUS,4,EF_BONUS,4,EF_ITEMGRADE,4
2113,Martelo_Assassino,0.0,157.552.0.0.0,41,130000,192,2487,0,EF_CLASS,255,EF_GRID,0,EF_DAMAGE,229,EF_RANGE,2,EF_WTYPE,11,EF_BONUS,4,EF_BONUS,4,EF_BONUS,4,EF_ITEMGRADE,4
2116,Mjolnir,0.0,159.698.0.0.0,49,156000,64,2931,0,EF_CLASS,1,EF_GRID,0,EF_DAMAGE,300,EF_RANGE,2,EF_WTYPE,13,EF_BONUS,4,EF_BONUS,4,EF_BONUS,4,EF_ITEMGRADE,4
2121,Arco_Hidra,913.0,119.125.0.184.0,42,85000,64,2539,0,EF_CLASS,10,EF_GRID,0,EF_DAMAGE,180,EF_RANGE,5,EF_WTYPE,101,EF_ATTSPEED,1,EF_BONUS,3,EF_BONUS,4,EF_BONUS,4,EF_ITEMGRADE,3
2122,Arco_Élfico,914.0,138.144.0.213.0,42,105000,64,2543,0,EF_CLASS,10,EF_GRID,0,EF_DAMAGE,213,EF_RANGE,5,EF_WTYPE,101,EF_ATTSPEED,1,EF_BONUS,3,EF_BONUS,4,EF_BONUS,4,EF_ITEMGRADE,4
2123,Arco_Divino,0.0,156.162.0.240.0,42,125000,64,2547,0,EF_CLASS,10,EF_GRID,0,EF_DAMAGE,258,EF_RANGE,5,EF_WTYPE,101,EF_ATTSPEED,1,EF_BONUS,4,EF_BONUS,4,EF_BONUS,4,EF_ITEMGRADE,4
2126,Varinha_Alada,898.0,125.108.325.0.0,47,88000,64,2839,0,EF_CLASS,2,EF_GRID,0,EF_DAMAGE,163,EF_RANGE,2,EF_WTYPE,32,EF_MAGIC,40,EF_BONUS,3,EF_BONUS,4,EF_BONUS,4,EF_ITEMGRADE,3
2127,Olho_do_Carbunkle,926.0,144.131.388.0.0,47,108000,64,2843,0,EF_CLASS,2,EF_GRID,0,EF_DAMAGE,195,EF_RANGE,2,EF_WTYPE,32,EF_MAGIC,45,EF_BONUS,3,EF_BONUS,4,EF_BONUS,4,EF_ITEMGRADE,4
2128,Fúria_Divina,33.0,157.147.446.0.0,47,128000,64,2847,0,EF_CLASS,2,EF_GRID,0,EF_DAMAGE,223,EF_RANGE,2,EF_WTYPE,32,EF_MAGIC,50,EF_BONUS,4,EF_BONUS,4,EF_BONUS,4,EF_ITEMGRADE,4
2129,Cajado_da_Jóia_Azul,915.0,101.56.157.0.0,47,46000,192,2851,0,EF_CLASS,2,EF_GRID,0,EF_DAMAGE,110,EF_RANGE,1,EF_WTYPE,31,EF_MAGIC,18,EF_BONUS,3,EF_BONUS,3,EF_BONUS,3,EF_ITEMGRADE,3
2130,Cajado_de_Âmbar,916.0,150.81.231.0.0,47,85000,192,2855,0,EF_CLASS,2,EF_GRID,0,EF_DAMAGE,162,EF_RANGE,1,EF_WTYPE,31,EF_MAGIC,24,EF_BONUS,3,EF_BONUS,4,EF_BONUS,4,EF_ITEMGRADE,4
2131,Faca_Assassina,900.0,126.171.0.0.213,43,89000,64,2599,0,EF_CLASS,9,EF_GRID,0,EF_DAMAGE,199,EF_RANGE,0,EF_WTYPE,41,EF_AC,26,EF_BONUS,3,EF_BONUS,4,EF_BONUS,4,EF_ITEMGRADE,3
2132,Presas_de_,927.0,145.196.0.0.244,43,109000,64,2603,0,EF_CLASS,9,EF_GRID,0,EF_DAMAGE,235,EF_RANGE,0,EF_WTYPE,41,EF_AC,30,EF_BONUS,3,EF_BONUS,4,EF_BONUS,4,EF_ITEMGRADE,4
2133,Garra_de_Dragão,0.0,158.219.0.0.273,43,129000,64,2607,0,EF_CLASS,9,EF_GRID,0,EF_DAMAGE,272,EF_RANGE,0,EF_WTYPE,41,EF_AC,34,EF_BONUS,4,EF_BONUS,4,EF_BONUS,4,EF_ITEMGRADE,4
2136,Longinius,903.0,126.112.195.0.0,44,93000,64,2659,0,EF_CLASS,5,EF_GRID,0,EF_DAMAGE,169,EF_RANGE,2,EF_WTYPE,21,EF_MAGIC,40,EF_BONUS,3,EF_BONUS,4,EF_BONUS,4,EF_ITEMGRADE,3
2137,Gungnir,904.0,145.135.223.0.0,44,113000,64,2663,0,EF_CLASS,5,EF_GRID,0,EF_DAMAGE,200,EF_RANGE,2,EF_WTYPE,21,EF_MAGIC,45,EF_BONUS,3,EF_BONUS,4,EF_BONUS,4,EF_ITEMGRADE,4
2138,Lança_do_Triunfo,0.0,158.145.243.0.0,44,64,2667,0,0
2141,Faca_Astaroth,907.0,127.171.0.185.0,46,82000,64,2779,0,EF_CLASS,5,EF_GRID,0,EF_DAMAGE,165,EF_RANGE,4,EF_WTYPE,103,EF_ATTSPEED,1,EF_BONUS,3,EF_BONUS,4,EF_BONUS,4,EF_ITEMGRADE,3
2142,Lança_Relâmpago,908.0,146.215.0.212.0,46,102000,64,2783,0,EF_CLASS,5,EF_GRID,0,EF_DAMAGE,197,EF_RANGE,4,EF_WTYPE,103,EF_ATTSPEED,1,EF_BONUS,3,EF_BONUS,4,EF_BONUS,4,EF_ITEMGRADE,4
2143,Cruz_Sagrada,909.0,158.256.0.237.0,46,122000,64,2787,0,EF_CLASS,5,EF_GRID,0,EF_DAMAGE,228,EF_RANGE,4,EF_WTYPE,103,EF_ATTSPEED,1,EF_BONUS,4,EF_BONUS,4,EF_BONUS,4,EF_ITEMGRADE,4
2151,Elmo(M),2.0,32.46.0.0.32,3,13500,2,0,2,EF_CLASS,1,EF_GRID,0,EF_AC,18,EF_BONUS,1,EF_BONUS,2,EF_BONUS,3,EF_SAVEMANA,4,EF_ITEMGRADE,2
2152,Elmo(M),2.0,58.77.0.0.53,4,31500,2,0,2,EF_CLASS,1,EF_GRID,0,EF_AC,31,EF_BONUS,2,EF_BONUS,2,EF_BONUS,3,EF_SAVEMANA,5,EF_ITEMGRADE,2
2153,Cota(M),2.0,43.59.0.0.41,3,21000,4,0,2,EF_CLASS,1,EF_GRID,0,EF_AC,29,EF_BONUS,1,EF_BONUS,2,EF_BONUS,3,EF_CRITICAL,30,EF_HPADD,4,EF_ITEMGRADE,2
2154,Armadura(M),2.0,67.88.0.0.60,4,66700,4,0,2,EF_CLASS,1,EF_GRID,0,EF_AC,43,EF_BONUS,2,EF_BONUS,2,EF_BONUS,3,EF_CRITICAL,40,EF_HPADD,4,EF_ITEMGRADE,2
2155,Cota(M),2.0,35.50.0.0.35,3,17500,8,0,2,EF_CLASS,1,EF_GRID,0,EF_AC,25,EF_BONUS,1,EF_BONUS,2,EF_BONUS,3,EF_CRITICAL,30,EF_HPADD,2,EF_ITEMGRADE,2
2156,Calça(M),2.0,65.86.0.0.59,4,58000,8,0,2,EF_CLASS,1,EF_GRID,0,EF_AC,38,EF_BONUS,2,EF_BONUS,2,EF_BONUS,3,EF_CRITICAL,40,EF_HPADD,3,EF_ITEMGRADE,2
2157,Luvas(M),2.0,28.41.0.0.29,3,11500,16,0,2,EF_CLASS,1,EF_GRID,0,EF_AC,15,EF_BONUS,1,EF_BONUS,2,EF_BONUS,3,EF_MPADD,2,EF_ITEMGRADE,2
2158,Luvas(M),2.0,53.71.0.0.49,4,38000,16,0,2,EF_CLASS,1,EF_GRID,0,EF_AC,29,EF_BONUS,2,EF_BONUS,2,EF_BONUS,3,EF_MPADD,3,EF_ITEMGRADE,2
2159,Botas(M),2.0,30.44.0.0.31,3,14400,32,0,2,EF_CLASS,1,EF_GRID,0,EF_AC,17,EF_RUNSPEED,1,EF_BONUS,1,EF_BONUS,2,EF_BONUS,3,EF_MPADD,7,EF_ITEMGRADE,2
2160,Botas(M),2.0,55.74.0.0.51,4,48000,32,0,2,EF_CLASS,1,EF_GRID,0,EF_AC,29,EF_RUNSPEED,2,EF_BONUS,2,EF_BONUS,2,EF_BONUS,3,EF_MPADD,8,EF_ITEMGRADE,2
2161,Chapéu(M),2.0,33.28.50.0.0,13,13500,2,0,2,EF_CLASS,2,EF_GRID,0,EF_AC,15,EF_BONUS,1,EF_BONUS,2,EF_BONUS,3,EF_SAVEMANA,6,EF_ITEMGRADE,2
2162,Chapéu(M),2.0,58.45.83.0.0,14,49500,2,2191,2,EF_CLASS,2,EF_GRID,0,EF_AC,27,EF_BONUS,2,EF_BONUS,2,EF_BONUS,3,EF_SAVEMANA,8,EF_ITEMGRADE,2
2163,Túnica(M),2.0,43.35.63.0.0,13,22500,4,0,2,EF_CLASS,2,EF_GRID,0,EF_AC,26,EF_BONUS,1,EF_BONUS,2,EF_BONUS,3,EF_CRITICAL,30,EF_HPADD,5,EF_ITEMGRADE,2
2164,Robe(M),2.0,68.52.96.0.0,14,74000,4,2192,2,EF_CLASS,2,EF_GRID,0,EF_AC,41,EF_BONUS,2,EF_BONUS,2,EF_BONUS,3,EF_CRITICAL,40,EF_HPADD,5,EF_ITEMGRADE,2
2165,Saia(M),2.0,36.30.54.0.0,13,16500,8,0,2,EF_CLASS,2,EF_GRID,0,EF_AC,23,EF_BONUS,1,EF_BONUS,2,EF_BONUS,3,EF_CRITICAL,30,EF_HPADD,2,EF_ITEMGRADE,2
2166,Calça(M),2.0,63.49.91.0.0,14,54000,8,2193,2,EF_CLASS,2,EF_GRID,0,EF_AC,35,EF_BONUS,2,EF_BONUS,2,EF_BONUS,3,EF_CRITICAL,40,EF_HPADD,3,EF_ITEMGRADE,2
2167,Luvas(M),2.0,29.25.45.0.0,13,11500,16,0,2,EF_CLASS,2,EF_GRID,0,EF_AC,14,EF_BONUS,1,EF_BONUS,2,EF_BONUS,3,EF_MPADD,2,EF_ITEMGRADE,2
2168,Luvas(M),2.0,54.42.78.0.0,14,29000,16,2194,2,EF_CLASS,2,EF_GRID,0,EF_AC,25,EF_BONUS,2,EF_BONUS,2,EF_BONUS,3,EF_MPADD,3,EF_ITEMGRADE,2
2169,Botas(M),2.0,30.26.47.0.0,13,14300,32,0,2,EF_CLASS,2,EF_GRID,0,EF_AC,15,EF_RUNSPEED,1,EF_BONUS,1,EF_BONUS,2,EF_BONUS,3,EF_MPADD,7,EF_ITEMGRADE,2
2170,Botas(M),2.0,55.43.79.0.0,14,52500,32,2195,2,EF_CLASS,2,EF_GRID,0,EF_AC,25,EF_RUNSPEED,2,EF_BONUS,2,EF_BONUS,2,EF_BONUS,3,EF_MPADD,9,EF_ITEMGRADE,2
2171,Elmo(Le),3.0,95.101.0.0.69,5,98000,2,0,4,EF_CLASS,1,EF_GRID,0,EF_AC,61,EF_SAVEMANA,5,EF_MPADD,7,EF_ITEMGRADE,3
2172,Armadura(Le),3.0,100.107.0.0.73,5,148000,4,0,4,EF_CLASS,1,EF_GRID,0,EF_AC,80,EF_HPADD,5,EF_CRITICAL,40,EF_ITEMGRADE,3
2173,Calça(Le),3.0,97.104.0.0.71,5,130000,8,0,4,EF_CLASS,1,EF_GRID,0,EF_AC,70,EF_HPADD,4,EF_CRITICAL,40,EF_ITEMGRADE,3
2174,Luvas(Le),3.0,87.94.0.0.64,5,86000,16,0,4,EF_CLASS,1,EF_GRID,0,EF_AC,54,EF_MPADD,4,EF_ITEMGRADE,3
2175,Botas(Le),3.0,91.96.0.0.66,5,100000,32,0,4,EF_CLASS,1,EF_GRID,0,EF_AC,53,EF_REGENMP,20,EF_RUNSPEED,2,EF_DAMAGE,24,EF_ITEMGRADE,3
2176,Elmo(Le),3.0,114.161.0.0.108,6,116000,2,0,4,EF_CLASS,1,EF_GRID,0,EF_AC,74,EF_SAVEMANA,7,EF_MPADD,9,EF_ITEMGRADE,3
2177,Armadura(Le),3.0,120.168.0.0.113,6,168000,4,0,4,EF_CLASS,1,EF_GRID,0,EF_AC,99,EF_HPADD,4,EF_CRITICAL,45,EF_ITEMGRADE,3
2178,Calça(Le),3.0,117.165.0.0.111,6,150000,8,0,4,EF_CLASS,1,EF_GRID,0,EF_AC,86,EF_HPADD,4,EF_CRITICAL,45,EF_ITEMGRADE,3
2179,Luvas(Le),3.0,109.152.0.0.102,6,106000,16,0,4,EF_CLASS,1,EF_GRID,0,EF_AC,65,EF_MPADD,4,EF_ITEMGRADE,3
2180,Botas(Le),3.0,110.155.0.0.104,6,120000,32,0,4,EF_CLASS,1,EF_GRID,0,EF_AC,64,EF_RUNSPEED,2,EF_REGENMP,20,EF_DAMAGE,24,EF_ITEMGRADE,3
2181,Elmo(Le),4.0,135.200.0.0.134,7,132000,2,0,4,EF_CLASS,1,EF_GRID,0,EF_AC,87,EF_SAVEMANA,8,EF_MPADD,8,EF_ITEMGRADE,4
2182,Armadura(Le),4.0,140.209.0.0.140,7,183000,4,0,4,EF_CLASS,1,EF_GRID,0,EF_AC,114,EF_HPADD,5,EF_CRITICAL,45,EF_ITEMGRADE,4
2183,Calça(Le),4.0,137.206.0.0.138,7,165000,8,0,4,EF_CLASS,1,EF_GRID,0,EF_AC,99,EF_HPADD,4,EF_CRITICAL,45,EF_ITEMGRADE,4
2184,Manopla(Le),4.0,129.192.0.0.129,7,120000,16,0,4,EF_CLASS,1,EF_GRID,0,EF_AC,76,EF_MPADD,4,EF_ITEMGRADE,4
2185,Botas(Le),4.0,131.195.0.0.131,7,133000,32,0,4,EF_CLASS,1,EF_GRID,0,EF_AC,78,EF_RUNSPEED,2,EF_REGENMP,20,EF_DAMAGE,24,EF_ITEMGRADE,4
2186,Elmo(Le),4.0,154.239.0.0.160,8,145000,2,0,4,EF_CLASS,1,EF_GRID,0,EF_AC,100,EF_SAVEMANA,8,EF_MPADD,10,EF_ITEMGRADE,4
2187,Armadura(Le),4.0,159.246.0.0.165,8,195000,4,0,4,EF_CLASS,1,EF_GRID,0,EF_AC,128,EF_HPADD,6,EF_CRITICAL,45,EF_ITEMGRADE,4
2188,Calça(Le),4.0,157.243.0.0.163,8,176000,8,0,4,EF_CLASS,1,EF_GRID,0,EF_AC,112,EF_HPADD,4,EF_CRITICAL,45,EF_ITEMGRADE,4
2189,Luvas(Le),4.0,149.231.0.0.155,8,131000,16,0,4,EF_CLASS,1,EF_GRID,0,EF_AC,88,EF_MPADD,4,EF_ITEMGRADE,4
2190,Botas(Le),4.0,151.234.0.0.157,8,148000,32,0,4,EF_CLASS,1,EF_GRID,0,EF_AC,90,EF_RUNSPEED,2,EF_REGENMP,20,EF_DAMAGE,24,EF_ITEMGRADE,4
2191,Chapéu(Le),2.0,58.45.83.0.0,14,97000,2,0,4,EF_CLASS,2,EF_GRID,0,EF_AC,56,EF_SAVEMANA,8,EF_MPADD,6,EF_ITEMGRADE,2
2192,Robe(Le),2.0,68.52.96.0.0,14,142000,4,0,4,EF_CLASS,2,EF_GRID,0,EF_AC,72,EF_HPADD,6,EF_CRITICAL,40,EF_ITEMGRADE,2
2193,Calça(Le),2.0,63.49.91.0.0,14,130000,8,0,4,EF_CLASS,2,EF_GRID,0,EF_AC,63,EF_HPADD,4,EF_CRITICAL,40,EF_ITEMGRADE,2
2194,Luvas(Le),2.0,54.42.78.0.0,14,87800,16,0,4,EF_CLASS,2,EF_GRID,0,EF_AC,55,EF_MPADD,4,EF_ITEMGRADE,2
2195,Botas(Le),2.0,55.43.79.0.0,14,102000,32,0,4,EF_CLASS,2,EF_GRID,0,EF_AC,53,EF_REGENMP,20,EF_RUNSPEED,2,EF_DAMAGE,24,EF_ITEMGRADE,2
2196,Elmo(Le),3.0,102.86.150.0.0,15,125000,2,0,4,EF_CLASS,2,EF_GRID,0,EF_AC,66,EF_SAVEMANA,6,EF_MPADD,8,EF_ITEMGRADE,3
2197,Túnica(Le),3.0,109.92.160.0.0,15,176000,4,0,4,EF_CLASS,2,EF_GRID,0,EF_AC,85,EF_HPADD,4,EF_CRITICAL,45,EF_ITEMGRADE,3
2198,Calça(Le),3.0,106.89.156.0.0,15,159000,8,0,4,EF_CLASS,2,EF_GRID,0,EF_AC,75,EF_HPADD,4,EF_CRITICAL,45,EF_ITEMGRADE,3
2199,Luvas(Le),3.0,96.81.142.0.0,15,113000,16,0,4,EF_CLASS,2,EF_GRID,0,EF_AC,65,EF_MPADD,4,EF_ITEMGRADE,3
2200,Botas(Le),3.0,99.84.146.0.0,15,128000,32,0,4,EF_CLASS,2,EF_GRID,0,EF_AC,63,EF_RUNSPEED,2,EF_REGENMP,20,EF_DAMAGE,24,EF_ITEMGRADE,3
2201,Chapéu(Le),4.0,127.106.185.0.0,16,135000,2,0,4,EF_CLASS,2,EF_GRID,0,EF_AC,83,EF_SAVEMANA,7,EF_MPADD,9,EF_ITEMGRADE,4
2202,Túnica(Le),4.0,133.111.194.0.0,16,186000,4,0,4,EF_CLASS,2,EF_GRID,0,EF_AC,110,EF_HPADD,5,EF_CRITICAL,45,EF_ITEMGRADE,4
2203,Calça(Le),4.0,130.109.190.0.0,16,167000,8,0,4,EF_CLASS,2,EF_GRID,0,EF_AC,95,EF_HPADD,4,EF_CRITICAL,45,EF_ITEMGRADE,4
2204,Luvas(Le),4.0,121.101.177.0.0,16,122000,16,0,4,EF_CLASS,2,EF_GRID,0,EF_AC,73,EF_MPADD,4,EF_ITEMGRADE,4
2205,Botas(Le),4.0,124.104.181.0.0,16,135000,32,0,4,EF_CLASS,2,EF_GRID,0,EF_AC,75,EF_RUNSPEED,2,EF_REGENMP,20,EF_DAMAGE,24,EF_ITEMGRADE,4
2206,Chapéu(Le),4.0,153.127.222.0.0,17,145000,2,0,4,EF_CLASS,2,EF_GRID,0,EF_AC,95,EF_SAVEMANA,8,EF_MPADD,8,EF_ITEMGRADE,4
2207,Túnica(Le),4.0,159.132.230.0.0,17,195000,4,0,4,EF_CLASS,2,EF_GRID,0,EF_AC,118,EF_HPADD,6,EF_CRITICAL,45,EF_ITEMGRADE,4
2208,Calça(Le),4.0,156.129.226.0.0,17,176000,8,0,4,EF_CLASS,2,EF_GRID,0,EF_AC,104,EF_HPADD,4,EF_CRITICAL,45,EF_ITEMGRADE,4
2209,Luvas(Le),4.0,146.121.212.0.0,17,131000,16,0,4,EF_CLASS,2,EF_GRID,0,EF_AC,86,EF_MPADD,4,EF_ITEMGRADE,4
2210,Botas(Le),4.0,149.124.216.0.0,17,148000,32,0,4,EF_CLASS,2,EF_GRID,0,EF_AC,88,EF_RUNSPEED,2,EF_REGENMP,20,EF_DAMAGE,24,EF_ITEMGRADE,4
2211,Elmo(Le),4.0,60.66.65.0.0,24,97000,2,0,4,EF_CLASS,4,EF_GRID,0,EF_AC,58,EF_SAVEMANA,8,EF_MPADD,6,EF_ITEMGRADE,2
2212,Armadura(Le),4.0,70.76.75.0.0,24,142000,4,0,4,EF_CLASS,4,EF_GRID,0,EF_AC,75,EF_HPADD,6,EF_CRITICAL,40,EF_ITEMGRADE,2
2213,Calça(Le),4.0,67.73.72.0.0,24,130000,8,0,4,EF_CLASS,4,EF_GRID,0,EF_AC,65,EF_HPADD,4,EF_CRITICAL,40,EF_ITEMGRADE,2
2214,Luvas(Le),4.0,56.62.61.0.0,24,87800,16,0,4,EF_CLASS,4,EF_GRID,0,EF_AC,57,EF_MPADD,4,EF_ITEMGRADE,2
2215,Botas(Le),4.0,57.63.62.0.0,24,102000,32,0,4,EF_CLASS,4,EF_GRID,0,EF_AC,53,EF_REGENMP,20,EF_RUNSPEED,2,EF_DAMAGE,24,EF_ITEMGRADE,2
2216,Elmo(Le),3.0,102.118.117.0.0,25,125000,2,0,4,EF_CLASS,4,EF_GRID,0,EF_AC,69,EF_SAVEMANA,6,EF_MPADD,8,EF_ITEMGRADE,3
2217,Armadura_de_Ossso(Le),3.0,109.125.124.0.0,25,176000,4,0,4,EF_CLASS,4,EF_GRID,0,EF_AC,88,EF_HPADD,4,EF_CRITICAL,45,EF_ITEMGRADE,3
2218,Calça(Le),3.0,106.122.121.0.0,25,159000,8,0,4,EF_CLASS,4,EF_GRID,0,EF_AC,78,EF_HPADD,4,EF_CRITICAL,45,EF_ITEMGRADE,3
2219,Luvas(Le),3.0,96.111.110.0.0,25,113000,16,0,4,EF_CLASS,4,EF_GRID,0,EF_AC,69,EF_MPADD,4,EF_ITEMGRADE,3
2220,Botas(Le),3.0,99.114.113.0.0,25,128000,32,0,4,EF_CLASS,4,EF_GRID,0,EF_AC,66,EF_RUNSPEED,2,EF_REGENMP,20,EF_DAMAGE,24,EF_ITEMGRADE,3
2221,Elmo(Le),4.0,127.145.144.0.0,26,135000,2,0,4,EF_CLASS,4,EF_GRID,0,EF_AC,85,EF_SAVEMANA,7,EF_MPADD,9,EF_ITEMGRADE,4
2222,Armadura(Le),4.0,133.152.151.0.0,26,186000,4,0,4,EF_CLASS,4,EF_GRID,0,EF_AC,111,EF_HPADD,5,EF_CRITICAL,45,EF_ITEMGRADE,4
2223,Calça(Le),4.0,130.149.148.0.0,26,167000,8,0,4,EF_CLASS,4,EF_GRID,0,EF_AC,96,EF_HPADD,4,EF_CRITICAL,45,EF_ITEMGRADE,4
2224,Luvas(Le),4.0,121.139.138.0.0,26,122000,16,0,4,EF_CLASS,4,EF_GRID,0,EF_AC,74,EF_MPADD,4,EF_ITEMGRADE,4
2225,Botas(Le),4.0,124.142.141.0.0,26,135000,32,0,4,EF_CLASS,4,EF_GRID,0,EF_AC,76,EF_RUNSPEED,2,EF_REGENMP,20,EF_DAMAGE,24,EF_ITEMGRADE,4
2226,Elmo(Le),4.0,153.174.173.0.0,27,145000,2,0,4,EF_CLASS,4,EF_GRID,0,EF_AC,98,EF_SAVEMANA,8,EF_MPADD,8,EF_ITEMGRADE,4
2227,Armadura(Le),4.0,159.180.179.0.0,27,195000,4,0,4,EF_CLASS,4,EF_GRID,0,EF_AC,120,EF_HPADD,6,EF_CRITICAL,45,EF_ITEMGRADE,4
2228,Calça(Le),4.0,156.177.176.0.0,27,176000,8,0,4,EF_CLASS,4,EF_GRID,0,EF_AC,106,EF_HPADD,4,EF_CRITICAL,45,EF_ITEMGRADE,4
2229,Luvas(Le),4.0,146.166.165.0.0,27,131000,16,0,4,EF_CLASS,4,EF_GRID,0,EF_AC,87,EF_MPADD,4,EF_ITEMGRADE,4
2230,Botas(Le),4.0,149.169.168.0.0,27,148000,32,0,4,EF_CLASS,4,EF_GRID,0,EF_AC,89,EF_RUNSPEED,2,EF_REGENMP,20,EF_DAMAGE,24,EF_ITEMGRADE,4
2231,Chapéu(Le),2.0,58.52.0.0.74,34,98000,2,0,4,EF_CLASS,8,EF_GRID,0,EF_AC,62,EF_SAVEMANA,5,EF_MPADD,7,EF_ITEMGRADE,2
2232,Peitoral(Le),2.0,67.59.0.0.85,34,148000,4,0,4,EF_CLASS,8,EF_GRID,0,EF_AC,84,EF_HPADD,5,EF_CRITICAL,40,EF_ITEMGRADE,2
2233,Calça(Le),2.0,65.58.0.0.83,34,130000,8,0,4,EF_CLASS,8,EF_GRID,0,EF_AC,72,EF_HPADD,4,EF_CRITICAL,40,EF_ITEMGRADE,2
2234,Braçadeira(Le),2.0,53.47.0.0.68,34,86000,16,0,4,EF_CLASS,8,EF_GRID,0,EF_AC,61,EF_MPADD,4,EF_ITEMGRADE,2
2235,Botas(Le),2.0,55.50.0.0.71,34,100000,32,0,4,EF_CLASS,8,EF_GRID,0,EF_AC,59,EF_RUNSPEED,2,EF_REGENMP,20,EF_DAMAGE,24,EF_ITEMGRADE,2
2236,Elmo(Le),3.0,102.87.0.0.127,35,125000,2,0,4,EF_CLASS,8,EF_GRID,0,EF_AC,74,EF_SAVEMANA,6,EF_MPADD,8,EF_ITEMGRADE,3
2237,Peitoral(Le),3.0,109.93.0.0.135,35,176000,4,0,4,EF_CLASS,8,EF_GRID,0,EF_AC,95,EF_HPADD,4,EF_CRITICAL,45,EF_ITEMGRADE,3
2238,Calça(Le),3.0,106.90.0.0.132,35,159000,8,0,4,EF_CLASS,8,EF_GRID,0,EF_AC,83,EF_HPADD,4,EF_CRITICAL,45,EF_ITEMGRADE,3
2239,Braçadeira(Le),3.0,96.82.0.0.120,35,113000,16,0,4,EF_CLASS,8,EF_GRID,0,EF_AC,67,EF_MPADD,4,EF_ITEMGRADE,3
2240,Botas(Le),3.0,99.85.0.0.123,35,128000,32,0,4,EF_CLASS,8,EF_GRID,0,EF_AC,71,EF_RUNSPEED,2,EF_REGENMP,20,EF_DAMAGE,24,EF_ITEMGRADE,3
2241,Chapéu(Le),4.0,127.107.0.0.157,36,135000,2,0,4,EF_CLASS,8,EF_GRID,0,EF_AC,86,EF_SAVEMANA,7,EF_MPADD,9,EF_ITEMGRADE,4
2242,Peitoral(Le),4.0,133.112.0.0.164,36,186000,4,0,4,EF_CLASS,8,EF_GRID,0,EF_AC,112,EF_HPADD,4,EF_CRITICAL,45,EF_ITEMGRADE,4
2243,Calça(Le),4.0,130.110.0.0.161,36,167000,8,0,4,EF_CLASS,8,EF_GRID,0,EF_AC,97,EF_HPADD,4,EF_CRITICAL,45,EF_ITEMGRADE,4
2244,Luvas(Le),4.0,121.102.0.0.150,36,122000,16,0,4,EF_CLASS,8,EF_GRID,0,EF_AC,75,EF_MPADD,4,EF_ITEMGRADE,4
2245,Botas(Le),4.0,124.105.0.0.153,36,135000,32,0,4,EF_CLASS,8,EF_GRID,0,EF_AC,77,EF_RUNSPEED,2,EF_REGENMP,20,EF_DAMAGE,24,EF_ITEMGRADE,4
2246,Chapéu(Le),4.0,153.128.0.0.188,37,145000,2,0,4,EF_CLASS,8,EF_GRID,0,EF_AC,98,EF_SAVEMANA,8,EF_MPADD,8,EF_ITEMGRADE,4
2247,Peitoral(Le),4.0,159.133.0.0.195,37,195000,4,0,4,EF_CLASS,8,EF_GRID,0,EF_AC,126,EF_HPADD,5,EF_CRITICAL,45,EF_ITEMGRADE,4
2248,Calça(Le),4.0,156.130.0.0.192,37,176000,8,0,4,EF_CLASS,8,EF_GRID,0,EF_AC,111,EF_HPADD,4,EF_CRITICAL,45,EF_ITEMGRADE,4
2249,Braçadeira(Le),4.0,146.122.0.0.180,37,131000,16,0,4,EF_CLASS,8,EF_GRID,0,EF_AC,86,EF_MPADD,4,EF_ITEMGRADE,4
2250,Botas(Le),4.0,149.125.0.0.183,37,148000,32,0,4,EF_CLASS,8,EF_GRID,0,EF_AC,88,EF_RUNSPEED,2,EF_REGENMP,20,EF_DAMAGE,24,EF_ITEMGRADE,4
2255,Vara_de_Pesca,2924.0,0.0.0.0.0,44,0,64,0,0,EF_CLASS,255,EF_GRID,0,EF_WTYPE,21,,1
2256,Rede_de_Pesca,2925.0,0.0.0.0.0,44,0,64,0,0,EF_CLASS,255,EF_GRID,0,EF_WTYPE,21,,1
2257,Cajado_do_Feiticeiro,761.0,0.0.0.0.0,47,1000,64,0,7,EF_CLASS,255,EF_GRID,0,EF_RANGE,2,EF_WTYPE,32,EF_MAGIC,55,EF_DAMAGE,454
2258,Lança_do_Shamã,765.0,0.0.0.0.0,44,1000,64,0,7,EF_CLASS,255,EF_GRID,0,EF_RANGE,2,EF_WTYPE,21,EF_MAGIC,52,EF_DAMAGE,535
2259,Arco_do_Ranger,762.0,0.0.0.0.0,42,1000,64,0,7,EF_CLASS,255,EF_GRID,0,EF_RANGE,5,EF_WTYPE,101,EF_DAMAGE,680,EF_ATTSPEED,10,EF_MAGIC,10
2260,Garra_Kalintz_(H),927.0,0.0.0.0.0,43,1000,64,0,7,EF_CLASS,255,EF_GRID,0,EF_RANGE,2,EF_WTYPE,41,EF_DAMAGE,692,EF_AC,30
2261,Arma_do_Troll_de_Gelo,2806.0,0.0.0.0.0,49,1000,64,0,7,EF_CLASS,255,EF_GRID,0,EF_RANGE,2,EF_WTYPE,13,EF_DAMAGE,772
2262,Monumento_Anciao,2926.0,0.0.0.0.0,0,0,0,0,0
2263,Amuleto_de_Hekalotia,2861.0,0.0.0.0.0,0,10000,512,0,22,EF_CLASS,255,EF_TRANS,1
2264,Amuleto_de_Akelonia,2861.0,0.0.0.0.0,0,10000,512,0,22,EF_CLASS,255,EF_TRANS,1
2265,Balao_Penny,2960.0,0.0.0.0.0,51,900,128,0,0,EF_CLASS,255,EF_GRID,0,EF_AC,2,EF_ITEMGRADE,1
2266,Abóbora,45.0,0.0.0.0.0,0,0,0,0,0
2267,Abóbora_Danificada,45.0,0.0.0.0.0,0,0,0,0,0
2268,Abóbora_Vampiro,45.0,0.0.0.0.0,0,0,0,0,0
2269,Abóbora_Bruxa,45.0,0.0.0.0.0,0,0,0,0,0
2270,Abóbora_Demoníaca,45.0,0.0.0.0.0,0,0,0,0,0
2271,Vela_Amaldiçoada,45.0,0.0.0.0.0,0,0,0,0,0
2272,Erva_Venenosa,45.0,0.0.0.0.0,0,0,0,0,0
2273,Poção_Sangrenta,45.0,0.0.0.0.0,0,0,0,0,0
2274,Poção_Espiritual,45.0,0.0.0.0.0,0,0,0,0,0
2275,Emblema_Demoníaco,45.0,0.0.0.0.0,0,0,0,0,0
2276,Foice_Demoníaca,2961.0,0.0.0.0.0,0,0,64,0,8,EF_CLASS,255,EF_GRID,0,EF_RANGE,3,EF_WTYPE,21
2277,Doce_de_Halloween,2962.0,0.0.0.0.0,0,0,192,0,8,EF_CLASS,255,EF_GRID,0,EF_RANGE,3,EF_WTYPE,11
2278,Rebellion_Sword,2963.0,0.0.0.0.0,45,200,192,2691,8,EF_CLASS,255,EF_GRID,0,EF_RANGE,1,EF_WTYPE,1
2279,Alcaçuz_Natalino,2964.0,0.0.0.0.0,0,0,192,0,8,EF_CLASS,255,EF_GRID,0,EF_RANGE,3,EF_WTYPE,11
2280,Mochila_de_Barras_(Tam._50),2754.0,0.0.0.0.0,0,10000000,0,0,0,EF_GRID,0,EF_VOLATILE,7
2281,Mochila_de_Barras_(Tam._100),2754.0,0.0.0.0.0,0,10000000,0,0,0,EF_GRID,0,EF_VOLATILE,7
2282,Sangue_de_Bruxa,45.0,0.0.0.0.0,0,0,0,0,0
2285,Machado,3000.0,0.0.0.0.0,45,200,192,0,8,EF_CLASS,255,EF_GRID,0,EF_DAMAGE,1050,EF_RANGE,1,EF_WTYPE,1
2286,Cajado_Ancestral,2999.0,0.0.0.0.0,0,0,192,0,8,EF_CLASS,255,EF_GRID,0,EF_RANGE,3,EF_WTYPE,11,EF_MAGIC,150,EF_DAMAGE,454
2300,Ovo_de_Aranha,937.0,0.0.0.0.0,0,120000,16384,0,0,EF_CLASS,255,EF_INCUBATE,0
2301,Ovo_de_Javali,938.0,60.0.0.0.0,0,240000,16384,0,0,EF_CLASS,255,EF_INCUBATE,1
2302,Ovo_de_Lobo,939.0,80.0.0.0.0,0,300000,16384,0,0,EF_CLASS,255,EF_INCUBATE,1
2303,Ovo_de_Dragão_Menor,940.0,80.0.0.0.0,0,360000,16384,0,0,EF_CLASS,255,EF_INCUBATE,1
2304,Ovo_de_Urso,941.0,100.0.0.0.0,0,420000,16384,0,0,EF_CLASS,255,EF_INCUBATE,2
2305,Ovo_Dente_de_Sabre,942.0,115.0.0.0.0,0,480000,16384,0,0,EF_CLASS,255,EF_INCUBATE,2
2306,Ovo_de_Hrimfaxi,943.0,255.0.0.0.0,0,540000,16384,0,0,EF_CLASS,255,EF_INCUBATE,2
2307,Ovo_de_Cavalo_Fantasm_N,943.0,145.0.0.0.0,0,600000,16384,0,0,EF_CLASS,255,EF_INCUBATE,3
2308,Ovo_de_Cavalo_Leve_N,943.0,160.0.0.0.0,0,660000,16384,0,0,EF_CLASS,255,EF_INCUBATE,3
2309,Ovo_de_Cavalo_Equip_N,943.0,175.0.0.0.0,0,740000,16384,0,0,EF_CLASS,255,EF_INCUBATE,4
2310,Ovo_de_Andaluz_N,943.0,200.0.0.0.0,0,980000,16384,0,0,EF_CLASS,255,EF_INCUBATE,4
2311,Ovo_de_Skinfaxi,944.0,255.0.0.0.0,0,540000,16384,0,0,EF_CLASS,255,EF_INCUBATE,2
2312,Ovo_de_Cavalo_Fantasm_B,944.0,145.0.0.0.0,0,600000,16384,0,0,EF_CLASS,255,EF_INCUBATE,3
2313,Ovo_de_Cavalo_Leve_B,944.0,160.0.0.0.0,0,660000,16384,0,0,EF_CLASS,255,EF_INCUBATE,3
2314,Ovo_de_Cavalo_Equip_B,944.0,175.0.0.0.0,0,740000,16384,0,0,EF_CLASS,255,EF_INCUBATE,4
2315,Ovo_de_Andaluz_B,944.0,200.0.0.0.0,0,980000,16384,0,0,EF_CLASS,255,EF_INCUBATE,4
2316,Ovo_de_Fenrir,945.0,200.0.0.0.0,0,1440000,16384,0,0,EF_CLASS,255,EF_INCUBATE,5
2317,Ovo_de_Dragão,946.0,200.0.0.0.0,0,1680000,16384,0,0,EF_CLASS,255,EF_INCUBATE,5
2318,Ovo_de_Fenrir_das_Sombras,945.0,200.0.0.0.0,0,1440000,16384,0,0,EF_CLASS,255,EF_INCUBATE,5
2319,Ovo_de_Tigre_de_Fogo,302.0,255.0.0.0.0,0,1680000,16384,0,0,EF_CLASS,255,EF_INCUBATE,6,EF_TRANS,1,EF_ITEMBORDER,1
2320,Ovo_de_Dragão_Vermelho,303.0,255.0.0.0.0,0,1680000,16384,0,0,EF_CLASS,255,EF_INCUBATE,6,EF_TRANS,1
2321,Ovo_de_Unicornio,300.0,219.0.0.0.0,0,1440000,16384,0,0,EF_CLASS,255,EF_INCUBATE,5
2322,Ovo_de_Pegasus,300.0,219.0.0.0.0,0,1440000,16384,0,0,EF_CLASS,255,EF_INCUBATE,5
2323,Ovo_de_Unisus,300.0,219.0.0.0.0,0,1440000,16384,0,0,EF_CLASS,255,EF_INCUBATE,5
2324,Ovo_de_Grifo,301.0,255.0.0.0.0,0,1440000,16384,0,0,EF_CLASS,255,EF_INCUBATE,6
2325,Ovo_de_Hipogrifo,301.0,255.0.0.0.0,0,1440000,16384,0,0,EF_CLASS,255,EF_INCUBATE,6
2326,Ovo_de_Grifo_Sangrento,301.0,255.0.0.0.0,0,1440000,16384,0,0,EF_CLASS,255,EF_INCUBATE,6
2327,Ovo_de_Svadilfari,300.0,219.0.0.0.0,0,1440000,16384,0,0,EF_CLASS,255,EF_INCUBATE,5
2328,Ovo_de_Sleipnir,300.0,219.0.0.0.0,0,1440000,16384,0,0,EF_CLASS,255,EF_INCUBATE,5
2329,Ovo_de_Fênix,302.0,255.0.0.0.0,0,1680000,16384,0,0,EF_CLASS,255,EF_INCUBATE,6,EF_TRANS,1
2330,Cria_de_Aranha,947.0,0.0.0.0.0,0,30000,16384,0,0,EF_CLASS,255
2331,Cria_de_Javali,948.0,60.0.0.0.0,0,60000,16384,0,0,EF_CLASS,255
2332,Cria_de_Lobo,949.0,80.0.0.0.0,0,100000,16384,0,0,EF_CLASS,255
2333,Cria_de_Dragão_Menor,950.0,80.0.0.0.0,0,150000,16384,0,0,EF_CLASS,255
2334,Cria_de_Urso,951.0,100.0.0.0.0,0,210000,16384,0,0,EF_CLASS,255
2335,Cria_Dente_de_Sabre,952.0,115.0.0.0.0,0,280000,16384,0,0,EF_CLASS,255
2336,Cria_de_Hrimfaxi,953.0,255.0.0.0.0,0,500000,16384,0,0,EF_CLASS,255
2337,Cria_de_Cavalo_Fantasm_N,953.0,145.0.0.0.0,0,500000,16384,0,0,EF_CLASS,255
2338,Cria_de_Cavalo_Leve_N,953.0,160.0.0.0.0,0,500000,16384,0,0,EF_CLASS,255
2339,Cria_de_Cavalo_Equip_N,953.0,175.0.0.0.0,0,500000,16384,0,0,EF_CLASS,255
2340,Cria_de_Andaluz_N,953.0,200.0.0.0.0,0,500000,16384,0,0,EF_CLASS,255
2341,Cria_de_Skinfaxi,954.0,255.0.0.0.0,0,500000,16384,0,0,EF_CLASS,255
2342,Cria_de_Cavalo_Fantasm_B,954.0,145.0.0.0.0,0,500000,16384,0,0,EF_CLASS,255
2343,Cria_de_Cavalo_Leve_B,954.0,160.0.0.0.0,0,500000,16384,0,0,EF_CLASS,255
2344,Cria_de_Cavalo_Equip_B,954.0,175.0.0.0.0,0,500000,16384,0,0,EF_CLASS,255
2345,Cria_de_Andaluz_B,954.0,200.0.0.0.0,0,500000,16384,0,0,EF_CLASS,255
2346,Cria_de_Fenrir,955.0,200.0.0.0.0,0,700000,16384,0,0,EF_CLASS,255
2347,Cria_de_Dragão,956.0,200.0.0.0.0,0,1300000,16384,0,0,EF_CLASS,255
2348,Cria_de_Fenrir_das_Sombras,955.0,200.0.0.0.0,0,700000,16384,0,0,EF_CLASS,255
2349,Cria_de_Tigre_de_Fogo,314.0,255.0.0.0.0,0,1300000,16384,0,0,EF_CLASS,255,EF_TRANS,1
2350,Cria_de_Dragão_Vermelho,315.0,255.0.0.0.0,0,1300000,16384,0,0,EF_CLASS,255,EF_TRANS,1
2351,Cria_de_Unicórnio,312.0,219.0.0.0.0,0,700000,16384,0,0,EF_CLASS,255
2352,Cria_de_Pegasus,312.0,219.0.0.0.0,0,700000,16384,0,0,EF_CLASS,255
2353,Cria_de_Unisus,312.0,219.0.0.0.0,0,700000,16384,0,0,EF_CLASS,255
2354,Cria_de_Grifo,313.0,255.0.0.0.0,0,700000,16384,0,0,EF_CLASS,255
2355,Cria_de_Hipogrifo,313.0,255.0.0.0.0,0,700000,16384,0,0,EF_CLASS,255
2356,Cria_de_Grifo_Sangrento,313.0,255.0.0.0.0,0,700000,16384,0,0,EF_CLASS,255
2357,Cria_de_Svadilfari,312.0,219.0.0.0.0,0,700000,16384,0,0,EF_CLASS,255
2358,Cria_de_Sleipnir,312.0,219.0.0.0.0,0,700000,16384,0,0,EF_CLASS,255
2359,Cria_de_Fênix,314.0,255.0.0.0.0,0,1300000,16384,0,0,EF_CLASS,255,EF_TRANS,1
2360,Aranha,947.0,0.0.0.0.0,0,30000,16384,0,0,EF_CLASS,255
2361,Javali,948.0,60.0.0.0.0,0,60000,16384,0,0,EF_CLASS,255
2362,Lobo,949.0,80.0.0.0.0,0,100000,16384,0,0,EF_CLASS,255
2363,Rinoceronte,950.0,80.0.0.0.0,0,150000,16384,0,0,EF_CLASS,255
2364,Urso,951.0,100.0.0.0.0,0,210000,16384,0,0,EF_CLASS,255
2365,Dente_de_Sabre,952.0,115.0.0.0.0,0,280000,16384,0,0,EF_CLASS,255
2366,Hrimfaxi,953.0,255.0.0.0.0,0,500000,16384,0,0,EF_CLASS,255
2367,Cavalo_Fantasm_N,953.0,145.0.0.0.0,0,500000,16384,0,0,EF_CLASS,255
2368,Cavalo_Leve_N,953.0,160.0.0.0.0,0,500000,16384,0,0,EF_CLASS,255
2369,Cavalo_Equip_N,953.0,175.0.0.0.0,0,500000,16384,0,0,EF_CLASS,255
2370,Andaluz_N,953.0,200.0.0.0.0,0,500000,16384,0,0,EF_CLASS,255
2371,Skinfaxi,954.0,255.0.0.0.0,0,500000,16384,0,0,EF_CLASS,255
2372,Cavalo_Fantasm_B,954.0,145.0.0.0.0,0,500000,16384,0,0,EF_CLASS,255
2373,Cavalo_Leve_B,954.0,160.0.0.0.0,0,500000,16384,0,0,EF_CLASS,255
2374,Cavalo_Equip_B,954.0,175.0.0.0.0,0,500000,16384,0,0,EF_CLASS,255
2375,Andaluz_B,954.0,200.0.0.0.0,0,500000,16384,0,0,EF_CLASS,255
2376,Fenrir,955.0,200.0.0.0.0,0,700000,16384,0,0,EF_CLASS,255
2377,Dragão,956.0,200.0.0.0.0,0,1300000,16384,0,0,EF_CLASS,255
2378,Cérberus,955.0,200.0.0.0.0,0,700000,16384,0,0,EF_CLASS,255
2379,Tigre_de_Fogo,314.0,255.0.0.0.0,0,1500000,16384,0,0,EF_CLASS,255,EF_TRANS,1,EF_ITEMBORDER,1,EF_PRECISION,65
2380,Dragão_Vermelho,315.0,255.0.0.0.0,0,2000000,16384,0,0,EF_CLASS,255,EF_TRANS,1
2381,Unicórnio,312.0,219.0.0.0.0,0,850000,16384,0,0,EF_CLASS,255
2382,Pegasus,312.0,219.0.0.0.0,0,850000,16384,0,0,EF_CLASS,255
2383,Unisus,312.0,219.0.0.0.0,0,850000,16384,0,0,EF_CLASS,255
2384,Grifo,313.0,255.0.0.0.0,0,950000,16384,0,0,EF_CLASS,255
2385,Hipogrifo,313.0,255.0.0.0.0,0,950000,16384,0,0,EF_CLASS,255
2386,Grifo_Sangrento,313.0,255.0.0.0.0,0,950000,16384,0,0,EF_CLASS,255
2387,Svadilfari,953.0,219.0.0.0.0,0,850000,16384,0,0,EF_CLASS,255
2388,Sleipnir,312.0,219.0.0.0.0,0,850000,16384,0,0,EF_CLASS,255
2389,Fênix,314.0,255.0.0.0.0,0,1500000,16384,0,0,EF_CLASS,255,EF_TRANS,1,EF_INCHEAL,100
2390,Âmago_de_Aranha,957.0,0.0.0.0.0,0,10000,1,0,0,EF_VOLATILE,16,EF_GRID,0
2391,Âmago_de_Javali,958.0,0.0.0.0.0,0,10000,1,0,0,EF_VOLATILE,16,EF_GRID,0
2392,Âmago_de_Lobo,959.0,0.0.0.0.0,0,10000,1,0,0,EF_VOLATILE,16,EF_GRID,0
2393,Âmago_de_Rinoceronte,960.0,0.0.0.0.0,0,10000,1,0,0,EF_VOLATILE,16,EF_GRID,0
2394,Âmago_de_Urso,961.0,0.0.0.0.0,0,10000,1,0,0,EF_VOLATILE,16,EF_GRID,0
2395,Âmago_de_Dente_de_Sabre,962.0,0.0.0.0.0,0,10000,1,0,0,EF_VOLATILE,16,EF_GRID,0
2396,Âmago_de_Hrimfaxi,963.0,0.0.0.0.0,0,10000,1,0,0,EF_VOLATILE,16,EF_GRID,0
2397,Âmago_de_Cav_Fantasm_N,963.0,0.0.0.0.0,0,10000,1,0,0,EF_VOLATILE,16,EF_GRID,0
2398,Âmago_de_Cavalo_Leve_N,963.0,0.0.0.0.0,0,10000,1,0,0,EF_VOLATILE,16,EF_GRID,0
2399,Âmago_de_Cavalo_Equip_N,963.0,0.0.0.0.0,0,10000,1,0,0,EF_VOLATILE,16,EF_GRID,0
2400,Âmago_de_Andaluz_N,963.0,0.0.0.0.0,0,10000,1,0,0,EF_VOLATILE,16,EF_GRID,0
2401,Âmago_de_Skinfaxi,964.0,0.0.0.0.0,0,10000,1,0,0,EF_VOLATILE,16,EF_GRID,0
2402,Âmago_de_Cav_Fantasm_B,964.0,0.0.0.0.0,0,10000,1,0,0,EF_VOLATILE,16,EF_GRID,0
2403,Âmago_de_Cavalo_Leve_B,964.0,0.0.0.0.0,0,10000,1,0,0,EF_VOLATILE,16,EF_GRID,0
2404,Âmago_de_Cavalo_Equip_B,964.0,0.0.0.0.0,0,10000,1,0,0,EF_VOLATILE,16,EF_GRID,0
2405,Âmago_de_Andaluz_B,964.0,0.0.0.0.0,0,10000,1,0,0,EF_VOLATILE,16,EF_GRID,0
2406,Âmago_de_Fenrir,965.0,0.0.0.0.0,0,10000,1,0,0,EF_VOLATILE,16,EF_GRID,0
2407,Âmago_de_Dragão,966.0,0.0.0.0.0,0,10000,1,0,0,EF_VOLATILE,16,EF_GRID,0
2408,Âmago_de_Cérberus,965.0,0.0.0.0.0,0,10000,1,0,0,EF_VOLATILE,16,EF_GRID,0
2409,Âmago_de_Tigre_de_Fogo,306.0,0.0.0.0.0,0,10000,1,0,0,EF_VOLATILE,16,EF_GRID,0
2410,Âmago_de_Dragão_Verm,307.0,0.0.0.0.0,0,10000,1,0,0,EF_VOLATILE,16,EF_GRID,0
2411,Âmago_de_Unicórnio,304.0,0.0.0.0.0,0,10000,1,0,0,EF_VOLATILE,16,EF_GRID,0
2412,Âmago_de_Pégasus,304.0,0.0.0.0.0,0,10000,1,0,0,EF_VOLATILE,16,EF_GRID,0
2413,Âmago_de_Unisus,304.0,0.0.0.0.0,0,10000,1,0,0,EF_VOLATILE,16,EF_GRID,0
2414,Âmago_de_Grifo,305.0,0.0.0.0.0,0,10000,1,0,0,EF_VOLATILE,16,EF_GRID,0
2415,Âmago_de_Hipogrifo,305.0,0.0.0.0.0,0,10000,1,0,0,EF_VOLATILE,16,EF_GRID,0
2416,Âmago_de_Grifo_Sang,305.0,0.0.0.0.0,0,10000,1,0,0,EF_VOLATILE,16,EF_GRID,0
2417,Âmago_de_Svadilfari,304.0,0.0.0.0.0,0,10000,1,0,0,EF_VOLATILE,16,EF_GRID,0
2418,Âmago_de_Sleipnir,304.0,0.0.0.0.0,0,10000,1,0,0,EF_VOLATILE,16,EF_GRID,0
2419,Âmago_de_Fênix,962.0,0.0.0.0.0,0,10000,1,0,0,EF_VOLATILE,16,EF_GRID,0
2420,Ração_de_Aranha,967.0,0.0.0.0.0,0,3000,0,0,0,EF_VOLATILE,15,EF_GRID,0,EF_AMOUNT,5
2421,Ração_de_Javali,968.0,0.0.0.0.0,0,6000,0,0,0,EF_VOLATILE,15,EF_GRID,0,EF_AMOUNT,5
2422,Ração_de_Lobo,969.0,0.0.0.0.0,0,10000,0,0,0,EF_VOLATILE,15,EF_GRID,0,EF_AMOUNT,5
2423,Ração_de_Rinoceronte,970.0,0.0.0.0.0,0,15000,0,0,0,EF_VOLATILE,15,EF_GRID,0,EF_AMOUNT,5
2424,Ração_de_Urso,971.0,0.0.0.0.0,0,21000,0,0,0,EF_VOLATILE,15,EF_GRID,0,EF_AMOUNT,5
2425,Ração_de_Dente_de_Sabre,972.0,0.0.0.0.0,0,28000,0,0,0,EF_VOLATILE,15,EF_GRID,0,EF_AMOUNT,5
2426,Ração_de_Cavalo,973.0,0.0.0.0.0,0,90000,0,0,0,EF_VOLATILE,15,EF_GRID,0,EF_AMOUNT,5
2427,Ração_de_Tigre_de_Fogo,310.0,0.0.0.0.0,0,150000,0,0,0,EF_VOLATILE,15,EF_GRID,0,EF_AMOUNT,5
2428,Ração_de_Dragão_Verm,311.0,0.0.0.0.0,0,200000,0,0,0,EF_VOLATILE,15,EF_GRID,0,EF_AMOUNT,5
2429,Ração_de_Unicórnio,308.0,0.0.0.0.0,0,285000,0,0,0,EF_VOLATILE,15,EF_GRID,0,EF_AMOUNT,5
2430,Ração_de_Grifo,309.0,0.0.0.0.0,0,295000,0,0,0,EF_VOLATILE,15,EF_GRID,0,EF_AMOUNT,5
2431,Ração_de_Svadilfari,308.0,0.0.0.0.0,0,220000,0,0,0,EF_VOLATILE,15,EF_GRID,0,EF_AMOUNT,5
2432,Ração_de_Sleipnir,308.0,0.0.0.0.0,0,220000,0,0,0,EF_VOLATILE,15,EF_GRID,0,EF_AMOUNT,5
2433,N/A,974.0,0.0.0.0.0,0,35000,0,0,0,EF_VOLATILE,15,EF_GRID,0,EF_AMOUNT,5
2434,N/A,974.0,0.0.0.0.0,0,40000,0,0,0,EF_VOLATILE,15,EF_GRID,0,EF_AMOUNT,5
2435,N/A,974.0,0.0.0.0.0,0,50000,0,0,0,EF_VOLATILE,15,EF_GRID,0,EF_AMOUNT,5
2436,Ração_de_Fenrir,975.0,0.0.0.0.0,0,70000,0,0,0,EF_VOLATILE,15,EF_GRID,0,EF_AMOUNT,5
2437,Ração_de_Dragão,976.0,0.0.0.0.0,0,130000,0,0,0,EF_VOLATILE,15,EF_GRID,0,EF_AMOUNT,5
2438,Ração_de_Cérberus,975.0,0.0.0.0.0,0,70000,0,0,0,EF_VOLATILE,15,EF_GRID,0,EF_AMOUNT,5
2439,Ração_de_Fênix,972.0,0.0.0.0.0,0,28000,0,0,0,EF_VOLATILE,15,EF_GRID,0,EF_AMOUNT,5
2441,Diamante,977.0,0.0.0.0.0,145,600,0,0,0,EF_VOLATILE,9,EF_GRID,0
2442,Esmeralda,978.0,0.0.0.0.0,146,600,0,0,0,EF_VOLATILE,9,EF_GRID,0
2443,Coral,979.0,0.0.0.0.0,147,600,0,0,0,EF_VOLATILE,9,EF_GRID,0
2444,Garnet,980.0,0.0.0.0.0,148,600,0,0,0,EF_VOLATILE,9,EF_GRID,0
2451,Porrete(Anct),801.0,42.9.0.0.0,41,350,192,0,5,EF_CLASS,255,EF_GRID,0,EF_DAMAGE,83,EF_RANGE,1,EF_WTYPE,1,EF_ITEMGRADE,6
2452,Porrete(Anct),801.0,42.9.0.0.0,41,350,192,0,6,EF_CLASS,255,EF_GRID,0,EF_DAMAGE,83,EF_RANGE,1,EF_WTYPE,1,EF_ITEMGRADE,6
2453,Porrete(Anct),801.0,42.9.0.0.0,41,350,192,0,7,EF_CLASS,255,EF_GRID,0,EF_DAMAGE,83,EF_RANGE,1,EF_WTYPE,1,EF_ITEMGRADE,6
2454,Porrete(Anct),801.0,42.9.0.0.0,41,350,192,0,8,EF_CLASS,255,EF_GRID,0,EF_DAMAGE,83,EF_RANGE,1,EF_WTYPE,1,EF_ITEMGRADE,6
2455,Machado(Anct),802.0,55.34.0.0.0,41,1200,192,0,5,EF_CLASS,255,EF_GRID,0,EF_DAMAGE,104,EF_RANGE,1,EF_WTYPE,11,EF_ITEMGRADE,6
2456,Machado(Anct),802.0,55.34.0.0.0,41,1200,192,0,6,EF_CLASS,255,EF_GRID,0,EF_DAMAGE,104,EF_RANGE,1,EF_WTYPE,11,EF_ITEMGRADE,6
2457,Machado(Anct),802.0,55.34.0.0.0,41,1200,192,0,7,EF_CLASS,255,EF_GRID,0,EF_DAMAGE,104,EF_RANGE,1,EF_WTYPE,11,EF_ITEMGRADE,6
2458,Machado(Anct),802.0,55.34.0.0.0,41,1200,192,0,8,EF_CLASS,255,EF_GRID,0,EF_DAMAGE,104,EF_RANGE,1,EF_WTYPE,11,EF_ITEMGRADE,6
2459,Maça_Pesada(Anct),803.0,69.61.0.0.0,41,3600,192,0,5,EF_CLASS,255,EF_GRID,0,EF_DAMAGE,137,EF_RANGE,1,EF_WTYPE,1,EF_ITEMGRADE,6
2460,Maça_Pesada(Anct),803.0,69.61.0.0.0,41,3600,192,0,6,EF_CLASS,255,EF_GRID,0,EF_DAMAGE,137,EF_RANGE,1,EF_WTYPE,1,EF_ITEMGRADE,6
2461,Maça_Pesada(Anct),803.0,69.61.0.0.0,41,3600,192,0,7,EF_CLASS,255,EF_GRID,0,EF_DAMAGE,137,EF_RANGE,1,EF_WTYPE,1,EF_ITEMGRADE,6
2462,Maça_Pesada(Anct),803.0,69.61.0.0.0,41,3600,192,0,8,EF_CLASS,255,EF_GRID,0,EF_DAMAGE,137,EF_RANGE,1,EF_WTYPE,1,EF_ITEMGRADE,6
2463,Maça(Anct),804.0,85.91.0.0.0,41,9200,192,0,5,EF_CLASS,255,EF_GRID,0,EF_DAMAGE,166,EF_RANGE,1,EF_WTYPE,1,EF_ITEMGRADE,6
2464,Maça(Anct),804.0,85.91.0.0.0,41,9200,192,0,6,EF_CLASS,255,EF_GRID,0,EF_DAMAGE,166,EF_RANGE,1,EF_WTYPE,1,EF_ITEMGRADE,6
2465,Maça(Anct),804.0,85.91.0.0.0,41,9200,192,0,7,EF_CLASS,255,EF_GRID,0,EF_DAMAGE,166,EF_RANGE,1,EF_WTYPE,1,EF_ITEMGRADE,6
2466,Maça(Anct),804.0,85.91.0.0.0,41,9200,192,0,8,EF_CLASS,255,EF_GRID,0,EF_DAMAGE,166,EF_RANGE,1,EF_WTYPE,1,EF_ITEMGRADE,6
2467,Kraika_(Anct),807.0,114.127.0.0.0,41,21000,192,0,5,EF_CLASS,255,EF_GRID,0,EF_DAMAGE,198,EF_RANGE,1,EF_WTYPE,11,EF_ITEMGRADE,6
2468,Kraika_(Anct),807.0,114.127.0.0.0,41,21000,192,0,6,EF_CLASS,255,EF_GRID,0,EF_DAMAGE,198,EF_RANGE,1,EF_WTYPE,11,EF_ITEMGRADE,6
2469,Kraika_(Anct),807.0,114.127.0.0.0,41,21000,192,0,7,EF_CLASS,255,EF_GRID,0,EF_DAMAGE,198,EF_RANGE,1,EF_WTYPE,11,EF_ITEMGRADE,6
2470,Kraika_(Anct),807.0,114.127.0.0.0,41,21000,192,0,8,EF_CLASS,255,EF_GRID,0,EF_DAMAGE,198,EF_RANGE,1,EF_WTYPE,11,EF_ITEMGRADE,6
2471,Machado_Duplo(Anct),808.0,134.184.0.0.0,41,50000,192,0,5,EF_CLASS,255,EF_GRID,0,EF_DAMAGE,213,EF_RANGE,1,EF_WTYPE,11,EF_ITEMGRADE,6
2472,Machado_Duplo(Anct),808.0,134.184.0.0.0,41,50000,192,0,6,EF_CLASS,255,EF_GRID,0,EF_DAMAGE,213,EF_RANGE,1,EF_WTYPE,11,EF_ITEMGRADE,6
2473,Machado_Duplo(Anct),808.0,134.184.0.0.0,41,50000,192,0,7,EF_CLASS,255,EF_GRID,0,EF_DAMAGE,213,EF_RANGE,1,EF_WTYPE,11,EF_ITEMGRADE,6
2474,Machado_Duplo(Anct),808.0,134.184.0.0.0,41,50000,192,0,8,EF_CLASS,255,EF_GRID,0,EF_DAMAGE,213,EF_RANGE,1,EF_WTYPE,11,EF_ITEMGRADE,6
2475,Maça_Gótica(Anct),894.0,165.296.0.0.0,41,70000,192,0,5,EF_CLASS,255,EF_GRID,0,EF_DAMAGE,229,EF_RANGE,2,EF_WTYPE,11,EF_ITEMGRADE,6
2476,Maça_Gótica(Anct),894.0,165.296.0.0.0,41,70000,192,0,6,EF_CLASS,255,EF_GRID,0,EF_DAMAGE,229,EF_RANGE,2,EF_WTYPE,11,EF_ITEMGRADE,6
2477,Maça_Gótica(Anct),894.0,165.296.0.0.0,41,70000,192,0,7,EF_CLASS,255,EF_GRID,0,EF_DAMAGE,229,EF_RANGE,2,EF_WTYPE,11,EF_ITEMGRADE,6
2478,Maça_Gótica(Anct),894.0,165.296.0.0.0,41,70000,192,0,8,EF_CLASS,255,EF_GRID,0,EF_DAMAGE,229,EF_RANGE,2,EF_WTYPE,11,EF_ITEMGRADE,6
2479,Martelo_Mythril(Anct),895.0,189.348.0.0.0,41,90000,192,0,5,EF_CLASS,255,EF_GRID,0,EF_DAMAGE,242,EF_RANGE,2,EF_WTYPE,11,EF_ITEMGRADE,6
2480,Martelo_Mythril(Anct),895.0,189.348.0.0.0,41,90000,192,0,6,EF_CLASS,255,EF_GRID,0,EF_DAMAGE,242,EF_RANGE,2,EF_WTYPE,11,EF_ITEMGRADE,6
2481,Martelo_Mythril(Anct),895.0,189.348.0.0.0,41,90000,192,0,7,EF_CLASS,255,EF_GRID,0,EF_DAMAGE,242,EF_RANGE,2,EF_WTYPE,11,EF_ITEMGRADE,6
2482,Martelo_Mythril(Anct),895.0,189.348.0.0.0,41,90000,192,0,8,EF_CLASS,255,EF_GRID,0,EF_DAMAGE,242,EF_RANGE,2,EF_WTYPE,11,EF_ITEMGRADE,6
2483,Martelo_Dragão(Anct),896.0,208.495.0.0.0,41,110000,192,0,5,EF_CLASS,255,EF_GRID,0,EF_DAMAGE,255,EF_RANGE,2,EF_WTYPE,11,EF_ITEMGRADE,6
2484,Martelo_Dragão(Anct),896.0,208.495.0.0.0,41,110000,192,0,6,EF_CLASS,255,EF_GRID,0,EF_DAMAGE,255,EF_RANGE,2,EF_WTYPE,11,EF_ITEMGRADE,6
2485,Martelo_Dragão(Anct),896.0,208.495.0.0.0,41,110000,192,0,7,EF_CLASS,255,EF_GRID,0,EF_DAMAGE,255,EF_RANGE,2,EF_WTYPE,11,EF_ITEMGRADE,6
2486,Martelo_Dragão(Anct),896.0,208.495.0.0.0,41,110000,192,0,8,EF_CLASS,255,EF_GRID,0,EF_DAMAGE,255,EF_RANGE,2,EF_WTYPE,11,EF_ITEMGRADE,6
2487,Martelo_Assassino(Anct),31.0,222.552.0.0.0,41,130000,192,0,5,EF_CLASS,255,EF_GRID,0,EF_DAMAGE,269,EF_RANGE,2,EF_WTYPE,11,EF_ITEMGRADE,6
2488,Martelo_Assassino(Anct),31.0,222.552.0.0.0,41,130000,192,0,6,EF_CLASS,255,EF_GRID,0,EF_DAMAGE,269,EF_RANGE,2,EF_WTYPE,11,EF_ITEMGRADE,6
2489,Martelo_Assassino(Anct),31.0,222.552.0.0.0,41,130000,192,0,7,EF_CLASS,255,EF_GRID,0,EF_DAMAGE,269,EF_RANGE,2,EF_WTYPE,11,EF_ITEMGRADE,6
2490,Martelo_Assassino(Anct),31.0,222.552.0.0.0,41,130000,192,0,8,EF_CLASS,255,EF_GRID,0,EF_DAMAGE,269,EF_RANGE,2,EF_WTYPE,11,EF_ITEMGRADE,6
2491,Balmung(Anct),758.0,315.0.0.0.0,41,650000,192,4700,5,EF_CLASS,255,EF_GRID,0,EF_DAMAGE,320,EF_RANGE,2,EF_WTYPE,11,EF_TRANS,1,EF_ATTSPEED,1,EF_ITEMGRADE,6
2492,Balmung(Anct),758.0,315.0.0.0.0,41,650000,192,4701,6,EF_CLASS,255,EF_GRID,0,EF_DAMAGE,320,EF_RANGE,2,EF_WTYPE,11,EF_TRANS,1,EF_ATTSPEED,1,EF_ITEMGRADE,6
2493,Balmung(Anct),758.0,315.0.0.0.0,41,650000,192,4702,7,EF_CLASS,255,EF_GRID,0,EF_DAMAGE,320,EF_RANGE,2,EF_WTYPE,11,EF_TRANS,1,EF_ATTSPEED,1,EF_ITEMGRADE,6
2494,Balmung(Anct),758.0,315.0.0.0.0,41,650000,192,4703,8,EF_CLASS,255,EF_GRID,0,EF_DAMAGE,320,EF_RANGE,2,EF_WTYPE,11,EF_TRANS,1,EF_ATTSPEED,1,EF_ITEMGRADE,6
2511,Arco_Curto(Anct),815.0,42.7.0.8.0,42,300,64,0,5,EF_CLASS,10,EF_GRID,0,EF_DAMAGE,99,EF_RANGE,5,EF_WTYPE,101,EF_ITEMGRADE,6
2512,Arco_Curto(Anct),815.0,42.7.0.8.0,42,300,64,0,6,EF_CLASS,10,EF_GRID,0,EF_DAMAGE,99,EF_RANGE,5,EF_WTYPE,101,EF_ITEMGRADE,6
2513,Arco_Curto(Anct),815.0,42.7.0.8.0,42,300,64,0,7,EF_CLASS,10,EF_GRID,0,EF_DAMAGE,99,EF_RANGE,5,EF_WTYPE,101,EF_ITEMGRADE,6
2514,Arco_Curto(Anct),815.0,42.7.0.8.0,42,300,64,0,8,EF_CLASS,10,EF_GRID,0,EF_DAMAGE,99,EF_RANGE,5,EF_WTYPE,101,EF_ITEMGRADE,6
2515,Arco_de_Madeira(Anct),817.0,55.16.0.25.0,42,1100,64,0,5,EF_CLASS,10,EF_GRID,0,EF_DAMAGE,125,EF_RANGE,5,EF_WTYPE,101,EF_ITEMGRADE,6
2516,Arco_de_Madeira(Anct),817.0,55.16.0.25.0,42,1100,64,0,6,EF_CLASS,10,EF_GRID,0,EF_DAMAGE,125,EF_RANGE,5,EF_WTYPE,101,EF_ITEMGRADE,6
2517,Arco_de_Madeira(Anct),817.0,55.16.0.25.0,42,1100,64,0,7,EF_CLASS,10,EF_GRID,0,EF_DAMAGE,125,EF_RANGE,5,EF_WTYPE,101,EF_ITEMGRADE,6
2518,Arco_de_Madeira(Anct),817.0,55.16.0.25.0,42,1100,64,0,8,EF_CLASS,10,EF_GRID,0,EF_DAMAGE,125,EF_RANGE,5,EF_WTYPE,101,EF_ITEMGRADE,6
2519,Arco_Longo(Anct),820.0,67.24.0.41.0,42,3100,64,0,5,EF_CLASS,10,EF_GRID,0,EF_DAMAGE,158,EF_RANGE,5,EF_WTYPE,101,EF_ATTSPEED,1,EF_ITEMGRADE,6
2520,Arco_Longo(Anct),820.0,67.24.0.41.0,42,3100,64,0,6,EF_CLASS,10,EF_GRID,0,EF_DAMAGE,158,EF_RANGE,5,EF_WTYPE,101,EF_ATTSPEED,1,EF_ITEMGRADE,6
2521,Arco_Longo(Anct),820.0,67.24.0.41.0,42,3100,64,0,7,EF_CLASS,10,EF_GRID,0,EF_DAMAGE,158,EF_RANGE,5,EF_WTYPE,101,EF_ATTSPEED,1,EF_ITEMGRADE,6
2522,Arco_Longo(Anct),820.0,67.24.0.41.0,42,3100,64,0,8,EF_CLASS,10,EF_GRID,0,EF_DAMAGE,158,EF_RANGE,5,EF_WTYPE,101,EF_ATTSPEED,1,EF_ITEMGRADE,6
2523,Arco_de_Batalha(Anct),822.0,79.33.0.56.0,42,8800,64,0,5,EF_CLASS,10,EF_GRID,0,EF_DAMAGE,190,EF_RANGE,5,EF_WTYPE,101,EF_ATTSPEED,1,EF_ITEMGRADE,6
2524,Arco_de_Batalha(Anct),822.0,79.33.0.56.0,42,8800,64,0,6,EF_CLASS,10,EF_GRID,0,EF_DAMAGE,190,EF_RANGE,5,EF_WTYPE,101,EF_ATTSPEED,1,EF_ITEMGRADE,6
2525,Arco_de_Batalha(Anct),822.0,79.33.0.56.0,42,8800,64,0,7,EF_CLASS,10,EF_GRID,0,EF_DAMAGE,190,EF_RANGE,5,EF_WTYPE,101,EF_ATTSPEED,1,EF_ITEMGRADE,6
2526,Arco_de_Batalha(Anct),822.0,79.33.0.56.0,42,8800,64,0,8,EF_CLASS,10,EF_GRID,0,EF_DAMAGE,190,EF_RANGE,5,EF_WTYPE,101,EF_ATTSPEED,1,EF_ITEMGRADE,6
2527,Arco_da_Confusão(Anct),823.0,115.51.0.90.0,42,19000,64,0,5,EF_CLASS,10,EF_GRID,0,EF_DAMAGE,234,EF_RANGE,5,EF_WTYPE,101,EF_ATTSPEED,1,EF_ITEMGRADE,6
2528,Arco_da_Confusão(Anct),823.0,115.51.0.90.0,42,19000,64,0,6,EF_CLASS,10,EF_GRID,0,EF_DAMAGE,234,EF_RANGE,5,EF_WTYPE,101,EF_ATTSPEED,1,EF_ITEMGRADE,6
2529,Arco_da_Confusão(Anct),823.0,115.51.0.90.0,42,19000,64,0,7,EF_CLASS,10,EF_GRID,0,EF_DAMAGE,234,EF_RANGE,5,EF_WTYPE,101,EF_ATTSPEED,1,EF_ITEMGRADE,6
2530,Arco_da_Confusão(Anct),823.0,115.51.0.90.0,42,19000,64,0,8,EF_CLASS,10,EF_GRID,0,EF_DAMAGE,234,EF_RANGE,5,EF_WTYPE,101,EF_ATTSPEED,1,EF_ITEMGRADE,6
2531,Arco_Veloz(Anct),824.0,129.61.0.108.0,42,45000,64,0,5,EF_CLASS,10,EF_GRID,0,EF_DAMAGE,262,EF_RANGE,5,EF_WTYPE,101,EF_ATTSPEED,1,EF_ITEMGRADE,6
2532,Arco_Veloz(Anct),824.0,129.61.0.108.0,42,45000,64,0,6,EF_CLASS,10,EF_GRID,0,EF_DAMAGE,262,EF_RANGE,5,EF_WTYPE,101,EF_ATTSPEED,1,EF_ITEMGRADE,6
2533,Arco_Veloz(Anct),824.0,129.61.0.108.0,42,45000,64,0,7,EF_CLASS,10,EF_GRID,0,EF_DAMAGE,262,EF_RANGE,5,EF_WTYPE,101,EF_ATTSPEED,1,EF_ITEMGRADE,6
2534,Arco_Veloz(Anct),824.0,129.61.0.108.0,42,45000,64,0,8,EF_CLASS,10,EF_GRID,0,EF_DAMAGE,262,EF_RANGE,5,EF_WTYPE,101,EF_ATTSPEED,1,EF_ITEMGRADE,6
2535,Arco_Mythril(Anct),825.0,160.106.0.156.0,42,65000,64,0,5,EF_CLASS,10,EF_GRID,0,EF_DAMAGE,274,EF_RANGE,5,EF_WTYPE,101,EF_ATTSPEED,1,EF_ITEMGRADE,6
2536,Arco_Mythril(Anct),825.0,160.106.0.156.0,42,65000,64,0,6,EF_CLASS,10,EF_GRID,0,EF_DAMAGE,274,EF_RANGE,5,EF_WTYPE,101,EF_ATTSPEED,1,EF_ITEMGRADE,6
2537,Arco_Mythril(Anct),825.0,160.106.0.156.0,42,65000,64,0,7,EF_CLASS,10,EF_GRID,0,EF_DAMAGE,274,EF_RANGE,5,EF_WTYPE,101,EF_ATTSPEED,1,EF_ITEMGRADE,6
2538,Arco_Mythril(Anct),825.0,160.106.0.156.0,42,65000,64,0,8,EF_CLASS,10,EF_GRID,0,EF_DAMAGE,274,EF_RANGE,5,EF_WTYPE,101,EF_ATTSPEED,1,EF_ITEMGRADE,6
2539,Arco_Hidra(Anct),913.0,184.125.0.184.0,42,85000,64,0,5,EF_CLASS,10,EF_GRID,0,EF_DAMAGE,290,EF_RANGE,5,EF_WTYPE,101,EF_ATTSPEED,1,EF_ITEMGRADE,6
2540,Arco_Hidra(Anct),913.0,184.125.0.184.0,42,85000,64,0,6,EF_CLASS,10,EF_GRID,0,EF_DAMAGE,290,EF_RANGE,5,EF_WTYPE,101,EF_ATTSPEED,1,EF_ITEMGRADE,6
2541,Arco_Hidra(Anct),913.0,184.125.0.184.0,42,85000,64,0,7,EF_CLASS,10,EF_GRID,0,EF_DAMAGE,290,EF_RANGE,5,EF_WTYPE,101,EF_ATTSPEED,1,EF_ITEMGRADE,6
2542,Arco_Hidra(Anct),913.0,184.125.0.184.0,42,85000,64,0,8,EF_CLASS,10,EF_GRID,0,EF_DAMAGE,290,EF_RANGE,5,EF_WTYPE,101,EF_ATTSPEED,1,EF_ITEMGRADE,6
2543,Arco_Élfico(Anct),914.0,203.144.0.213.0,42,105000,64,0,5,EF_CLASS,10,EF_GRID,0,EF_DAMAGE,305,EF_RANGE,5,EF_WTYPE,101,EF_ATTSPEED,1,EF_ITEMGRADE,6
2544,Arco_Élfico(Anct),914.0,203.144.0.213.0,42,105000,64,0,6,EF_CLASS,10,EF_GRID,0,EF_DAMAGE,305,EF_RANGE,5,EF_WTYPE,101,EF_ATTSPEED,1,EF_ITEMGRADE,6
2545,Arco_Élfico(Anct),914.0,203.144.0.213.0,42,105000,64,0,7,EF_CLASS,10,EF_GRID,0,EF_DAMAGE,305,EF_RANGE,5,EF_WTYPE,101,EF_ATTSPEED,1,EF_ITEMGRADE,6
2546,Arco_Élfico(Anct),914.0,203.144.0.213.0,42,105000,64,0,8,EF_CLASS,10,EF_GRID,0,EF_DAMAGE,305,EF_RANGE,5,EF_WTYPE,101,EF_ATTSPEED,1,EF_ITEMGRADE,6
2547,Arco_Divino(Anct),32.0,221.162.0.240.0,42,125000,64,0,5,EF_CLASS,10,EF_GRID,0,EF_DAMAGE,320,EF_RANGE,5,EF_WTYPE,101,EF_ATTSPEED,1,EF_ITEMGRADE,6
2548,Arco_Divino(Anct),32.0,221.162.0.240.0,42,125000,64,0,6,EF_CLASS,10,EF_GRID,0,EF_DAMAGE,320,EF_RANGE,5,EF_WTYPE,101,EF_ATTSPEED,1,EF_ITEMGRADE,6
2549,Arco_Divino(Anct),32.0,221.162.0.240.0,42,125000,64,0,7,EF_CLASS,10,EF_GRID,0,EF_DAMAGE,320,EF_RANGE,5,EF_WTYPE,101,EF_ATTSPEED,1,EF_ITEMGRADE,6
2550,Arco_Divino(Anct),32.0,221.162.0.240.0,42,125000,64,0,8,EF_CLASS,10,EF_GRID,0,EF_DAMAGE,320,EF_RANGE,5,EF_WTYPE,101,EF_ATTSPEED,1,EF_ITEMGRADE,6
2551,Skytalos(Anct),762.0,320.0.0.0.0,42,650000,64,4704,5,EF_CLASS,255,EF_GRID,0,EF_DAMAGE,351,EF_RANGE,5,EF_WTYPE,101,EF_ATTSPEED,1,EF_TRANS,1,EF_ITEMGRADE,6
2552,Skytalos(Anct),762.0,320.0.0.0.0,42,650000,64,4705,6,EF_CLASS,255,EF_GRID,0,EF_DAMAGE,351,EF_RANGE,5,EF_WTYPE,101,EF_ATTSPEED,1,EF_TRANS,1,EF_ITEMGRADE,6
2553,Skytalos(Anct),762.0,320.0.0.0.0,42,650000,64,4706,7,EF_CLASS,255,EF_GRID,0,EF_DAMAGE,351,EF_RANGE,5,EF_WTYPE,101,EF_ATTSPEED,1,EF_TRANS,1,EF_ITEMGRADE,6
2554,Skytalos(Anct),762.0,320.0.0.0.0,42,650000,64,4707,8,EF_CLASS,255,EF_GRID,0,EF_DAMAGE,351,EF_RANGE,5,EF_WTYPE,101,EF_ATTSPEED,1,EF_TRANS,1,EF_ITEMGRADE,6
2571,Garra(Anct),837.0,42.8.0.0.9,43,530,64,0,5,EF_CLASS,9,EF_GRID,0,EF_DAMAGE,90,EF_RANGE,0,EF_WTYPE,41,EF_ITEMGRADE,6
2572,Garra(Anct),837.0,42.8.0.0.9,43,530,64,0,6,EF_CLASS,9,EF_GRID,0,EF_DAMAGE,90,EF_RANGE,0,EF_WTYPE,41,EF_ITEMGRADE,6
2573,Garra(Anct),837.0,42.8.0.0.9,43,530,64,0,7,EF_CLASS,9,EF_GRID,0,EF_DAMAGE,90,EF_RANGE,0,EF_WTYPE,41,EF_ITEMGRADE,6
2574,Garra(Anct),837.0,42.8.0.0.9,43,530,64,0,8,EF_CLASS,9,EF_GRID,0,EF_DAMAGE,90,EF_RANGE,0,EF_WTYPE,41,EF_ITEMGRADE,6
2575,Manopla_Cortante(Anct),838.0,55.19.0.0.26,43,1440,64,0,5,EF_CLASS,9,EF_GRID,0,EF_DAMAGE,125,EF_RANGE,0,EF_WTYPE,41,EF_ITEMGRADE,6
2576,Manopla_Cortante(Anct),838.0,55.19.0.0.26,43,1440,64,0,6,EF_CLASS,9,EF_GRID,0,EF_DAMAGE,125,EF_RANGE,0,EF_WTYPE,41,EF_ITEMGRADE,6
2577,Manopla_Cortante(Anct),838.0,55.19.0.0.26,43,1440,64,0,7,EF_CLASS,9,EF_GRID,0,EF_DAMAGE,125,EF_RANGE,0,EF_WTYPE,41,EF_ITEMGRADE,6
2578,Manopla_Cortante(Anct),838.0,55.19.0.0.26,43,1440,64,0,8,EF_CLASS,9,EF_GRID,0,EF_DAMAGE,125,EF_RANGE,0,EF_WTYPE,41,EF_ITEMGRADE,6
2579,Garra(Anct),840.0,69.30.0.0.43,43,3900,64,0,5,EF_CLASS,9,EF_GRID,0,EF_DAMAGE,154,EF_RANGE,0,EF_WTYPE,41,EF_AC,6,EF_ITEMGRADE,6
2580,Garra(Anct),840.0,69.30.0.0.43,43,3900,64,0,6,EF_CLASS,9,EF_GRID,0,EF_DAMAGE,154,EF_RANGE,0,EF_WTYPE,41,EF_AC,6,EF_ITEMGRADE,6
2581,Garra(Anct),840.0,69.30.0.0.43,43,3900,64,0,7,EF_CLASS,9,EF_GRID,0,EF_DAMAGE,154,EF_RANGE,0,EF_WTYPE,41,EF_AC,6,EF_ITEMGRADE,6
2582,Garra(Anct),840.0,69.30.0.0.43,43,3900,64,0,8,EF_CLASS,9,EF_GRID,0,EF_DAMAGE,154,EF_RANGE,0,EF_WTYPE,41,EF_AC,6,EF_ITEMGRADE,6
2583,Garra_Afiada(Anct),842.0,85.43.0.0.58,43,9200,64,0,5,EF_CLASS,255,EF_GRID,0,EF_DAMAGE,196,EF_RANGE,0,EF_WTYPE,41,EF_AC,10,EF_ITEMGRADE,6
2584,Garra_Afiada(Anct),842.0,85.43.0.0.58,43,9200,64,0,6,EF_CLASS,255,EF_GRID,0,EF_DAMAGE,196,EF_RANGE,0,EF_WTYPE,41,EF_AC,10,EF_ITEMGRADE,6
2585,Garra_Afiada(Anct),842.0,85.43.0.0.58,43,9200,64,0,7,EF_CLASS,255,EF_GRID,0,EF_DAMAGE,196,EF_RANGE,0,EF_WTYPE,41,EF_AC,10,EF_ITEMGRADE,6
2586,Garra_Afiada(Anct),842.0,85.43.0.0.58,43,9200,64,0,8,EF_CLASS,255,EF_GRID,0,EF_DAMAGE,196,EF_RANGE,0,EF_WTYPE,41,EF_AC,10,EF_ITEMGRADE,6
2587,Faca_Quimerica(Anct),843.0,114.58.0.0.82,43,20000,64,0,5,EF_CLASS,9,EF_GRID,0,EF_DAMAGE,270,EF_RANGE,0,EF_WTYPE,41,EF_AC,14,EF_ITEMGRADE,6
2588,Faca_Quimerica(Anct),843.0,114.58.0.0.82,43,20000,64,0,6,EF_CLASS,9,EF_GRID,0,EF_DAMAGE,270,EF_RANGE,0,EF_WTYPE,41,EF_AC,14,EF_ITEMGRADE,6
2589,Faca_Quimerica(Anct),843.0,114.58.0.0.82,43,20000,64,0,7,EF_CLASS,9,EF_GRID,0,EF_DAMAGE,270,EF_RANGE,0,EF_WTYPE,41,EF_AC,14,EF_ITEMGRADE,6
2590,Faca_Quimerica(Anct),843.0,114.58.0.0.82,43,20000,64,0,8,EF_CLASS,9,EF_GRID,0,EF_DAMAGE,270,EF_RANGE,0,EF_WTYPE,41,EF_AC,14,EF_ITEMGRADE,6
2591,Garra_da_Escuridão(Anct),844.0,134.74.0.0.105,43,49000,64,0,5,EF_CLASS,9,EF_GRID,0,EF_DAMAGE,306,EF_RANGE,0,EF_WTYPE,41,EF_AC,18,EF_ITEMGRADE,6
2592,Garra_da_Escuridão(Anct),844.0,134.74.0.0.105,43,49000,64,0,6,EF_CLASS,9,EF_GRID,0,EF_DAMAGE,306,EF_RANGE,0,EF_WTYPE,41,EF_AC,18,EF_ITEMGRADE,6
2593,Garra_da_Escuridão(Anct),844.0,134.74.0.0.105,43,49000,64,0,7,EF_CLASS,9,EF_GRID,0,EF_DAMAGE,306,EF_RANGE,0,EF_WTYPE,41,EF_AC,18,EF_ITEMGRADE,6
2594,Garra_da_Escuridão(Anct),844.0,134.74.0.0.105,43,49000,64,0,8,EF_CLASS,9,EF_GRID,0,EF_DAMAGE,306,EF_RANGE,0,EF_WTYPE,41,EF_AC,18,EF_ITEMGRADE,6
2595,Lança_Invisível(Anct),899.0,165.146.0.0.131,43,69000,64,0,5,EF_CLASS,9,EF_GRID,0,EF_DAMAGE,327,EF_RANGE,0,EF_WTYPE,41,EF_AC,22,EF_ITEMGRADE,6,EF_DEX,30
2596,Lança_Invisível(Anct),899.0,165.146.0.0.131,43,69000,64,0,6,EF_CLASS,9,EF_GRID,0,EF_DAMAGE,327,EF_RANGE,0,EF_WTYPE,41,EF_AC,22,EF_ITEMGRADE,6,EF_DEX,30
2597,Lança_Invisível(Anct),899.0,165.146.0.0.131,43,69000,64,0,7,EF_CLASS,9,EF_GRID,0,EF_DAMAGE,327,EF_RANGE,0,EF_WTYPE,41,EF_AC,22,EF_ITEMGRADE,6,EF_DEX,30
2598,Lança_Invisível(Anct),899.0,165.146.0.0.131,43,69000,64,0,8,EF_CLASS,9,EF_GRID,0,EF_DAMAGE,327,EF_RANGE,0,EF_WTYPE,41,EF_AC,22,EF_ITEMGRADE,6,EF_DEX,30
2599,Faca_Assassina(Anct),900.0,189.171.0.0.154,43,89000,64,0,5,EF_CLASS,9,EF_GRID,0,EF_DAMAGE,344,EF_RANGE,0,EF_WTYPE,41,EF_AC,26,EF_ITEMGRADE,6,EF_DEX,50
2600,Faca_Assassina(Anct),900.0,189.171.0.0.154,43,89000,64,0,6,EF_CLASS,9,EF_GRID,0,EF_DAMAGE,344,EF_RANGE,0,EF_WTYPE,41,EF_AC,26,EF_ITEMGRADE,6,EF_DEX,50
2601,Faca_Assassina(Anct),900.0,189.171.0.0.154,43,89000,64,0,7,EF_CLASS,9,EF_GRID,0,EF_DAMAGE,344,EF_RANGE,0,EF_WTYPE,41,EF_AC,26,EF_ITEMGRADE,6,EF_DEX,50
2602,Faca_Assassina(Anct),900.0,189.171.0.0.154,43,89000,64,0,8,EF_CLASS,9,EF_GRID,0,EF_DAMAGE,344,EF_RANGE,0,EF_WTYPE,41,EF_AC,26,EF_ITEMGRADE,6,EF_DEX,50
2603,Presas_de_Behemot(Anct),927.0,208.196.0.0.177,43,109000,64,0,5,EF_CLASS,9,EF_GRID,0,EF_DAMAGE,355,EF_RANGE,0,EF_WTYPE,41,EF_AC,30,EF_ITEMGRADE,6,EF_DEX,60
2604,Presas_de_Behemot(Anct),927.0,208.196.0.0.177,43,109000,64,0,6,EF_CLASS,9,EF_GRID,0,EF_DAMAGE,355,EF_RANGE,0,EF_WTYPE,41,EF_AC,30,EF_ITEMGRADE,6,EF_DEX,60
2605,Presas_de_Behemot(Anct),927.0,208.196.0.0.177,43,109000,64,0,7,EF_CLASS,9,EF_GRID,0,EF_DAMAGE,355,EF_RANGE,0,EF_WTYPE,41,EF_AC,30,EF_ITEMGRADE,6,EF_DEX,60
2606,Presas_de_Behemot(Anct),927.0,208.196.0.0.177,43,109000,64,0,8,EF_CLASS,9,EF_GRID,0,EF_DAMAGE,355,EF_RANGE,0,EF_WTYPE,41,EF_AC,30,EF_ITEMGRADE,6,EF_DEX,60
2607,Garra_Draconiana(Anct),34.0,222.219.0.0.192,43,129000,64,0,5,EF_CLASS,9,EF_GRID,0,EF_DAMAGE,367,EF_RANGE,0,EF_WTYPE,41,EF_AC,34,EF_ITEMGRADE,6,EF_DEX,90
2608,Garra_Draconiana(Anct),34.0,222.219.0.0.192,43,129000,64,0,6,EF_CLASS,9,EF_GRID,0,EF_DAMAGE,367,EF_RANGE,0,EF_WTYPE,41,EF_AC,34,EF_ITEMGRADE,6,EF_DEX,90
2609,Garra_Draconiana(Anct),34.0,222.219.0.0.192,43,129000,64,0,7,EF_CLASS,9,EF_GRID,0,EF_DAMAGE,367,EF_RANGE,0,EF_WTYPE,41,EF_AC,34,EF_ITEMGRADE,6,EF_DEX,90
2610,Garra_Draconiana(Anct),34.0,222.219.0.0.192,43,129000,64,0,8,EF_CLASS,9,EF_GRID,0,EF_DAMAGE,367,EF_RANGE,0,EF_WTYPE,41,EF_AC,34,EF_ITEMGRADE,6,EF_DEX,90
2611,Khyrius(Anct),763.0,312.0.0.0.0,43,650000,64,4708,5,EF_CLASS,255,EF_GRID,0,EF_DAMAGE,502,EF_RANGE,0,EF_WTYPE,41,EF_AC,80,EF_TRANS,1,EF_ITEMGRADE,6,EF_DEX,180
2612,Khyrius(Anct),763.0,312.0.0.0.0,43,650000,64,4709,6,EF_CLASS,255,EF_GRID,0,EF_DAMAGE,502,EF_RANGE,0,EF_WTYPE,41,EF_AC,80,EF_TRANS,1,EF_ITEMGRADE,6,EF_DEX,180
2613,Khyrius(Anct),763.0,312.0.0.0.0,43,650000,64,4710,7,EF_CLASS,255,EF_GRID,0,EF_DAMAGE,502,EF_RANGE,0,EF_WTYPE,41,EF_AC,80,EF_TRANS,1,EF_ITEMGRADE,6,EF_DEX,180
2614,Khyrius(Anct),763.0,312.0.0.0.0,43,650000,64,4711,8,EF_CLASS,255,EF_GRID,0,EF_DAMAGE,502,EF_RANGE,0,EF_WTYPE,41,EF_AC,80,EF_TRANS,1,EF_ITEMGRADE,6,EF_DEX,180
2631,Lança_Curta(Anct),854.0,43.8.9.0.0,44,250,64,0,5,EF_CLASS,5,EF_GRID,0,EF_DAMAGE,74,EF_RANGE,2,EF_WTYPE,21,EF_MAGIC,22,EF_ITEMGRADE,6
2632,Lança_Curta(Anct),854.0,43.8.9.0.0,44,250,64,0,6,EF_CLASS,5,EF_GRID,0,EF_DAMAGE,74,EF_RANGE,2,EF_WTYPE,21,EF_MAGIC,22,EF_ITEMGRADE,6
2633,Lança_Curta(Anct),854.0,43.8.9.0.0,44,250,64,0,7,EF_CLASS,5,EF_GRID,0,EF_DAMAGE,74,EF_RANGE,2,EF_WTYPE,21,EF_MAGIC,22,EF_ITEMGRADE,6
2634,Lança_Curta(Anct),854.0,43.8.9.0.0,44,250,64,0,8,EF_CLASS,5,EF_GRID,0,EF_DAMAGE,74,EF_RANGE,2,EF_WTYPE,21,EF_MAGIC,22,EF_ITEMGRADE,6
2635,Lança_Curva(Anct),856.0,57.18.23.0.0,44,4000,64,0,5,EF_CLASS,5,EF_GRID,0,EF_DAMAGE,98,EF_RANGE,2,EF_WTYPE,21,EF_MAGIC,26,EF_ITEMGRADE,6
2636,Lança_Curva(Anct),856.0,57.18.23.0.0,44,4000,64,0,6,EF_CLASS,5,EF_GRID,0,EF_DAMAGE,98,EF_RANGE,2,EF_WTYPE,21,EF_MAGIC,26,EF_ITEMGRADE,6
2637,Lança_Curva(Anct),856.0,57.18.23.0.0,44,4000,64,0,7,EF_CLASS,5,EF_GRID,0,EF_DAMAGE,98,EF_RANGE,2,EF_WTYPE,21,EF_MAGIC,26,EF_ITEMGRADE,6
2638,Lança_Curva(Anct),856.0,57.18.23.0.0,44,4000,64,0,8,EF_CLASS,5,EF_GRID,0,EF_DAMAGE,98,EF_RANGE,2,EF_WTYPE,21,EF_MAGIC,26,EF_ITEMGRADE,6
2639,Lança_do_Vento(Anct),858.0,71.24.37.0.0,44,9500,64,0,5,EF_CLASS,5,EF_GRID,0,EF_DAMAGE,122,EF_RANGE,2,EF_WTYPE,21,EF_MAGIC,30,EF_ITEMGRADE,6
2640,Lança_do_Vento(Anct),858.0,71.24.37.0.0,44,9500,64,0,6,EF_CLASS,5,EF_GRID,0,EF_DAMAGE,122,EF_RANGE,2,EF_WTYPE,21,EF_MAGIC,30,EF_ITEMGRADE,6
2641,Lança_do_Vento(Anct),858.0,71.24.37.0.0,44,9500,64,0,7,EF_CLASS,5,EF_GRID,0,EF_DAMAGE,122,EF_RANGE,2,EF_WTYPE,21,EF_MAGIC,30,EF_ITEMGRADE,6
2642,Lança_do_Vento(Anct),858.0,71.24.37.0.0,44,9500,64,0,8,EF_CLASS,5,EF_GRID,0,EF_DAMAGE,122,EF_RANGE,2,EF_WTYPE,21,EF_MAGIC,30,EF_ITEMGRADE,6
2643,Matadora_de_Dragão(Anct),859.0,87.33.53.0.0,44,21000,64,0,5,EF_CLASS,5,EF_GRID,0,EF_DAMAGE,149,EF_RANGE,2,EF_WTYPE,21,EF_MAGIC,35,EF_ITEMGRADE,6
2644,Matadora_de_Dragão(Anct),859.0,87.33.53.0.0,44,21000,64,0,6,EF_CLASS,5,EF_GRID,0,EF_DAMAGE,149,EF_RANGE,2,EF_WTYPE,21,EF_MAGIC,35,EF_ITEMGRADE,6
2645,Matadora_de_Dragão(Anct),859.0,87.33.53.0.0,44,21000,64,0,7,EF_CLASS,5,EF_GRID,0,EF_DAMAGE,149,EF_RANGE,2,EF_WTYPE,21,EF_MAGIC,35,EF_ITEMGRADE,6
2646,Matadora_de_Dragão(Anct),859.0,87.33.53.0.0,44,21000,64,0,8,EF_CLASS,5,EF_GRID,0,EF_DAMAGE,149,EF_RANGE,2,EF_WTYPE,21,EF_MAGIC,35,EF_ITEMGRADE,6
2647,Pochard_(Anct),860.0,116.42.72.0.0,44,40000,64,0,5,EF_CLASS,5,EF_GRID,0,EF_DAMAGE,168,EF_RANGE,2,EF_WTYPE,21,EF_MAGIC,39,EF_ITEMGRADE,6
2648,Pochard_(Anct),860.0,116.42.72.0.0,44,40000,64,0,6,EF_CLASS,5,EF_GRID,0,EF_DAMAGE,168,EF_RANGE,2,EF_WTYPE,21,EF_MAGIC,39,EF_ITEMGRADE,6
2649,Pochard_(Anct),860.0,116.42.72.0.0,44,40000,64,0,7,EF_CLASS,5,EF_GRID,0,EF_DAMAGE,168,EF_RANGE,2,EF_WTYPE,21,EF_MAGIC,39,EF_ITEMGRADE,6
2650,Pochard_(Anct),860.0,116.42.72.0.0,44,40000,64,0,8,EF_CLASS,5,EF_GRID,0,EF_DAMAGE,168,EF_RANGE,2,EF_WTYPE,21,EF_MAGIC,39,EF_ITEMGRADE,6
2651,Tridente(Anct),861.0,136.53.92.0.0,44,53000,64,0,5,EF_CLASS,5,EF_GRID,0,EF_DAMAGE,186,EF_RANGE,2,EF_WTYPE,21,EF_MAGIC,44,EF_ITEMGRADE,6
2652,Tridente(Anct),861.0,136.53.92.0.0,44,53000,64,0,6,EF_CLASS,5,EF_GRID,0,EF_DAMAGE,186,EF_RANGE,2,EF_WTYPE,21,EF_MAGIC,44,EF_ITEMGRADE,6
2653,Tridente(Anct),861.0,136.53.92.0.0,44,53000,64,0,7,EF_CLASS,5,EF_GRID,0,EF_DAMAGE,186,EF_RANGE,2,EF_WTYPE,21,EF_MAGIC,44,EF_ITEMGRADE,6
2654,Tridente(Anct),861.0,136.53.92.0.0,44,53000,64,0,8,EF_CLASS,5,EF_GRID,0,EF_DAMAGE,186,EF_RANGE,2,EF_WTYPE,21,EF_MAGIC,44,EF_ITEMGRADE,6
2655,Lança_da_Corrupção(Anct),862.0,167.94.166.0.0,44,73000,64,0,5,EF_CLASS,5,EF_GRID,0,EF_DAMAGE,218,EF_RANGE,2,EF_WTYPE,21,EF_MAGIC,49,EF_ITEMGRADE,6
2656,Lança_da_Corrupção(Anct),862.0,167.94.166.0.0,44,73000,64,0,6,EF_CLASS,5,EF_GRID,0,EF_DAMAGE,218,EF_RANGE,2,EF_WTYPE,21,EF_MAGIC,49,EF_ITEMGRADE,6
2657,Lança_da_Corrupção(Anct),862.0,167.94.166.0.0,44,73000,64,0,7,EF_CLASS,5,EF_GRID,0,EF_DAMAGE,218,EF_RANGE,2,EF_WTYPE,21,EF_MAGIC,49,EF_ITEMGRADE,6
2658,Lança_da_Corrupção(Anct),862.0,167.94.166.0.0,44,73000,64,0,8,EF_CLASS,5,EF_GRID,0,EF_DAMAGE,218,EF_RANGE,2,EF_WTYPE,21,EF_MAGIC,49,EF_ITEMGRADE,6
2659,Longinius(Anct),903.0,191.112.195.0.0,44,93000,64,0,5,EF_CLASS,5,EF_GRID,0,EF_DAMAGE,230,EF_RANGE,2,EF_WTYPE,21,EF_MAGIC,53,EF_ITEMGRADE,6
2660,Longinius(Anct),903.0,191.112.195.0.0,44,93000,64,0,6,EF_CLASS,5,EF_GRID,0,EF_DAMAGE,230,EF_RANGE,2,EF_WTYPE,21,EF_MAGIC,53,EF_ITEMGRADE,6
2661,Longinius(Anct),903.0,191.112.195.0.0,44,93000,64,0,7,EF_CLASS,5,EF_GRID,0,EF_DAMAGE,230,EF_RANGE,2,EF_WTYPE,21,EF_MAGIC,53,EF_ITEMGRADE,6
2662,Longinius(Anct),903.0,191.112.195.0.0,44,93000,64,0,8,EF_CLASS,5,EF_GRID,0,EF_DAMAGE,230,EF_RANGE,2,EF_WTYPE,21,EF_MAGIC,53,EF_ITEMGRADE,6
2663,Gungnir_(Anct),904.0,210.135.223.0.0,44,113000,64,0,5,EF_CLASS,5,EF_GRID,0,EF_DAMAGE,235,EF_RANGE,2,EF_WTYPE,21,EF_MAGIC,55,EF_ITEMGRADE,6
2664,Gungnir_(Anct),904.0,210.135.223.0.0,44,113000,64,0,6,EF_CLASS,5,EF_GRID,0,EF_DAMAGE,235,EF_RANGE,2,EF_WTYPE,21,EF_MAGIC,55,EF_ITEMGRADE,6
2665,Gungnir_(Anct),904.0,210.135.223.0.0,44,113000,64,0,7,EF_CLASS,5,EF_GRID,0,EF_DAMAGE,235,EF_RANGE,2,EF_WTYPE,21,EF_MAGIC,55,EF_ITEMGRADE,6
2666,Gungnir_(Anct),904.0,210.135.223.0.0,44,113000,64,0,8,EF_CLASS,5,EF_GRID,0,EF_DAMAGE,235,EF_RANGE,2,EF_WTYPE,21,EF_MAGIC,55,EF_ITEMGRADE,6
2667,Lança_do_Triunfo(Anct),35.0,223.145.243.0.0,44,133000,64,0,5,EF_CLASS,5,EF_GRID,0,EF_DAMAGE,242,EF_RANGE,2,EF_WTYPE,21,EF_MAGIC,57,EF_ITEMGRADE,6
2668,Lança_do_Triunfo(Anct),35.0,223.145.243.0.0,44,133000,64,0,6,EF_CLASS,5,EF_GRID,0,EF_DAMAGE,242,EF_RANGE,2,EF_WTYPE,21,EF_MAGIC,57,EF_ITEMGRADE,6
2669,Lança_do_Triunfo(Anct),35.0,223.145.243.0.0,44,133000,64,0,7,EF_CLASS,5,EF_GRID,0,EF_DAMAGE,242,EF_RANGE,2,EF_WTYPE,21,EF_MAGIC,57,EF_ITEMGRADE,6
2670,Lança_do_Triunfo(Anct),35.0,223.145.243.0.0,44,133000,64,0,8,EF_CLASS,5,EF_GRID,0,EF_DAMAGE,242,EF_RANGE,2,EF_WTYPE,21,EF_MAGIC,57,EF_ITEMGRADE,6
2671,Gleipnir(Anct),765.0,320.0.0.0.0,44,650000,64,4712,5,EF_CLASS,255,EF_GRID,0,EF_DAMAGE,269,EF_RANGE,2,EF_WTYPE,21,EF_MAGIC,85,EF_TRANS,1,EF_ITEMGRADE,6
2672,Gleipnir(Anct),765.0,320.0.0.0.0,44,650000,64,4713,6,EF_CLASS,255,EF_GRID,0,EF_DAMAGE,269,EF_RANGE,2,EF_WTYPE,21,EF_MAGIC,85,EF_TRANS,1,EF_ITEMGRADE,6
2673,Gleipnir(Anct),765.0,320.0.0.0.0,44,650000,64,4714,7,EF_CLASS,255,EF_GRID,0,EF_DAMAGE,269,EF_RANGE,2,EF_WTYPE,21,EF_MAGIC,85,EF_TRANS,1,EF_ITEMGRADE,6
2674,Gleipnir(Anct),765.0,320.0.0.0.0,44,650000,64,4715,8,EF_CLASS,255,EF_GRID,0,EF_DAMAGE,269,EF_RANGE,2,EF_WTYPE,21,EF_MAGIC,85,EF_TRANS,1,EF_ITEMGRADE,6
2691,Adaga(Anct),863.0,39.0.0.0.0,45,200,192,0,5,EF_CLASS,255,EF_GRID,0,EF_DAMAGE,72,EF_RANGE,1,EF_WTYPE,1,EF_ITEMGRADE,6
2692,Adaga(Anct),863.0,39.0.0.0.0,45,200,192,0,6,EF_CLASS,255,EF_GRID,0,EF_DAMAGE,72,EF_RANGE,1,EF_WTYPE,1,EF_ITEMGRADE,6
2693,Adaga(Anct),863.0,39.0.0.0.0,45,200,192,0,7,EF_CLASS,255,EF_GRID,0,EF_DAMAGE,72,EF_RANGE,1,EF_WTYPE,1,EF_ITEMGRADE,6
2694,Adaga(Anct),863.0,39.0.0.0.0,45,200,192,0,8,EF_CLASS,255,EF_GRID,0,EF_DAMAGE,72,EF_RANGE,1,EF_WTYPE,1,EF_ITEMGRADE,6
2695,Espada_Curta_(Anct),864.0,53.21.0.16.0,45,960,192,0,5,EF_CLASS,255,EF_GRID,0,EF_DAMAGE,96,EF_RANGE,1,EF_WTYPE,1,EF_ITEMGRADE,6
2696,Espada_Curta_(Anct),864.0,53.21.0.16.0,45,960,192,0,6,EF_CLASS,255,EF_GRID,0,EF_DAMAGE,96,EF_RANGE,1,EF_WTYPE,1,EF_ITEMGRADE,6
2697,Espada_Curta_(Anct),864.0,53.21.0.16.0,45,960,192,0,7,EF_CLASS,255,EF_GRID,0,EF_DAMAGE,96,EF_RANGE,1,EF_WTYPE,1,EF_ITEMGRADE,6
2698,Espada_Curta_(Anct),864.0,53.21.0.16.0,45,960,192,0,8,EF_CLASS,255,EF_GRID,0,EF_DAMAGE,96,EF_RANGE,1,EF_WTYPE,1,EF_ITEMGRADE,6
2699,Stiletto_(Anct),865.0,65.36.0.26.0,45,3200,192,0,5,EF_CLASS,255,EF_GRID,0,EF_DAMAGE,125,EF_RANGE,1,EF_WTYPE,1,EF_ITEMGRADE,6
2700,Stiletto_(Anct),865.0,65.36.0.26.0,45,3200,192,0,6,EF_CLASS,255,EF_GRID,0,EF_DAMAGE,125,EF_RANGE,1,EF_WTYPE,1,EF_ITEMGRADE,6
2701,Stiletto_(Anct),865.0,65.36.0.26.0,45,3200,192,0,7,EF_CLASS,255,EF_GRID,0,EF_DAMAGE,125,EF_RANGE,1,EF_WTYPE,1,EF_ITEMGRADE,6
2702,Stiletto_(Anct),865.0,65.36.0.26.0,45,3200,192,0,8,EF_CLASS,255,EF_GRID,0,EF_DAMAGE,125,EF_RANGE,1,EF_WTYPE,1,EF_ITEMGRADE,6
2703,Rapier_(Anct),866.0,78.51.0.36.0,45,8300,192,0,5,EF_CLASS,255,EF_GRID,0,EF_DAMAGE,163,EF_RANGE,1,EF_WTYPE,1,EF_ITEMGRADE,6
2704,Rapier_(Anct),866.0,78.51.0.36.0,45,8300,192,0,6,EF_CLASS,255,EF_GRID,0,EF_DAMAGE,163,EF_RANGE,1,EF_WTYPE,1,EF_ITEMGRADE,6
2705,Rapier_(Anct),866.0,78.51.0.36.0,45,8300,192,0,7,EF_CLASS,255,EF_GRID,0,EF_DAMAGE,163,EF_RANGE,1,EF_WTYPE,1,EF_ITEMGRADE,6
2706,Rapier_(Anct),866.0,78.51.0.36.0,45,8300,192,0,8,EF_CLASS,255,EF_GRID,0,EF_DAMAGE,163,EF_RANGE,1,EF_WTYPE,1,EF_ITEMGRADE,6
2707,Cimitarra(Anct),870.0,114.82.0.57.0,45,18000,192,0,5,EF_CLASS,255,EF_GRID,0,EF_DAMAGE,197,EF_RANGE,1,EF_WTYPE,1,EF_ITEMGRADE,6
2708,Cimitarra(Anct),870.0,114.82.0.57.0,45,18000,192,0,6,EF_CLASS,255,EF_GRID,0,EF_DAMAGE,197,EF_RANGE,1,EF_WTYPE,1,EF_ITEMGRADE,6
2709,Cimitarra(Anct),870.0,114.82.0.57.0,45,18000,192,0,7,EF_CLASS,255,EF_GRID,0,EF_DAMAGE,197,EF_RANGE,1,EF_WTYPE,1,EF_ITEMGRADE,6
2710,Cimitarra(Anct),870.0,114.82.0.57.0,45,18000,192,0,8,EF_CLASS,255,EF_GRID,0,EF_DAMAGE,197,EF_RANGE,1,EF_WTYPE,1,EF_ITEMGRADE,6
2711,Espada_em_Cruz(Anct),868.0,128.102.0.74.0,45,43000,192,0,5,EF_CLASS,255,EF_GRID,0,EF_DAMAGE,212,EF_RANGE,1,EF_WTYPE,1,EF_ITEMGRADE,6
2712,Espada_em_Cruz(Anct),868.0,128.102.0.74.0,45,43000,192,0,6,EF_CLASS,255,EF_GRID,0,EF_DAMAGE,212,EF_RANGE,1,EF_WTYPE,1,EF_ITEMGRADE,6
2713,Espada_em_Cruz(Anct),868.0,128.102.0.74.0,45,43000,192,0,7,EF_CLASS,255,EF_GRID,0,EF_DAMAGE,212,EF_RANGE,1,EF_WTYPE,1,EF_ITEMGRADE,6
2714,Espada_em_Cruz(Anct),868.0,128.102.0.74.0,45,43000,192,0,8,EF_CLASS,255,EF_GRID,0,EF_DAMAGE,212,EF_RANGE,1,EF_WTYPE,1,EF_ITEMGRADE,6
2715,Gladio(Anct),905.0,159.194.0.130.0,45,63000,192,0,5,EF_CLASS,255,EF_GRID,0,EF_DAMAGE,228,EF_RANGE,2,EF_WTYPE,1,EF_ITEMGRADE,6
2716,Gladio(Anct),905.0,159.194.0.130.0,45,63000,192,0,6,EF_CLASS,255,EF_GRID,0,EF_DAMAGE,228,EF_RANGE,2,EF_WTYPE,1,EF_ITEMGRADE,6
2717,Gladio(Anct),905.0,159.194.0.130.0,45,63000,192,0,7,EF_CLASS,255,EF_GRID,0,EF_DAMAGE,228,EF_RANGE,2,EF_WTYPE,1,EF_ITEMGRADE,6
2718,Gladio(Anct),905.0,159.194.0.130.0,45,63000,192,0,8,EF_CLASS,255,EF_GRID,0,EF_DAMAGE,228,EF_RANGE,2,EF_WTYPE,1,EF_ITEMGRADE,6
2719,Lâmina_Espiritual(Anct),906.0,183.232.0.158.0,45,83000,192,0,5,EF_CLASS,255,EF_GRID,0,EF_DAMAGE,241,EF_RANGE,2,EF_WTYPE,1,EF_ITEMGRADE,6
2720,Lâmina_Espiritual(Anct),906.0,183.232.0.158.0,45,83000,192,0,6,EF_CLASS,255,EF_GRID,0,EF_DAMAGE,241,EF_RANGE,2,EF_WTYPE,1,EF_ITEMGRADE,6
2721,Lâmina_Espiritual(Anct),906.0,183.232.0.158.0,45,83000,192,0,7,EF_CLASS,255,EF_GRID,0,EF_DAMAGE,241,EF_RANGE,2,EF_WTYPE,1,EF_ITEMGRADE,6
2722,Lâmina_Espiritual(Anct),906.0,183.232.0.158.0,45,83000,192,0,8,EF_CLASS,255,EF_GRID,0,EF_DAMAGE,241,EF_RANGE,2,EF_WTYPE,1,EF_ITEMGRADE,6
2723,Gram_(Anct),925.0,202.308.0.217.0,45,103000,192,0,5,EF_CLASS,255,EF_GRID,0,EF_DAMAGE,254,EF_RANGE,2,EF_WTYPE,1,EF_ITEMGRADE,6
2724,Gram_(Anct),925.0,202.308.0.217.0,45,103000,192,0,6,EF_CLASS,255,EF_GRID,0,EF_DAMAGE,254,EF_RANGE,2,EF_WTYPE,1,EF_ITEMGRADE,6
2725,Gram_(Anct),925.0,202.308.0.217.0,45,103000,192,0,7,EF_CLASS,255,EF_GRID,0,EF_DAMAGE,254,EF_RANGE,2,EF_WTYPE,1,EF_ITEMGRADE,6
2726,Gram_(Anct),925.0,202.308.0.217.0,45,103000,192,0,8,EF_CLASS,255,EF_GRID,0,EF_DAMAGE,254,EF_RANGE,2,EF_WTYPE,1,EF_ITEMGRADE,6
2727,Espada_Vorpal(Anct),36.0,221.395.0.268.0,45,123000,192,0,5,EF_CLASS,255,EF_GRID,0,EF_DAMAGE,268,EF_RANGE,2,EF_WTYPE,1,EF_ITEMGRADE,6
2728,Espada_Vorpal(Anct),36.0,221.395.0.268.0,45,123000,192,0,6,EF_CLASS,255,EF_GRID,0,EF_DAMAGE,268,EF_RANGE,2,EF_WTYPE,1,EF_ITEMGRADE,6
2729,Espada_Vorpal(Anct),36.0,221.395.0.268.0,45,123000,192,0,7,EF_CLASS,255,EF_GRID,0,EF_DAMAGE,268,EF_RANGE,2,EF_WTYPE,1,EF_ITEMGRADE,6
2730,Espada_Vorpal(Anct),36.0,221.395.0.268.0,45,123000,192,0,8,EF_CLASS,255,EF_GRID,0,EF_DAMAGE,268,EF_RANGE,2,EF_WTYPE,1,EF_ITEMGRADE,6
2731,Caliburn(Anct),766.0,315.0.0.0.0,45,650000,192,4716,5,EF_CLASS,255,EF_GRID,0,EF_DAMAGE,251,EF_RANGE,2,EF_WTYPE,1,EF_TRANS,1,EF_CRITICAL,20,EF_ITEMGRADE,6
2732,Caliburn(Anct),766.0,315.0.0.0.0,45,650000,192,4717,6,EF_CLASS,255,EF_GRID,0,EF_DAMAGE,251,EF_RANGE,2,EF_WTYPE,1,EF_TRANS,1,EF_CRITICAL,20,EF_ITEMGRADE,6
2733,Caliburn(Anct),766.0,315.0.0.0.0,45,650000,192,4718,7,EF_CLASS,255,EF_GRID,0,EF_DAMAGE,251,EF_RANGE,2,EF_WTYPE,1,EF_TRANS,1,EF_CRITICAL,20,EF_ITEMGRADE,6
2734,Caliburn(Anct),766.0,315.0.0.0.0,45,650000,192,4719,8,EF_CLASS,255,EF_GRID,0,EF_DAMAGE,251,EF_RANGE,2,EF_WTYPE,1,EF_TRANS,1,EF_CRITICAL,20,EF_ITEMGRADE,6
2751,Dardo(Anct),871.0,42.8.0.9.0,46,250,64,0,5,EF_CLASS,5,EF_GRID,0,EF_DAMAGE,96,EF_RANGE,4,EF_WTYPE,102,EF_ITEMGRADE,6
2752,Dardo(Anct),871.0,42.8.0.9.0,46,250,64,0,6,EF_CLASS,5,EF_GRID,0,EF_DAMAGE,96,EF_RANGE,4,EF_WTYPE,102,EF_ITEMGRADE,6
2753,Dardo(Anct),871.0,42.8.0.9.0,46,250,64,0,7,EF_CLASS,5,EF_GRID,0,EF_DAMAGE,96,EF_RANGE,4,EF_WTYPE,102,EF_ITEMGRADE,6
2754,Dardo(Anct),871.0,42.8.0.9.0,46,250,64,0,8,EF_CLASS,5,EF_GRID,0,EF_DAMAGE,96,EF_RANGE,4,EF_WTYPE,102,EF_ITEMGRADE,6
2755,Machado_de_Arremesso(Anct),873.0,55.20.0.27.0,46,950,64,0,5,EF_CLASS,5,EF_GRID,0,EF_DAMAGE,116,EF_RANGE,4,EF_WTYPE,103,EF_ITEMGRADE,6
2756,Machado_de_Arremesso(Anct),873.0,55.20.0.27.0,46,950,64,0,6,EF_CLASS,5,EF_GRID,0,EF_DAMAGE,116,EF_RANGE,4,EF_WTYPE,103,EF_ITEMGRADE,6
2757,Machado_de_Arremesso(Anct),873.0,55.20.0.27.0,46,950,64,0,7,EF_CLASS,5,EF_GRID,0,EF_DAMAGE,116,EF_RANGE,4,EF_WTYPE,103,EF_ITEMGRADE,6
2758,Machado_de_Arremesso(Anct),873.0,55.20.0.27.0,46,950,64,0,8,EF_CLASS,5,EF_GRID,0,EF_DAMAGE,116,EF_RANGE,4,EF_WTYPE,103,EF_ITEMGRADE,6
2759,Dardo_Místico(Anct),872.0,69.31.0.44.0,46,3000,64,0,5,EF_CLASS,5,EF_GRID,0,EF_DAMAGE,148,EF_RANGE,4,EF_WTYPE,102,EF_ATTSPEED,1,EF_ITEMGRADE,6
2760,Dardo_Místico(Anct),872.0,69.31.0.44.0,46,3000,64,0,6,EF_CLASS,5,EF_GRID,0,EF_DAMAGE,148,EF_RANGE,4,EF_WTYPE,102,EF_ATTSPEED,1,EF_ITEMGRADE,6
2761,Dardo_Místico(Anct),872.0,69.31.0.44.0,46,3000,64,0,7,EF_CLASS,5,EF_GRID,0,EF_DAMAGE,148,EF_RANGE,4,EF_WTYPE,102,EF_ATTSPEED,1,EF_ITEMGRADE,6
2762,Dardo_Místico(Anct),872.0,69.31.0.44.0,46,3000,64,0,8,EF_CLASS,5,EF_GRID,0,EF_DAMAGE,148,EF_RANGE,4,EF_WTYPE,102,EF_ATTSPEED,1,EF_ITEMGRADE,6
2763,Bumerangue_Cortante(Anct),875.0,85.44.0.63.0,46,7600,64,0,5,EF_CLASS,5,EF_GRID,0,EF_DAMAGE,175,EF_RANGE,4,EF_WTYPE,103,EF_ATTSPEED,1,EF_ITEMGRADE,6
2764,Bumerangue_Cortante(Anct),875.0,85.44.0.63.0,46,7600,64,0,6,EF_CLASS,5,EF_GRID,0,EF_DAMAGE,175,EF_RANGE,4,EF_WTYPE,103,EF_ATTSPEED,1,EF_ITEMGRADE,6
2765,Bumerangue_Cortante(Anct),875.0,85.44.0.63.0,46,7600,64,0,7,EF_CLASS,5,EF_GRID,0,EF_DAMAGE,175,EF_RANGE,4,EF_WTYPE,103,EF_ATTSPEED,1,EF_ITEMGRADE,6
2766,Bumerangue_Cortante(Anct),875.0,85.44.0.63.0,46,7600,64,0,8,EF_CLASS,5,EF_GRID,0,EF_DAMAGE,175,EF_RANGE,4,EF_WTYPE,103,EF_ATTSPEED,1,EF_ITEMGRADE,6
2767,Tomahawk_(Anct),874.0,114.59.0.86.0,46,17000,64,0,5,EF_CLASS,5,EF_GRID,0,EF_DAMAGE,207,EF_RANGE,4,EF_WTYPE,103,EF_ATTSPEED,1,EF_ITEMGRADE,6
2768,Tomahawk_(Anct),874.0,114.59.0.86.0,46,17000,64,0,6,EF_CLASS,5,EF_GRID,0,EF_DAMAGE,207,EF_RANGE,4,EF_WTYPE,103,EF_ATTSPEED,1,EF_ITEMGRADE,6
2769,Tomahawk_(Anct),874.0,114.59.0.86.0,46,17000,64,0,7,EF_CLASS,5,EF_GRID,0,EF_DAMAGE,207,EF_RANGE,4,EF_WTYPE,103,EF_ATTSPEED,1,EF_ITEMGRADE,6
2770,Tomahawk_(Anct),874.0,114.59.0.86.0,46,17000,64,0,8,EF_CLASS,5,EF_GRID,0,EF_DAMAGE,207,EF_RANGE,4,EF_WTYPE,103,EF_ATTSPEED,1,EF_ITEMGRADE,6
2771,Chakram_(Anct),876.0,134.75.0.110.0,46,42000,64,0,5,EF_CLASS,5,EF_GRID,0,EF_DAMAGE,233,EF_RANGE,4,EF_WTYPE,103,EF_ATTSPEED,1,EF_ITEMGRADE,6
2772,Chakram_(Anct),876.0,134.75.0.110.0,46,42000,64,0,6,EF_CLASS,5,EF_GRID,0,EF_DAMAGE,233,EF_RANGE,4,EF_WTYPE,103,EF_ATTSPEED,1,EF_ITEMGRADE,6
2773,Chakram_(Anct),876.0,134.75.0.110.0,46,42000,64,0,7,EF_CLASS,5,EF_GRID,0,EF_DAMAGE,233,EF_RANGE,4,EF_WTYPE,103,EF_ATTSPEED,1,EF_ITEMGRADE,6
2774,Chakram_(Anct),876.0,134.75.0.110.0,46,42000,64,0,8,EF_CLASS,5,EF_GRID,0,EF_DAMAGE,233,EF_RANGE,4,EF_WTYPE,103,EF_ATTSPEED,1,EF_ITEMGRADE,6
2775,Shamir_(Anct),877.0,165.148.0.158.0,46,62000,64,0,5,EF_CLASS,5,EF_GRID,0,EF_DAMAGE,249,EF_RANGE,4,EF_WTYPE,103,EF_ATTSPEED,1,EF_ITEMGRADE,6
2776,Shamir_(Anct),877.0,165.148.0.158.0,46,62000,64,0,6,EF_CLASS,5,EF_GRID,0,EF_DAMAGE,249,EF_RANGE,4,EF_WTYPE,103,EF_ATTSPEED,1,EF_ITEMGRADE,6
2777,Shamir_(Anct),877.0,165.148.0.158.0,46,62000,64,0,7,EF_CLASS,5,EF_GRID,0,EF_DAMAGE,249,EF_RANGE,4,EF_WTYPE,103,EF_ATTSPEED,1,EF_ITEMGRADE,6
2778,Shamir_(Anct),877.0,165.148.0.158.0,46,62000,64,0,8,EF_CLASS,5,EF_GRID,0,EF_DAMAGE,249,EF_RANGE,4,EF_WTYPE,103,EF_ATTSPEED,1,EF_ITEMGRADE,6
2779,Faca_Astaroth(Anct),907.0,189.171.0.185.0,46,82000,64,0,5,EF_CLASS,5,EF_GRID,0,EF_DAMAGE,261,EF_RANGE,4,EF_WTYPE,103,EF_ATTSPEED,1,EF_ITEMGRADE,6
2780,Faca_Astaroth(Anct),907.0,189.171.0.185.0,46,82000,64,0,6,EF_CLASS,5,EF_GRID,0,EF_DAMAGE,261,EF_RANGE,4,EF_WTYPE,103,EF_ATTSPEED,1,EF_ITEMGRADE,6
2781,Faca_Astaroth(Anct),907.0,189.171.0.185.0,46,82000,64,0,7,EF_CLASS,5,EF_GRID,0,EF_DAMAGE,261,EF_RANGE,4,EF_WTYPE,103,EF_ATTSPEED,1,EF_ITEMGRADE,6
2782,Faca_Astaroth(Anct),907.0,189.171.0.185.0,46,82000,64,0,8,EF_CLASS,5,EF_GRID,0,EF_DAMAGE,261,EF_RANGE,4,EF_WTYPE,103,EF_ATTSPEED,1,EF_ITEMGRADE,6
2783,Lança_Relâmpago(Anct),908.0,208.215.0.212.0,46,102000,64,0,5,EF_CLASS,5,EF_GRID,0,EF_DAMAGE,274,EF_RANGE,4,EF_WTYPE,103,EF_ATTSPEED,1,EF_ITEMGRADE,6
2784,Lança_Relâmpago(Anct),908.0,208.215.0.212.0,46,102000,64,0,6,EF_CLASS,5,EF_GRID,0,EF_DAMAGE,274,EF_RANGE,4,EF_WTYPE,103,EF_ATTSPEED,1,EF_ITEMGRADE,6
2785,Lança_Relâmpago(Anct),908.0,208.215.0.212.0,46,102000,64,0,7,EF_CLASS,5,EF_GRID,0,EF_DAMAGE,274,EF_RANGE,4,EF_WTYPE,103,EF_ATTSPEED,1,EF_ITEMGRADE,6
2786,Lança_Relâmpago(Anct),908.0,208.215.0.212.0,46,102000,64,0,8,EF_CLASS,5,EF_GRID,0,EF_DAMAGE,274,EF_RANGE,4,EF_WTYPE,103,EF_ATTSPEED,1,EF_ITEMGRADE,6
2787,Cruz_Sagrada(Anct),37.0,222.256.0.237.0,46,122000,64,0,5,EF_CLASS,5,EF_GRID,0,EF_DAMAGE,288,EF_RANGE,4,EF_WTYPE,103,EF_ATTSPEED,1,EF_ITEMGRADE,6
2788,Cruz_Sagrada(Anct),37.0,222.256.0.237.0,46,122000,64,0,6,EF_CLASS,5,EF_GRID,0,EF_DAMAGE,288,EF_RANGE,4,EF_WTYPE,103,EF_ATTSPEED,1,EF_ITEMGRADE,6
2789,Cruz_Sagrada(Anct),37.0,222.256.0.237.0,46,122000,64,0,7,EF_CLASS,5,EF_GRID,0,EF_DAMAGE,288,EF_RANGE,4,EF_WTYPE,103,EF_ATTSPEED,1,EF_ITEMGRADE,6
2790,Cruz_Sagrada(Anct),37.0,222.256.0.237.0,46,122000,64,0,8,EF_CLASS,5,EF_GRID,0,EF_DAMAGE,288,EF_RANGE,4,EF_WTYPE,103,EF_ATTSPEED,1,EF_ITEMGRADE,6
2791,Hermai(Anct),767.0,314.0.0.0.0,46,650000,64,4720,5,EF_CLASS,255,EF_GRID,0,EF_DAMAGE,412,EF_RANGE,4,EF_WTYPE,103,EF_ATTSPEED,1,EF_TRANS,1,EF_ITEMGRADE,6
2792,Hermai(Anct),767.0,314.0.0.0.0,46,650000,64,4721,6,EF_CLASS,255,EF_GRID,0,EF_DAMAGE,412,EF_RANGE,4,EF_WTYPE,103,EF_ATTSPEED,1,EF_TRANS,1,EF_ITEMGRADE,6
2793,Hermai(Anct),767.0,314.0.0.0.0,46,650000,64,4722,7,EF_CLASS,255,EF_GRID,0,EF_DAMAGE,412,EF_RANGE,4,EF_WTYPE,103,EF_ATTSPEED,1,EF_TRANS,1,EF_ITEMGRADE,6
2794,Hermai(Anct),767.0,314.0.0.0.0,46,650000,64,4723,8,EF_CLASS,255,EF_GRID,0,EF_DAMAGE,412,EF_RANGE,4,EF_WTYPE,103,EF_ATTSPEED,1,EF_TRANS,1,EF_ITEMGRADE,6
2811,Cajado_de_Madeira(Anct),881.0,39.0.0.0.0,47,200,192,0,5,EF_CLASS,2,EF_GRID,0,EF_DAMAGE,4,EF_RANGE,1,EF_WTYPE,31,EF_MAGIC,25,EF_ITEMGRADE,6
2812,Cajado_de_Madeira(Anct),881.0,39.0.0.0.0,47,200,192,0,6,EF_CLASS,2,EF_GRID,0,EF_DAMAGE,4,EF_RANGE,1,EF_WTYPE,31,EF_MAGIC,25,EF_ITEMGRADE,6
2813,Cajado_de_Madeira(Anct),881.0,39.0.0.0.0,47,200,192,0,7,EF_CLASS,2,EF_GRID,0,EF_DAMAGE,4,EF_RANGE,1,EF_WTYPE,31,EF_MAGIC,25,EF_ITEMGRADE,6
2814,Cajado_de_Madeira(Anct),881.0,39.0.0.0.0,47,200,192,0,8,EF_CLASS,2,EF_GRID,0,EF_DAMAGE,4,EF_RANGE,1,EF_WTYPE,31,EF_MAGIC,25,EF_ITEMGRADE,6
2815,Varinha_da_Guerra(Anct),832.0,56.14.30.0.0,47,4000,64,0,5,EF_CLASS,2,EF_GRID,0,EF_DAMAGE,21,EF_RANGE,2,EF_WTYPE,32,EF_MAGIC,29,EF_ITEMGRADE,6
2816,Varinha_da_Guerra(Anct),832.0,56.14.30.0.0,47,4000,64,0,6,EF_CLASS,2,EF_GRID,0,EF_DAMAGE,21,EF_RANGE,2,EF_WTYPE,32,EF_MAGIC,29,EF_ITEMGRADE,6
2817,Varinha_da_Guerra(Anct),832.0,56.14.30.0.0,47,4000,64,0,7,EF_CLASS,2,EF_GRID,0,EF_DAMAGE,21,EF_RANGE,2,EF_WTYPE,32,EF_MAGIC,29,EF_ITEMGRADE,6
2818,Varinha_da_Guerra(Anct),832.0,56.14.30.0.0,47,4000,64,0,8,EF_CLASS,2,EF_GRID,0,EF_DAMAGE,21,EF_RANGE,2,EF_WTYPE,32,EF_MAGIC,29,EF_ITEMGRADE,6
2819,Cajado_Cortante(Anct),833.0,70.21.51.0.0,47,9500,64,0,5,EF_CLASS,2,EF_GRID,0,EF_DAMAGE,36,EF_RANGE,2,EF_WTYPE,32,EF_MAGIC,33,EF_ITEMGRADE,6
2820,Cajado_Cortante(Anct),833.0,70.21.51.0.0,47,9500,64,0,6,EF_CLASS,2,EF_GRID,0,EF_DAMAGE,36,EF_RANGE,2,EF_WTYPE,32,EF_MAGIC,33,EF_ITEMGRADE,6
2821,Cajado_Cortante(Anct),833.0,70.21.51.0.0,47,9500,64,0,7,EF_CLASS,2,EF_GRID,0,EF_DAMAGE,36,EF_RANGE,2,EF_WTYPE,32,EF_MAGIC,33,EF_ITEMGRADE,6
2822,Cajado_Cortante(Anct),833.0,70.21.51.0.0,47,9500,64,0,8,EF_CLASS,2,EF_GRID,0,EF_DAMAGE,36,EF_RANGE,2,EF_WTYPE,32,EF_MAGIC,33,EF_ITEMGRADE,6
2823,Bastão_Serpente(Anct),884.0,86.29.75.0.0,47,20000,192,0,5,EF_CLASS,2,EF_GRID,0,EF_DAMAGE,59,EF_RANGE,1,EF_WTYPE,31,EF_MAGIC,20,EF_ITEMGRADE,6
2824,Bastão_Serpente(Anct),884.0,86.29.75.0.0,47,20000,192,0,6,EF_CLASS,2,EF_GRID,0,EF_DAMAGE,59,EF_RANGE,1,EF_WTYPE,31,EF_MAGIC,20,EF_ITEMGRADE,6
2825,Bastão_Serpente(Anct),884.0,86.29.75.0.0,47,20000,192,0,7,EF_CLASS,2,EF_GRID,0,EF_DAMAGE,59,EF_RANGE,1,EF_WTYPE,31,EF_MAGIC,20,EF_ITEMGRADE,6
2826,Bastão_Serpente(Anct),884.0,86.29.75.0.0,47,20000,192,0,8,EF_CLASS,2,EF_GRID,0,EF_DAMAGE,59,EF_RANGE,1,EF_WTYPE,31,EF_MAGIC,20,EF_ITEMGRADE,6
2827,Cajado_Silencioso(Anct),834.0,115.38.103.0.0,47,35000,64,0,5,EF_CLASS,2,EF_GRID,0,EF_DAMAGE,86,EF_RANGE,2,EF_WTYPE,32,EF_MAGIC,42,EF_ITEMGRADE,6
2828,Cajado_Silencioso(Anct),834.0,115.38.103.0.0,47,35000,64,0,6,EF_CLASS,2,EF_GRID,0,EF_DAMAGE,86,EF_RANGE,2,EF_WTYPE,32,EF_MAGIC,42,EF_ITEMGRADE,6
2829,Cajado_Silencioso(Anct),834.0,115.38.103.0.0,47,35000,64,0,7,EF_CLASS,2,EF_GRID,0,EF_DAMAGE,86,EF_RANGE,2,EF_WTYPE,32,EF_MAGIC,42,EF_ITEMGRADE,6
2830,Cajado_Silencioso(Anct),834.0,115.38.103.0.0,47,35000,64,0,8,EF_CLASS,2,EF_GRID,0,EF_DAMAGE,86,EF_RANGE,2,EF_WTYPE,32,EF_MAGIC,42,EF_ITEMGRADE,6
2831,Varinha_Falcon(Anct),835.0,135.48.133.0.0,47,48000,64,0,5,EF_CLASS,2,EF_GRID,0,EF_DAMAGE,107,EF_RANGE,2,EF_WTYPE,32,EF_MAGIC,46,EF_ITEMGRADE,6
2832,Varinha_Falcon(Anct),835.0,135.48.133.0.0,47,48000,64,0,6,EF_CLASS,2,EF_GRID,0,EF_DAMAGE,107,EF_RANGE,2,EF_WTYPE,32,EF_MAGIC,46,EF_ITEMGRADE,6
2833,Varinha_Falcon(Anct),835.0,135.48.133.0.0,47,48000,64,0,7,EF_CLASS,2,EF_GRID,0,EF_DAMAGE,107,EF_RANGE,2,EF_WTYPE,32,EF_MAGIC,46,EF_ITEMGRADE,6
2834,Varinha_Falcon(Anct),835.0,135.48.133.0.0,47,48000,64,0,8,EF_CLASS,2,EF_GRID,0,EF_DAMAGE,107,EF_RANGE,2,EF_WTYPE,32,EF_MAGIC,46,EF_ITEMGRADE,6
2835,Cajado_do_Santo(Anct),836.0,166.90.239.0.0,47,68000,64,0,5,EF_CLASS,2,EF_GRID,0,EF_DAMAGE,133,EF_RANGE,2,EF_WTYPE,32,EF_MAGIC,50,EF_ITEMGRADE,6
2836,Cajado_do_Santo(Anct),836.0,166.90.239.0.0,47,68000,64,0,6,EF_CLASS,2,EF_GRID,0,EF_DAMAGE,133,EF_RANGE,2,EF_WTYPE,32,EF_MAGIC,50,EF_ITEMGRADE,6
2837,Cajado_do_Santo(Anct),836.0,166.90.239.0.0,47,68000,64,0,7,EF_CLASS,2,EF_GRID,0,EF_DAMAGE,133,EF_RANGE,2,EF_WTYPE,32,EF_MAGIC,50,EF_ITEMGRADE,6
2838,Cajado_do_Santo(Anct),836.0,166.90.239.0.0,47,68000,64,0,8,EF_CLASS,2,EF_GRID,0,EF_DAMAGE,133,EF_RANGE,2,EF_WTYPE,32,EF_MAGIC,50,EF_ITEMGRADE,6
2839,Varinha_Alada(Anct),898.0,190.108.325.0.0,47,88000,64,0,5,EF_CLASS,2,EF_GRID,0,EF_DAMAGE,163,EF_RANGE,2,EF_WTYPE,32,EF_MAGIC,54,EF_ITEMGRADE,6
2840,Varinha_Alada(Anct),898.0,190.108.325.0.0,47,88000,64,0,6,EF_CLASS,2,EF_GRID,0,EF_DAMAGE,163,EF_RANGE,2,EF_WTYPE,32,EF_MAGIC,54,EF_ITEMGRADE,6
2841,Varinha_Alada(Anct),898.0,190.108.325.0.0,47,88000,64,0,7,EF_CLASS,2,EF_GRID,0,EF_DAMAGE,163,EF_RANGE,2,EF_WTYPE,32,EF_MAGIC,54,EF_ITEMGRADE,6
2842,Varinha_Alada(Anct),898.0,190.108.325.0.0,47,88000,64,0,8,EF_CLASS,2,EF_GRID,0,EF_DAMAGE,163,EF_RANGE,2,EF_WTYPE,32,EF_MAGIC,54,EF_ITEMGRADE,6
2843,Olho_do_Carbunkle(Anct),926.0,209.131.388.0.0,47,108000,64,0,5,EF_CLASS,2,EF_GRID,0,EF_DAMAGE,195,EF_RANGE,2,EF_WTYPE,32,EF_MAGIC,57,EF_ITEMGRADE,6
2844,Olho_do_Carbunkle(Anct),926.0,209.131.388.0.0,47,108000,64,0,6,EF_CLASS,2,EF_GRID,0,EF_DAMAGE,195,EF_RANGE,2,EF_WTYPE,32,EF_MAGIC,57,EF_ITEMGRADE,6
2845,Olho_do_Carbunkle(Anct),926.0,209.131.388.0.0,47,108000,64,0,7,EF_CLASS,2,EF_GRID,0,EF_DAMAGE,195,EF_RANGE,2,EF_WTYPE,32,EF_MAGIC,57,EF_ITEMGRADE,6
2846,Olho_do_Carbunkle(Anct),926.0,209.131.388.0.0,47,108000,64,0,8,EF_CLASS,2,EF_GRID,0,EF_DAMAGE,195,EF_RANGE,2,EF_WTYPE,32,EF_MAGIC,57,EF_ITEMGRADE,6
2847,Fúria_Divina(Anct),33.0,222.147.446.0.0,47,128000,64,0,5,EF_CLASS,2,EF_GRID,0,EF_DAMAGE,223,EF_RANGE,2,EF_WTYPE,32,EF_MAGIC,60,EF_ITEMGRADE,6
2848,Fúria_Divina(Anct),33.0,222.147.446.0.0,47,128000,64,0,6,EF_CLASS,2,EF_GRID,0,EF_DAMAGE,223,EF_RANGE,2,EF_WTYPE,32,EF_MAGIC,60,EF_ITEMGRADE,6
2849,Fúria_Divina(Anct),33.0,222.147.446.0.0,47,128000,64,0,7,EF_CLASS,2,EF_GRID,0,EF_DAMAGE,223,EF_RANGE,2,EF_WTYPE,32,EF_MAGIC,60,EF_ITEMGRADE,6
2850,Fúria_Divina(Anct),33.0,222.147.446.0.0,47,128000,64,0,8,EF_CLASS,2,EF_GRID,0,EF_DAMAGE,223,EF_RANGE,2,EF_WTYPE,32,EF_MAGIC,60,EF_ITEMGRADE,6
2851,Cajado_da_Jóia_Azul(Anct),915.0,161.56.157.0.0,47,46000,192,0,5,EF_CLASS,2,EF_GRID,0,EF_DAMAGE,110,EF_RANGE,1,EF_WTYPE,31,EF_MAGIC,28,EF_ITEMGRADE,6
2852,Cajado_da_Jóia_Azul(Anct),915.0,161.56.157.0.0,47,46000,192,0,6,EF_CLASS,2,EF_GRID,0,EF_DAMAGE,110,EF_RANGE,1,EF_WTYPE,31,EF_MAGIC,28,EF_ITEMGRADE,6
2853,Cajado_da_Jóia_Azul(Anct),915.0,161.56.157.0.0,47,46000,192,0,7,EF_CLASS,2,EF_GRID,0,EF_DAMAGE,110,EF_RANGE,1,EF_WTYPE,31,EF_MAGIC,28,EF_ITEMGRADE,6
2854,Cajado_da_Jóia_Azul(Anct),915.0,161.56.157.0.0,47,46000,192,0,8,EF_CLASS,2,EF_GRID,0,EF_DAMAGE,110,EF_RANGE,1,EF_WTYPE,31,EF_MAGIC,28,EF_ITEMGRADE,6
2855,Cajado_de_Âmbar(Anct),916.0,215.81.231.0.0,47,85000,192,0,5,EF_CLASS,2,EF_GRID,0,EF_DAMAGE,162,EF_RANGE,1,EF_WTYPE,31,EF_MAGIC,34,EF_ITEMGRADE,6
2856,Cajado_de_Âmbar(Anct),916.0,215.81.231.0.0,47,85000,192,0,6,EF_CLASS,2,EF_GRID,0,EF_DAMAGE,162,EF_RANGE,1,EF_WTYPE,31,EF_MAGIC,34,EF_ITEMGRADE,6
2857,Cajado_de_Âmbar(Anct),916.0,215.81.231.0.0,47,85000,192,0,7,EF_CLASS,2,EF_GRID,0,EF_DAMAGE,162,EF_RANGE,1,EF_WTYPE,31,EF_MAGIC,34,EF_ITEMGRADE,6
2858,Cajado_de_Âmbar(Anct),916.0,215.81.231.0.0,47,85000,192,0,8,EF_CLASS,2,EF_GRID,0,EF_DAMAGE,162,EF_RANGE,1,EF_WTYPE,31,EF_MAGIC,34,EF_ITEMGRADE,6
2859,Neorion(Anct),768.0,315.0.0.0.0,47,650000,192,4724,5,EF_CLASS,255,EF_GRID,0,EF_DAMAGE,180,EF_RANGE,1,EF_WTYPE,31,EF_MAGIC,60,EF_TRANS,1,EF_ITEMGRADE,6
2860,Neorion(Anct),768.0,315.0.0.0.0,47,650000,192,4725,6,EF_CLASS,255,EF_GRID,0,EF_DAMAGE,180,EF_RANGE,1,EF_WTYPE,31,EF_MAGIC,60,EF_TRANS,1,EF_ITEMGRADE,6
2861,Neorion(Anct),768.0,315.0.0.0.0,47,650000,192,4726,7,EF_CLASS,255,EF_GRID,0,EF_DAMAGE,180,EF_RANGE,1,EF_WTYPE,31,EF_MAGIC,60,EF_TRANS,1,EF_ITEMGRADE,6
2862,Neorion(Anct),768.0,315.0.0.0.0,47,650000,192,4727,8,EF_CLASS,255,EF_GRID,0,EF_DAMAGE,180,EF_RANGE,1,EF_WTYPE,31,EF_MAGIC,60,EF_TRANS,1,EF_ITEMGRADE,6
2863,Eirenus(Anct),761.0,319.0.0.0.0,47,650000,64,4728,5,EF_CLASS,2,EF_GRID,0,EF_DAMAGE,230,EF_RANGE,2,EF_WTYPE,32,EF_MAGIC,86,EF_TRANS,1,EF_ITEMGRADE,6
2864,Eirenus(Anct),761.0,319.0.0.0.0,47,650000,64,4729,6,EF_CLASS,2,EF_GRID,0,EF_DAMAGE,230,EF_RANGE,2,EF_WTYPE,32,EF_MAGIC,86,EF_TRANS,1,EF_ITEMGRADE,6
2865,Eirenus(Anct),761.0,319.0.0.0.0,47,650000,64,4730,7,EF_CLASS,2,EF_GRID,0,EF_DAMAGE,230,EF_RANGE,2,EF_WTYPE,32,EF_MAGIC,86,EF_TRANS,1,EF_ITEMGRADE,6
2866,Eirenus(Anct),761.0,319.0.0.0.0,47,650000,64,4731,8,EF_CLASS,2,EF_GRID,0,EF_DAMAGE,230,EF_RANGE,2,EF_WTYPE,32,EF_MAGIC,86,EF_TRANS,1,EF_ITEMGRADE,6
2871,Espada_Longa(Anct),886.0,94.80.0.41.0,45,10000,192,0,5,EF_CLASS,1,EF_GRID,0,EF_DAMAGE,170,EF_RANGE,2,EF_WTYPE,1,EF_ITEMGRADE,6
2872,Espada_Longa(Anct),886.0,94.80.0.41.0,45,10000,192,0,6,EF_CLASS,1,EF_GRID,0,EF_DAMAGE,170,EF_RANGE,2,EF_WTYPE,1,EF_ITEMGRADE,6
2873,Espada_Longa(Anct),886.0,94.80.0.41.0,45,10000,192,0,7,EF_CLASS,1,EF_GRID,0,EF_DAMAGE,170,EF_RANGE,2,EF_WTYPE,1,EF_ITEMGRADE,6
2874,Espada_Longa(Anct),886.0,94.80.0.41.0,45,10000,192,0,8,EF_CLASS,1,EF_GRID,0,EF_DAMAGE,170,EF_RANGE,2,EF_WTYPE,1,EF_ITEMGRADE,6
2875,Espada_Bastarda(Anct),887.0,144.150.0.75.0,45,30000,192,0,5,EF_CLASS,1,EF_GRID,0,EF_DAMAGE,265,EF_RANGE,2,EF_WTYPE,1,EF_ITEMGRADE,6
2876,Espada_Bastarda(Anct),887.0,144.150.0.75.0,45,30000,192,0,6,EF_CLASS,1,EF_GRID,0,EF_DAMAGE,265,EF_RANGE,2,EF_WTYPE,1,EF_ITEMGRADE,6
2877,Espada_Bastarda(Anct),887.0,144.150.0.75.0,45,30000,192,0,7,EF_CLASS,1,EF_GRID,0,EF_DAMAGE,265,EF_RANGE,2,EF_WTYPE,1,EF_ITEMGRADE,6
2878,Espada_Bastarda(Anct),887.0,144.150.0.75.0,45,30000,192,0,8,EF_CLASS,1,EF_GRID,0,EF_DAMAGE,265,EF_RANGE,2,EF_WTYPE,1,EF_ITEMGRADE,6
2879,Espada_Larga(Anct),829.0,139.170.0.80.0,48,60000,64,0,5,EF_CLASS,1,EF_GRID,0,EF_DAMAGE,357,EF_RANGE,2,EF_WTYPE,3,EF_ITEMGRADE,6,EF_STR,30
2880,Espada_Larga(Anct),829.0,139.170.0.80.0,48,60000,64,0,6,EF_CLASS,1,EF_GRID,0,EF_DAMAGE,357,EF_RANGE,2,EF_WTYPE,3,EF_ITEMGRADE,6,EF_STR,30
2881,Espada_Larga(Anct),829.0,139.170.0.80.0,48,60000,64,0,7,EF_CLASS,1,EF_GRID,0,EF_DAMAGE,357,EF_RANGE,2,EF_WTYPE,3,EF_ITEMGRADE,6,EF_STR,30
2882,Espada_Larga(Anct),829.0,139.170.0.80.0,48,60000,64,0,8,EF_CLASS,1,EF_GRID,0,EF_DAMAGE,357,EF_RANGE,2,EF_WTYPE,3,EF_ITEMGRADE,6,EF_STR,30
2883,Lâmina_Dupla(Anct),830.0,177.312.0.108.0,48,90000,64,0,5,EF_CLASS,1,EF_GRID,0,EF_DAMAGE,376,EF_RANGE,2,EF_WTYPE,3,EF_ITEMGRADE,6,EF_STR,60
2884,Lâmina_Dupla(Anct),830.0,177.312.0.108.0,48,90000,64,0,6,EF_CLASS,1,EF_GRID,0,EF_DAMAGE,376,EF_RANGE,2,EF_WTYPE,3,EF_ITEMGRADE,6,EF_STR,60
2885,Lâmina_Dupla(Anct),830.0,177.312.0.108.0,48,90000,64,0,7,EF_CLASS,1,EF_GRID,0,EF_DAMAGE,376,EF_RANGE,2,EF_WTYPE,3,EF_ITEMGRADE,6,EF_STR,60
2886,Lâmina_Dupla(Anct),830.0,177.312.0.108.0,48,90000,64,0,8,EF_CLASS,1,EF_GRID,0,EF_DAMAGE,376,EF_RANGE,2,EF_WTYPE,3,EF_ITEMGRADE,6,EF_STR,60
2887,Luna(Anct),897.0,204.456.0.135.0,48,120000,64,0,5,EF_CLASS,1,EF_GRID,0,EF_DAMAGE,395,EF_RANGE,2,EF_WTYPE,3,EF_ITEMGRADE,6,EF_STR,90
2888,Luna(Anct),897.0,204.456.0.135.0,48,120000,64,0,6,EF_CLASS,1,EF_GRID,0,EF_DAMAGE,395,EF_RANGE,2,EF_WTYPE,3,EF_ITEMGRADE,6,EF_STR,90
2889,Luna(Anct),897.0,204.456.0.135.0,48,120000,64,0,7,EF_CLASS,1,EF_GRID,0,EF_DAMAGE,395,EF_RANGE,2,EF_WTYPE,3,EF_ITEMGRADE,6,EF_STR,90
2890,Luna(Anct),897.0,204.456.0.135.0,48,120000,64,0,8,EF_CLASS,1,EF_GRID,0,EF_DAMAGE,395,EF_RANGE,2,EF_WTYPE,3,EF_ITEMGRADE,6,EF_STR,90
2891,Solaris(Anct),38.0,224.522.0.158.0,48,150000,64,0,5,EF_CLASS,1,EF_GRID,0,EF_DAMAGE,416,EF_RANGE,2,EF_WTYPE,3,EF_ITEMGRADE,6,EF_STR,120
2892,Solaris(Anct),38.0,224.522.0.158.0,48,150000,64,0,6,EF_CLASS,1,EF_GRID,0,EF_DAMAGE,416,EF_RANGE,2,EF_WTYPE,3,EF_ITEMGRADE,6,EF_STR,120
2893,Solaris(Anct),38.0,224.522.0.158.0,48,150000,64,0,7,EF_CLASS,1,EF_GRID,0,EF_DAMAGE,416,EF_RANGE,2,EF_WTYPE,3,EF_ITEMGRADE,6,EF_STR,120
2894,Solaris(Anct),38.0,224.522.0.158.0,48,150000,64,0,8,EF_CLASS,1,EF_GRID,0,EF_DAMAGE,416,EF_RANGE,2,EF_WTYPE,3,EF_ITEMGRADE,6,EF_STR,120
2895,Thrasytes(Anct),760.0,320.0.0.0.0,48,650000,64,4732,5,EF_CLASS,255,EF_GRID,0,EF_DAMAGE,443,EF_RANGE,2,EF_WTYPE,3,EF_TRANS,1,EF_ITEMGRADE,6,EF_STR,220
2896,Thrasytes(Anct),760.0,320.0.0.0.0,48,650000,64,4733,6,EF_CLASS,255,EF_GRID,0,EF_DAMAGE,443,EF_RANGE,2,EF_WTYPE,3,EF_TRANS,1,EF_ITEMGRADE,6,EF_STR,220
2897,Thrasytes(Anct),760.0,320.0.0.0.0,48,650000,64,4734,7,EF_CLASS,255,EF_GRID,0,EF_DAMAGE,443,EF_RANGE,2,EF_WTYPE,3,EF_TRANS,1,EF_ITEMGRADE,6,EF_STR,220
2898,Thrasytes(Anct),760.0,320.0.0.0.0,48,650000,64,4735,8,EF_CLASS,255,EF_GRID,0,EF_DAMAGE,443,EF_RANGE,2,EF_WTYPE,3,EF_TRANS,1,EF_ITEMGRADE,6,EF_STR,220
2911,Martelo(Anct),809.0,74.91.0.0.0,49,12000,64,0,5,EF_CLASS,1,EF_GRID,0,EF_DAMAGE,195,EF_RANGE,2,EF_WTYPE,13,EF_ITEMGRADE,6
2912,Martelo(Anct),809.0,74.91.0.0.0,49,12000,64,0,6,EF_CLASS,1,EF_GRID,0,EF_DAMAGE,195,EF_RANGE,2,EF_WTYPE,13,EF_ITEMGRADE,6
2913,Martelo(Anct),809.0,74.91.0.0.0,49,12000,64,0,7,EF_CLASS,1,EF_GRID,0,EF_DAMAGE,195,EF_RANGE,2,EF_WTYPE,13,EF_ITEMGRADE,6
2914,Martelo(Anct),809.0,74.91.0.0.0,49,12000,64,0,8,EF_CLASS,1,EF_GRID,0,EF_DAMAGE,195,EF_RANGE,2,EF_WTYPE,13,EF_ITEMGRADE,6
2915,Martelo_de_Guerra(Anct),810.0,112.171.0.0.0,49,36000,64,0,5,EF_CLASS,1,EF_GRID,0,EF_DAMAGE,302,EF_RANGE,2,EF_WTYPE,3,EF_ITEMGRADE,6,EF_CRITICAL,10
2916,Martelo_de_Guerra(Anct),810.0,112.171.0.0.0,49,36000,64,0,6,EF_CLASS,1,EF_GRID,0,EF_DAMAGE,302,EF_RANGE,2,EF_WTYPE,3,EF_ITEMGRADE,6,EF_CRITICAL,10
2917,Martelo_de_Guerra(Anct),810.0,112.171.0.0.0,49,36000,64,0,7,EF_CLASS,1,EF_GRID,0,EF_DAMAGE,302,EF_RANGE,2,EF_WTYPE,3,EF_ITEMGRADE,6,EF_CRITICAL,10
2918,Martelo_de_Guerra(Anct),810.0,112.171.0.0.0,49,36000,64,0,8,EF_CLASS,1,EF_GRID,0,EF_DAMAGE,302,EF_RANGE,2,EF_WTYPE,3,EF_ITEMGRADE,6,EF_CRITICAL,10
2919,Machado_de_Batalha(Anct),813.0,140.261.0.0.0,49,66000,64,0,5,EF_CLASS,1,EF_GRID,0,EF_DAMAGE,359,EF_RANGE,2,EF_WTYPE,13,EF_ITEMGRADE,6,EF_CRITICAL,15
2920,Machado_de_Batalha(Anct),813.0,140.261.0.0.0,49,66000,64,0,6,EF_CLASS,1,EF_GRID,0,EF_DAMAGE,359,EF_RANGE,2,EF_WTYPE,13,EF_ITEMGRADE,6,EF_CRITICAL,15
2921,Machado_de_Batalha(Anct),813.0,140.261.0.0.0,49,66000,64,0,7,EF_CLASS,1,EF_GRID,0,EF_DAMAGE,359,EF_RANGE,2,EF_WTYPE,13,EF_ITEMGRADE,6,EF_CRITICAL,15
2922,Machado_de_Batalha(Anct),813.0,140.261.0.0.0,49,66000,64,0,8,EF_CLASS,1,EF_GRID,0,EF_DAMAGE,359,EF_RANGE,2,EF_WTYPE,13,EF_ITEMGRADE,6,EF_CRITICAL,15
2923,Grande_Machado(Anct),814.0,178.396.0.0.0,49,96000,64,0,5,EF_CLASS,1,EF_GRID,0,EF_DAMAGE,377,EF_RANGE,2,EF_WTYPE,13,EF_ITEMGRADE,6,EF_CRITICAL,20
2924,Grande_Machado(Anct),814.0,178.396.0.0.0,49,96000,64,0,6,EF_CLASS,1,EF_GRID,0,EF_DAMAGE,377,EF_RANGE,2,EF_WTYPE,13,EF_ITEMGRADE,6,EF_CRITICAL,20
2925,Grande_Machado(Anct),814.0,178.396.0.0.0,49,96000,64,0,7,EF_CLASS,1,EF_GRID,0,EF_DAMAGE,377,EF_RANGE,2,EF_WTYPE,13,EF_ITEMGRADE,6,EF_CRITICAL,20
2926,Grande_Machado(Anct),814.0,178.396.0.0.0,49,96000,64,0,8,EF_CLASS,1,EF_GRID,0,EF_DAMAGE,377,EF_RANGE,2,EF_WTYPE,13,EF_ITEMGRADE,6,EF_CRITICAL,20
2927,Martelo_Psíquico(Anct),811.0,205.598.0.0.0,49,126000,64,0,5,EF_CLASS,1,EF_GRID,0,EF_DAMAGE,397,EF_RANGE,2,EF_WTYPE,13,EF_ITEMGRADE,6,EF_CRITICAL,25
2928,Martelo_Psíquico(Anct),811.0,205.598.0.0.0,49,126000,64,0,6,EF_CLASS,1,EF_GRID,0,EF_DAMAGE,397,EF_RANGE,2,EF_WTYPE,13,EF_ITEMGRADE,6,EF_CRITICAL,25
2929,Martelo_Psíquico(Anct),811.0,205.598.0.0.0,49,126000,64,0,7,EF_CLASS,1,EF_GRID,0,EF_DAMAGE,397,EF_RANGE,2,EF_WTYPE,13,EF_ITEMGRADE,6,EF_CRITICAL,25
2930,Martelo_Psíquico(Anct),811.0,205.598.0.0.0,49,126000,64,0,8,EF_CLASS,1,EF_GRID,0,EF_DAMAGE,397,EF_RANGE,2,EF_WTYPE,13,EF_ITEMGRADE,6,EF_CRITICAL,25
2931,Mjolnir_(Anct),39.0,224.654.0.0.0,49,156000,64,0,5,EF_CLASS,1,EF_GRID,0,EF_DAMAGE,417,EF_RANGE,2,EF_WTYPE,13,EF_ITEMGRADE,6,EF_CRITICAL,30
2932,Mjolnir_(Anct),39.0,224.654.0.0.0,49,156000,64,0,6,EF_CLASS,1,EF_GRID,0,EF_DAMAGE,417,EF_RANGE,2,EF_WTYPE,13,EF_ITEMGRADE,6,EF_CRITICAL,30
2933,Mjolnir_(Anct),39.0,224.654.0.0.0,49,156000,64,0,7,EF_CLASS,1,EF_GRID,0,EF_DAMAGE,417,EF_RANGE,2,EF_WTYPE,13,EF_ITEMGRADE,6,EF_CRITICAL,30
2934,Mjolnir_(Anct),39.0,224.654.0.0.0,49,156000,64,0,8,EF_CLASS,1,EF_GRID,0,EF_DAMAGE,417,EF_RANGE,2,EF_WTYPE,13,EF_ITEMGRADE,6,EF_CRITICAL,30
2935,Basileus(Anct),759.0,320.0.0.0.0,49,650000,64,4736,5,EF_CLASS,255,EF_GRID,0,EF_DAMAGE,447,EF_RANGE,2,EF_WTYPE,13,EF_TRANS,1,EF_ITEMGRADE,6,EF_CRITICAL,50
2936,Basileus(Anct),759.0,320.0.0.0.0,49,650000,64,4737,6,EF_CLASS,255,EF_GRID,0,EF_DAMAGE,447,EF_RANGE,2,EF_WTYPE,13,EF_TRANS,1,EF_ITEMGRADE,6,EF_CRITICAL,50
2937,Basileus(Anct),759.0,320.0.0.0.0,49,650000,64,4738,7,EF_CLASS,255,EF_GRID,0,EF_DAMAGE,447,EF_RANGE,2,EF_WTYPE,13,EF_TRANS,1,EF_ITEMGRADE,6,EF_CRITICAL,50
2938,Basileus(Anct),759.0,320.0.0.0.0,49,650000,64,4739,8,EF_CLASS,255,EF_GRID,0,EF_DAMAGE,447,EF_RANGE,2,EF_WTYPE,13,EF_TRANS,1,EF_ITEMGRADE,6,EF_CRITICAL,50
2960,Cavalo_Klazedale,953.0,0.0.0.0.0,0,40000,16384,0,0,EF_CLASS,255
2961,Cavalo_Gullfaxi,953.0,0.0.0.0.0,0,40000,16384,0,0,EF_CLASS,255
2962,GA_REA_DDOK,0.0,0.0.0.0.0,0,0,1,0,0,EF_CLASS,67,EF_RANGE,2
2963,Aranha_Mecanica,0.0,0.0.0.0.0,0,0,1,0,0,EF_CLASS,69,EF_RANGE,2
2964,Pula_Pula(Red),0.0,0.0.0.0.0,0,0,1,0,0,EF_CLASS,75,EF_RANGE,2
2965,Pula_Pula(Pinto),1.0,0.0.0.0.0,0,0,1,0,0,EF_CLASS,75,EF_RANGE,2
2966,Pula_Pula(Blue),2.0,0.0.0.0.0,0,0,1,0,0,EF_CLASS,75,EF_RANGE,2
2967,Cavalo_de_Madeira,0.0,0.0.0.0.0,0,0,1,0,0,EF_CLASS,70,EF_RANGE,2
2968,Gato_Persa,0.0,0.0.0.0.0,0,0,1,0,0,EF_CLASS,71,EF_RANGE,2
2969,Escorpiao,0.0,0.0.0.0.0,0,0,1,0,0,EF_CLASS,70,EF_RANGE,2
2970,Mumia,0.0,0.0.0.0.0,0,0,1,0,0,EF_CLASS,71,EF_RANGE,2
2971,Minhoca,0.0,0.0.0.0.0,0,0,1,0,0,EF_CLASS,72,EF_RANGE,2
2972,Anubis_I,0.0,0.0.0.0.0,0,0,1,0,0,EF_CLASS,74,EF_RANGE,2
2973,Anubis_II,0.0,0.0.0.0.0,0,0,1,0,0,EF_CLASS,73,EF_RANGE,2
2974,Lilith,0.0,0.0.0.0.0,0,0,1,0,0,EF_CLASS,78,EF_RANGE,2
2975,Rainha_de_Gelo,0.0,0.0.0.0.0,0,0,1,0,0,EF_CLASS,79,EF_RANGE,2
2980,Hidra_de_Lerna,0.0,0.0.0.0.0,0,0,1,0,0,EF_CLASS,81,EF_RANGE,2
2981,Morcego,0.0,0.0.0.0.0,0,0,1,0,0,EF_CLASS,82,EF_RANGE,2
3000,Arma_do_Grande_Tauron,509.0,0.0.0.0.0,0,100,192,0,0,EF_CLASS,255,EF_GRID,0,EF_RANGE,2,EF_WTYPE,13,EF_DAMAGE,584,,1,EF_CRITICAL,10
3001,Machado_Berseker,2827.0,0.0.0.0.0,0,100,192,0,0,EF_CLASS,255,EF_GRID,0,EF_RANGE,3,EF_WTYPE,11,EF_DAMAGE,576,,1
3002,Escudo_Berseker,2828.0,0.0.0.0.0,0,100,128,0,0,EF_CLASS,255,EF_GRID,0,EF_AC,231,EF_ITEMGRADE,1,,1,EF_RESISTALL,10
3003,Cajado_do_Feiticeiro,761.0,0.0.0.0.0,47,1000,64,0,7,EF_CLASS,255,EF_GRID,0,EF_RANGE,2,EF_WTYPE,32,EF_MAGIC,55,EF_DAMAGE,454
3004,Lança_do_Shamã,765.0,0.0.0.0.0,44,1000,64,0,7,EF_CLASS,255,EF_GRID,0,EF_RANGE,2,EF_WTYPE,21,EF_MAGIC,52,EF_DAMAGE,535
3005,Arco_do_Ranger,762.0,0.0.0.0.0,42,1000,64,0,7,EF_CLASS,255,EF_GRID,0,EF_RANGE,5,EF_WTYPE,101,EF_DAMAGE,680,EF_ATTSPEED,10,EF_MAGIC,10
3006,Garra_Kalintz(H),927.0,0.0.0.0.0,43,1000,64,0,0,EF_CLASS,255,EF_GRID,0,EF_RANGE,2,EF_WTYPE,41,EF_DAMAGE,692,EF_AC,30
3007,Arma_do_Troll_de_Gelo,2806.0,0.0.0.0.0,49,1000,64,0,0,EF_CLASS,255,EF_GRID,0,EF_RANGE,2,EF_WTYPE,13,EF_DAMAGE,772
3016,NONAME,2874.4,0.0.0.0.0,0,9000,0,0,0,EF_GRID,0
3017,NONAME,2874.5,0.0.0.0.0,0,9000,0,0,0,EF_GRID,0
3018,NONAME,2874.6,0.0.0.0.0,0,9000,0,0,0,EF_GRID,0
3019,NONAME,2874.7,0.0.0.0.0,0,9000,0,0,0,EF_GRID,0
3020,Pedra_da_Fúria,2874.8,0.0.0.0.0,0,900,0,0,0
3021,Cristal_Extração(Elmo),2873.0,0.0.0.0.0,0,0,0,0,0,EF_CLASS,255,EF_SANC,9
3022,Cristal_Extração(Armadura),2873.0,0.0.0.0.0,0,0,0,0,0,EF_CLASS,255,EF_SANC,9
3023,Cristal_Extração(Calça),2873.0,0.0.0.0.0,0,0,0,0,0,EF_CLASS,255,EF_SANC,9
3024,Cristal_Extração(Luvas),2873.0,0.0.0.0.0,0,0,0,0,0,EF_CLASS,255,EF_SANC,9
3025,Cristal_Extração(Botas),2873.0,0.0.0.0.0,0,0,0,0,0,EF_CLASS,255,EF_SANC,9
3026,Cristal_Extração(Arma),2873.0,0.0.0.0.0,0,0,0,0,0,EF_CLASS,255,EF_SANC,9
3027,Barra_de_Mithril_(Dano),2901.0,0.0.0.0.0,0,100000000,0,0,0,EF_VOLATILE,235
3028,Barra_de_Mithril_(Atq.Mágico),2901.0,0.0.0.0.0,0,100000000,0,0,0,EF_VOLATILE,236
3029,Barra_de_Mithril_(Defesa),2901.0,0.0.0.0.0,0,100000000,0,0,0,EF_VOLATILE,237
3030,Barra_de_Mithril_(Crítico),2901.0,0.0.0.0.0,0,100000000,0,0,0,EF_VOLATILE,238
3031,Barra_de_Mithril_(Resist.),2901.0,0.0.0.0.0,0,100000000,0,0,0,EF_VOLATILE,238
3050,Arma_Tauron,510.0,0.0.0.0.0,0,0,192,0,0,EF_CLASS,255,EF_GRID,0,EF_RANGE,2,EF_WTYPE,1,EF_ITEMGRADE,1,,1
3051,Arma_do_Poderoso_Talos,2728.0,0.0.0.0.0,0,0,192,0,0,EF_CLASS,255,EF_GRID,0,EF_RANGE,2,EF_WTYPE,1,EF_ITEMGRADE,1,,1
3052,Foice_do_Lich,2748.0,0.0.0.0.0,0,0,192,0,0,EF_CLASS,255,EF_GRID,0,EF_RANGE,3,EF_WTYPE,23,EF_ITEMGRADE,1,,1
3053,Espada,766.0,0.0.0.0.0,45,0,192,0,7,EF_CLASS,255,EF_GRID,0,EF_RANGE,2,EF_WTYPE,1,EF_ITEMGRADE,1,,1
3090,Trava_de_Item,2901.0,0.0.0.0.0,0,0,0,0,0,EF_CLASS,255,EF_VOLATILE,240
3091,Destrava_de_Item,0.0,0.0.0.0.0,0,0,0,0,0
3100,Asa_Divina,0.0,219.0.0.0.0,0,0,0,0,0,EF_CLASS,255,EF_AC,75,EF_HP,100,EF_ITEMGRADE,4
3101,Asa_Élfica,1.0,219.0.0.0.0,0,0,0,0,0,EF_CLASS,255,EF_AC,75,EF_HP,100,EF_ITEMGRADE,4
3102,Asa_Angelical,2.0,219.0.0.0.0,0,0,0,0,0,EF_CLASS,255,EF_AC,75,EF_HP,100,EF_ITEMGRADE,4
3103,Asa_de_Fênix,3.0,219.0.0.0.0,0,0,0,0,0,EF_CLASS,255,EF_AC,75,EF_HP,100,EF_ITEMGRADE,4
3104,Asa_Dracônica,4.0,219.0.0.0.0,0,0,0,0,0,EF_CLASS,255,EF_AC,75,EF_HP,100,EF_ITEMGRADE,4
3105,Asa_Dracônica,5.0,219.0.0.0.0,0,0,0,0,0,EF_CLASS,255,EF_AC,75,EF_HP,100,EF_ITEMGRADE,4
3106,Asa_Dracônica,6.0,219.0.0.0.0,0,0,0,0,0,EF_CLASS,255,EF_AC,75,EF_HP,100,EF_ITEMGRADE,4
3107,Asa_Dracônica,7.0,219.0.0.0.0,0,0,0,0,0,EF_CLASS,255,EF_AC,75,EF_HP,100,EF_ITEMGRADE,4
3108,Asa_Dracônica,8.0,219.0.0.0.0,0,0,0,0,0,EF_CLASS,255,EF_AC,75,EF_HP,100,EF_ITEMGRADE,4
3109,Asa_Dracônica,9.0,219.0.0.0.0,0,0,0,0,0,EF_CLASS,255,EF_AC,75,EF_HP,100,EF_ITEMGRADE,4
3110,Asa_Dracônica,10.0,219.0.0.0.0,0,0,0,0,0,EF_CLASS,255,EF_AC,75,EF_HP,100,EF_ITEMGRADE,4
3111,Asa_Dracônica,11.0,219.0.0.0.0,0,0,0,0,0,EF_CLASS,255,EF_AC,75,EF_HP,100,EF_ITEMGRADE,4
3112,Asa_Dracônica,12.0,219.0.0.0.0,0,0,0,0,0,EF_CLASS,255,EF_AC,75,EF_HP,100,EF_ITEMGRADE,4
3113,Asa_Dracônica,13.0,219.0.0.0.0,0,0,0,0,0,EF_CLASS,255,EF_AC,75,EF_HP,100,EF_ITEMGRADE,4
3114,Asa_Dracônica,14.0,219.0.0.0.0,0,0,0,0,0,EF_CLASS,255,EF_AC,75,EF_HP,100,EF_ITEMGRADE,4
3140,Pedra_da_Luz,2721.0,0.0.0.0.0,24,700,0,0,0,EF_GRID,0
3145,Torre_do_Triunfo_I,2723.0,0.0.0.0.0,0,0,1,0,0,EF_CLASS,44,EF_RANGE,7,EF_GROUND,8
3146,Torre_do_Triunfo_II,2724.0,0.0.0.0.0,0,0,1,0,0,EF_CLASS,44,EF_RANGE,7,EF_GROUND,8
3147,Torre_do_Triunfo_III,2725.0,0.0.0.0.0,0,0,1,0,0,EF_CLASS,44,EF_RANGE,7,EF_GROUND,8
3148,Torre_do_Triunfo_IV,2726.0,0.0.0.0.0,0,0,1,0,0,EF_CLASS,44,EF_RANGE,7,EF_GROUND,8
3149,Torre_do_Triunfo_V,2727.0,0.0.0.0.0,0,0,1,0,0,EF_CLASS,44,EF_RANGE,7,EF_GROUND,8
3150,Evocar_Gremlin,2715.0,0.0.0.0.0,0,500000,0,0,0,EF_GRID,0,EF_VOLATILE,70
3151,Evocar_Orc_Arqueiro,2716.0,0.0.0.0.0,0,500000,0,0,0,EF_GRID,0,EF_VOLATILE,71
3152,Evocar_Troll,2717.0,0.0.0.0.0,0,500000,0,0,0,EF_GRID,0,EF_VOLATILE,72
3153,Evocar_Carbunkle,2718.0,0.0.0.0.0,0,500000,0,0,0,EF_GRID,0,EF_VOLATILE,73
3154,Evocar_Chefe_Zumbi,2719.0,0.0.0.0.0,0,500000,0,0,0,EF_GRID,0,EF_VOLATILE,74
3170,Notif._Pública(Elixir),2722.0,0.0.0.0.0,0,700000,0,0,0,EF_GRID,0,EF_VOLATILE,91
3171,Carta_de_Duelo_(M),2730.0,0.0.0.0.0,0,75,0,0,0,EF_GRID,0,EF_VOLATILE,20
3172,Carta_de_Duelo_(N),2729.0,0.0.0.0.0,0,50,0,0,0,EF_GRID,0,EF_VOLATILE,20
3173,Pergaminho_da_Água(N)LV1,2734.0,0.0.0.0.0,0,200,0,0,0,EF_GRID,0,EF_VOLATILE,131,EF_SANC,3
3174,Pergaminho_da_Água(N)LV2,2734.0,0.0.0.0.0,0,150,0,0,0,EF_GRID,0,EF_VOLATILE,132,EF_SANC,3
3175,Pergaminho_da_Água(N)LV3,2734.0,0.0.0.0.0,0,150,0,0,0,EF_GRID,0,EF_VOLATILE,133,EF_SANC,3
3176,Pergaminho_da_Água(N)LV4,2734.0,0.0.0.0.0,0,150,0,0,0,EF_GRID,0,EF_VOLATILE,134,EF_SANC,4
3177,Pergaminho_da_Água(N)LV5,2734.0,0.0.0.0.0,0,150,0,0,0,EF_GRID,0,EF_VOLATILE,135,EF_SANC,5
3178,Pergaminho_da_Água(N)LV6,2734.0,0.0.0.0.0,0,150,0,0,0,EF_GRID,0,EF_VOLATILE,136,EF_SANC,6
3179,Pergaminho_da_Água(N)LV7,2734.0,0.0.0.0.0,0,150,0,0,0,EF_GRID,0,EF_VOLATILE,137,EF_SANC,7
3180,Pergaminho_da_Água(N)LV8,2734.0,0.0.0.0.0,0,150,0,0,0,EF_GRID,0,EF_VOLATILE,138,EF_SANC,8
3181,Evocação_Neses(N),97.0,0.0.0.0.0,0,250000,0,0,0,EF_GRID,0,EF_VOLATILE,140
3182,Pergaminho_da_Água(A)LV1,2735.0,0.0.0.0.0,0,600,0,0,0,EF_GRID,0,EF_VOLATILE,161,EF_SANC,3
3183,Pergaminho_da_Água(A)LV2,2735.0,0.0.0.0.0,0,350,0,0,0,EF_GRID,0,EF_VOLATILE,162,EF_SANC,3
3184,Pergaminho_da_Água(A)LV3,2735.0,0.0.0.0.0,0,350,0,0,0,EF_GRID,0,EF_VOLATILE,163,EF_SANC,3
3185,Pergaminho_da_Água(A)LV4,2735.0,0.0.0.0.0,0,350,0,0,0,EF_GRID,0,EF_VOLATILE,164,EF_SANC,4
3186,Pergaminho_da_Água(A)LV5,2735.0,0.0.0.0.0,0,350,0,0,0,EF_GRID,0,EF_VOLATILE,165,EF_SANC,5
3187,Pergaminho_da_Água(A)LV6,2735.0,0.0.0.0.0,0,350,0,0,0,EF_GRID,0,EF_VOLATILE,166,EF_SANC,6
3188,Pergaminho_da_Água(A)LV7,2735.0,0.0.0.0.0,0,350,0,0,0,EF_GRID,0,EF_VOLATILE,167,EF_SANC,7
3189,Pergaminho_da_Água(A)LV8,2735.0,0.0.0.0.0,0,350,0,0,0,EF_GRID,0,EF_VOLATILE,168,EF_SANC,8
3190,Evocação_Neses(A),97.0,0.0.0.0.0,0,350,0,0,0,EF_GRID,0,EF_VOLATILE,170
3191,Elite_de_Hekalotia,27.24,354.0.0.0.0,0,0,-32768,0,0,EF_CLASS,255,EF_AC,180,EF_HP,200,EF_ITEMGRADE,4
3192,Elite_de_Akelonia,27.25,354.0.0.0.0,0,0,-32768,0,0,EF_CLASS,255,EF_AC,180,EF_HP,200,EF_ITEMGRADE,4
3193,Elite_dos_Aventureiros,27.26,354.0.0.0.0,0,0,-32768,0,0,EF_CLASS,255,EF_AC,180,EF_HP,200,EF_ITEMGRADE,4
3194,Herói_de_Hekalotia,27.27,0.0.0.0.0,0,0,-32768,0,0,EF_CLASS,255,EF_AC,200,EF_HP,220,EF_ITEMGRADE,4
3195,Herói_de_Akelonia,27.28,0.0.0.0.0,0,0,-32768,0,0,EF_CLASS,255,EF_AC,200,EF_HP,220,EF_ITEMGRADE,4
3196,Herói_dos_Aventureiros,27.29,0.0.0.0.0,0,0,-32768,0,0,EF_CLASS,255,EF_AC,200,EF_HP,220,EF_ITEMGRADE,4
3197,Mestre_de_Hekalotia,2880.31,0.0.0.0.0,0,0,-32768,0,0,EF_CLASS,255,EF_AC,200,EF_HP,220,EF_ITEMGRADE,4
3198,Mestre_de_Akelonia,2880.32,0.0.0.0.0,0,0,-32768,0,0,EF_CLASS,255,EF_AC,200,EF_HP,220,EF_ITEMGRADE,4
3199,Mestre_dos_Aventureiros,2880.33,0.0.0.0.0,0,0,-32768,0,0,EF_CLASS,255,EF_AC,200,EF_HP,220,EF_ITEMGRADE,4
3200,Jóia_da_Sagacidade,2902.0,0.0.0.0.0,0,300,0,0,0,EF_CLASS,255,EF_VOLATILE,242
3201,Jóia_da_Resistência,2902.1,0.0.0.0.0,0,300,0,0,0,EF_CLASS,255,EF_VOLATILE,242
3202,Jóia_da_Recarga,2902.2,0.0.0.0.0,0,300,0,0,0,EF_CLASS,255,EF_VOLATILE,242
3203,Jóia_da_Recuperação,2902.3,0.0.0.0.0,0,300,0,0,0,EF_CLASS,255,EF_VOLATILE,243
3204,Jóia_da_Absorção,2902.4,0.0.0.0.0,0,300,0,0,0,EF_CLASS,255,EF_VOLATILE,242
3205,Jóia_da_Proteção,2902.5,0.0.0.0.0,0,300,0,0,0,EF_CLASS,255,EF_VOLATILE,242
3206,Jóia_do_Poder,2903.0,0.0.0.0.0,0,500,0,0,0,EF_CLASS,255,EF_VOLATILE,242
3207,Jóia_da_Armazenagem,2903.1,0.0.0.0.0,0,500,0,0,0,EF_CLASS,255,EF_VOLATILE,243
3208,Jóia_da_Precisão,2903.2,0.0.0.0.0,0,500,0,0,0,EF_CLASS,255,EF_VOLATILE,242
3209,Jóia_da_Magia,2903.0,0.0.0.0.0,0,500,0,0,0,EF_CLASS,255,EF_VOLATILE,242
3210,Cupom_da_Sorte,2711.0,0.0.0.0.0,0,10000,0,0,0
3211,Cupom_da_Sorte,2711.0,0.0.0.0.0,0,10000,0,0,0
3212,Cupom_da_Sorte,2711.0,0.0.0.0.0,0,10000,0,0,0
3213,Cupom_da_Sorte,2711.0,0.0.0.0.0,0,10000,0,0,0
3214,Cupom_da_Sorte,2711.0,0.0.0.0.0,0,10000,0,0,0
3215,Cupom_da_Sorte,2711.0,0.0.0.0.0,0,10000,0,0,0
3216,Cupom_da_Sorte,2711.0,0.0.0.0.0,0,10000,0,0,0
3217,Cupom_da_Sorte,2711.0,0.0.0.0.0,0,10000,0,0,0
3218,Cupom_da_Sorte,2711.0,0.0.0.0.0,0,10000,0,0,0
3219,Cupom_da_Sorte,2711.0,0.0.0.0.0,0,10000,0,0,0
3220,Cupom_da_Sorte,2711.0,0.0.0.0.0,0,10000,0,0,0
3221,Cupom_da_Sorte,2711.0,0.0.0.0.0,0,10000,0,0,0
3222,Cupom_da_Sorte,2711.0,0.0.0.0.0,0,10000,0,0,0
3223,Cupom_da_Sorte,2711.0,0.0.0.0.0,0,10000,0,0,0
3224,Cupom_da_Sorte,2711.0,0.0.0.0.0,0,10000,0,0,0
3225,Cupom_da_Sorte,2711.0,0.0.0.0.0,0,10000,0,0,0
3226,Cupom_da_Sorte,2711.0,0.0.0.0.0,0,10000,0,0,0
3227,Cupom_da_Sorte,2711.0,0.0.0.0.0,0,10000,0,0,0
3228,Cupom_da_Sorte,2711.0,0.0.0.0.0,0,10000,0,0,0
3229,Cupom_da_Sorte,2711.0,0.0.0.0.0,0,10000,0,0,0
3230,Cupom_da_Sorte,2711.0,0.0.0.0.0,0,10000,0,0,0
3231,Cupom_da_Sorte,2711.0,0.0.0.0.0,0,10000,0,0,0
3232,Cupom_da_Sorte,2711.0,0.0.0.0.0,0,10000,0,0,0
3233,Cupom_da_Sorte,2711.0,0.0.0.0.0,0,10000,0,0,0
3234,Cupom_da_Sorte,2711.0,0.0.0.0.0,0,10000,0,0,0
3235,Cupom_da_Sorte,2711.0,0.0.0.0.0,0,10000,0,0,0
3236,Cupom_da_Sorte,2711.0,0.0.0.0.0,0,10000,0,0,0
3237,Cupom_da_Sorte,2711.0,0.0.0.0.0,0,10000,0,0,0
3238,Cupom_da_Sorte,2711.0,0.0.0.0.0,0,10000,0,0,0
3239,Cupom_da_Sorte,2711.0,0.0.0.0.0,0,10000,0,0,0
3240,Cupom_da_Sorte,2711.0,0.0.0.0.0,0,10000,0,0,0
3241,Cupom_da_Sorte,2711.0,0.0.0.0.0,0,10000,0,0,0
3242,Cupom_da_Sorte,2711.0,0.0.0.0.0,0,10000,0,0,0
3243,Cupom_da_Sorte,2711.0,0.0.0.0.0,0,10000,0,0,0
3244,Cupom_da_Sorte,2711.0,0.0.0.0.0,0,10000,0,0,0
3245,Cupom_da_Sorte,2711.0,0.0.0.0.0,0,10000,0,0,0
3246,Cupom_da_Sorte,2711.0,0.0.0.0.0,0,10000,0,0,0
3247,Cupom_da_Sorte,2711.0,0.0.0.0.0,0,10000,0,0,0
3248,Cupom_da_Sorte,2711.0,0.0.0.0.0,0,10000,0,0,0
3249,Cupom_da_Sorte,2711.0,0.0.0.0.0,0,10000,0,0,0
3250,Cupom_da_Sorte,2711.0,0.0.0.0.0,0,10000,0,0,0
3251,Cupom_da_Sorte,2711.0,0.0.0.0.0,0,10000,0,0,0
3252,Cupom_da_Sorte,2711.0,0.0.0.0.0,0,10000,0,0,0
3253,Cupom_da_Sorte,2711.0,0.0.0.0.0,0,10000,0,0,0
3254,Cupom_da_Sorte,2711.0,0.0.0.0.0,0,10000,0,0,0
3255,Cupom_da_Sorte,2711.0,0.0.0.0.0,0,10000,0,0,0
3256,Cupom_da_Sorte,2711.0,0.0.0.0.0,0,10000,0,0,0
3257,Cupom_da_Sorte,2711.0,0.0.0.0.0,0,10000,0,0,0
3258,Cupom_da_Sorte,2711.0,0.0.0.0.0,0,10000,0,0,0
3259,Cupom_da_Sorte,2711.0,0.0.0.0.0,0,10000,0,0,0
3260,Cupom_da_Sorte,2711.0,0.0.0.0.0,0,10000,0,0,0
3261,Cupom_da_Sorte,2711.0,0.0.0.0.0,0,10000,0,0,0
3262,Cupom_da_Sorte,2711.0,0.0.0.0.0,0,10000,0,0,0
3263,Cupom_da_Sorte,2711.0,0.0.0.0.0,0,10000,0,0,0
3264,Cupom_da_Sorte,2711.0,0.0.0.0.0,0,10000,0,0,0
3265,Cupom_da_Sorte,2711.0,0.0.0.0.0,0,10000,0,0,0
3266,Cupom_da_Sorte,2711.0,0.0.0.0.0,0,10000,0,0,0
3267,Cupom_da_Sorte,2711.0,0.0.0.0.0,0,10000,0,0,0
3268,Cupom_da_Sorte,2711.0,0.0.0.0.0,0,10000,0,0,0
3269,Cupom_da_Sorte,2711.0,0.0.0.0.0,0,10000,0,0,0
3270,Cupom_da_Sorte,2711.0,0.0.0.0.0,0,10000,0,0,0
3271,Cupom_da_Sorte,2711.0,0.0.0.0.0,0,10000,0,0,0
3272,Cupom_da_Sorte,2711.0,0.0.0.0.0,0,10000,0,0,0
3273,Cupom_da_Sorte,2711.0,0.0.0.0.0,0,10000,0,0,0
3274,Cupom_da_Sorte,2711.0,0.0.0.0.0,0,10000,0,0,0
3275,Cupom_da_Sorte,2711.0,0.0.0.0.0,0,10000,0,0,0
3276,Cupom_da_Sorte,2711.0,0.0.0.0.0,0,10000,0,0,0
3277,Cupom_da_Sorte,2711.0,0.0.0.0.0,0,10000,0,0,0
3278,Cupom_da_Sorte,2711.0,0.0.0.0.0,0,10000,0,0,0
3279,Cupom_da_Sorte,2711.0,0.0.0.0.0,0,10000,0,0,0
3280,Cupom_da_Sorte,2711.0,0.0.0.0.0,0,10000,0,0,0
3281,Cupom_da_Sorte,2711.0,0.0.0.0.0,0,10000,0,0,0
3282,Cupom_da_Sorte,2711.0,0.0.0.0.0,0,10000,0,0,0
3283,Cupom_da_Sorte,2711.0,0.0.0.0.0,0,10000,0,0,0
3284,Cupom_da_Sorte,2711.0,0.0.0.0.0,0,10000,0,0,0
3285,Cupom_da_Sorte,2711.0,0.0.0.0.0,0,10000,0,0,0
3286,Cupom_da_Sorte,2711.0,0.0.0.0.0,0,10000,0,0,0
3287,Cupom_da_Sorte,2711.0,0.0.0.0.0,0,10000,0,0,0
3288,Cupom_da_Sorte,2711.0,0.0.0.0.0,0,10000,0,0,0
3289,Cupom_da_Sorte,2711.0,0.0.0.0.0,0,10000,0,0,0
3290,Cupom_da_Sorte,2711.0,0.0.0.0.0,0,10000,0,0,0
3291,Cupom_da_Sorte,2711.0,0.0.0.0.0,0,10000,0,0,0
3292,Cupom_da_Sorte,2711.0,0.0.0.0.0,0,10000,0,0,0
3293,Cupom_da_Sorte,2711.0,0.0.0.0.0,0,10000,0,0,0
3294,Cupom_da_Sorte,2711.0,0.0.0.0.0,0,10000,0,0,0
3295,Cupom_da_Sorte,2711.0,0.0.0.0.0,0,10000,0,0,0
3296,Cupom_da_Sorte,2711.0,0.0.0.0.0,0,10000,0,0,0
3297,Cupom_da_Sorte,2711.0,0.0.0.0.0,0,10000,0,0,0
3298,Cupom_da_Sorte,2711.0,0.0.0.0.0,0,10000,0,0,0
3299,Cupom_da_Sorte,2711.0,0.0.0.0.0,0,10000,0,0,0
3303,Coroa_Celestial,18.0,0.0.0.0.0,0,0,2,0,26,EF_CLASS,255,EF_GRID,0,EF_AC,270,EF_SAVEMANA,15,EF_ITEMGRADE,6,,1
3310,Poção_Kappa(P),719.0,0.0.0.0.0,0,10000,0,0,0,EF_CLASS,255,EF_VOLATILE,55
3311,Poção_Combatente,719.0,0.0.0.0.0,0,12500,0,0,0,EF_CLASS,255,EF_VOLATILE,56
3312,Poção_Mental,719.0,0.0.0.0.0,0,20,0,0,0,EF_CLASS,255,EF_VOLATILE,57
3313,Poção_de_Vigor,2733.0,0.0.0.0.0,0,50,0,0,0,EF_CLASS,255,EF_VOLATILE,58
3314,Frango_Assado,2731.0,0.0.0.0.0,0,150,0,0,0,EF_CLASS,255,EF_VOLATILE,63
3315,Curar_Montaria,2732.0,0.0.0.0.0,0,300000,0,0,0,EF_VOLATILE,90,EF_GRID,0
3316,Curar_Montaria,2732.0,0.0.0.0.0,0,300000,0,0,0,EF_VOLATILE,91,EF_GRID,0
3317,Curar_Montaria,2732.0,0.0.0.0.0,0,300000,0,0,0,EF_VOLATILE,92,EF_GRID,0
3318,Frango_Assado_(Pacote),2731.0,0.0.0.0.0,0,250000,0,0,0,EF_CLASS,255,EF_VOLATILE,64
3319,(S)Poção_Kappa(P),719.0,0.0.0.0.0,0,150000,0,0,0,EF_CLASS,255,EF_VOLATILE,200
3320,(S)Poção_Combatente(P),719.0,0.0.0.0.0,0,200000,0,0,0,EF_CLASS,255,EF_VOLATILE,201
3321,(S)Poção_Mental(P),719.0,0.0.0.0.0,0,100,0,0,0,EF_CLASS,255,EF_VOLATILE,202
3322,[S]Caixa_Poção_de_Cura,85.0,0.0.0.0.0,0,220000,0,0,0,EF_CLASS,255,EF_VOLATILE,1,EF_HP,500
3323,[S]Caixa_Poção_de_Mana,89.0,0.0.0.0.0,0,220000,0,0,0,EF_CLASS,255,EF_VOLATILE,1,EF_MP,500
3324,Pesadelo_(N/Grupo),2738.0,0.0.0.0.0,0,200,0,0,0,EF_VOLATILE,173,EF_GRID,0
3325,Pesadelo_(M/Grupo),2739.0,0.0.0.0.0,0,400,0,0,0,EF_VOLATILE,174,EF_GRID,0
3326,Pesadelo_(A/Grupo),2740.0,0.0.0.0.0,0,600,0,0,0,EF_VOLATILE,175,EF_GRID,0
3327,Pesadelo_(Bilhete),2750.0,0.0.0.0.0,0,100000,0,0,0
3328,Portão_do_Inferno(N/Ind.),2765.0,0.0.0.0.0,0,350,0,0,0,EF_VOLATILE,176,EF_GRID,0
3329,Portão_do_Inferno(M/Grupo),2764.0,0.0.0.0.0,0,1250000,0,0,0,EF_VOLATILE,176,EF_GRID,0
3330,Trombeta_Mágica,2887.0,0.0.0.0.0,0,75,0,0,0,EF_VOLATILE,0,EF_GRID,0
3331,Entrada_Cassino,2774.0,0.0.0.0.0,0,200000,0,0,0,EF_VOLATILE,178,EF_GRID,0
3332,Trans_Javali,2752.0,0.0.0.0.0,0,500000,0,0,0,EF_VOLATILE,75,EF_GRID,0
3333,Trans_Lobo,2753.0,0.0.0.0.0,0,500000,0,0,0,EF_VOLATILE,76,EF_GRID,0
3334,Trans_Golem_de_Fogo,2754.0,0.0.0.0.0,0,500000,0,0,0,EF_VOLATILE,77,EF_GRID,0
3335,Pergaminho_de_Reforma,2755.0,0.0.0.0.0,0,1000000,0,0,0,EF_VOLATILE,89,EF_GRID,0
3336,Retorno_da_Habilidade,2751.0,0.0.0.0.0,0,50,0,0,0,EF_VOLATILE,0,EF_GRID,0
3337,used,0.0,0.0.0.0.0,0,0,0,0,0,EF_ITEMBORDER,0
3338,Refinação_Abençoada,2876.0,0.0.0.0.0,0,200,1,0,0,EF_GRID,0
3339,used,0.0,0.0.0.0.0,0,0,0,0,0,EF_VOLATILE,0,EF_GRID,0
3340,Fogos_de_Artifício_1,2738.0,0.0.0.0.0,0,50000,0,0,0,EF_VOLATILE,19,EF_GRID,0,EF_AMOUNT,10
3341,Fogos_de_Artifício_2,2738.0,0.0.0.0.0,0,50000,0,0,0,EF_VOLATILE,19,EF_GRID,0,EF_AMOUNT,10
3342,Fogos_de_Artifício_3,2738.0,0.0.0.0.0,0,50000,0,0,0,EF_VOLATILE,19,EF_GRID,0,EF_AMOUNT,10
3343,Pergaminho_do_Perdão,2761.0,0.0.0.0.0,0,300,0,0,0,EF_VOLATILE,203,EF_GRID,0
3344,Catalisador_de_Kapel,2766.0,0.0.0.0.0,0,50,0,0,0,EF_VOLATILE,94,EF_GRID,0
3345,Catalisador_de_Acuban,2766.1,0.0.0.0.0,0,100,0,0,0,EF_VOLATILE,94,EF_GRID,0
3346,Catalisador_de_Mencar,2766.2,0.0.0.0.0,0,300,0,0,0,EF_VOLATILE,94,EF_GRID,0
3347,Catalisador_de_Birago,2766.3,0.0.0.0.0,0,300,0,0,0,EF_VOLATILE,94,EF_GRID,0
3348,Catalisador_de_Yus,2766.4,0.0.0.0.0,0,500,0,0,0,EF_VOLATILE,94,EF_GRID,0
3349,Catalisador_de_Makav,2766.5,0.0.0.0.0,0,700,0,0,0,EF_VOLATILE,94,EF_GRID,0
3350,Catalisador_de_Alperath,2766.6,0.0.0.0.0,0,35000000,0,0,0,EF_VOLATILE,94,EF_GRID,0
3351,Restaurador_de_Kapel,2767.0,0.0.0.0.0,0,800000,0,0,0,EF_VOLATILE,93,EF_GRID,0
3352,Restaurador_de_Acuban,2767.1,0.0.0.0.0,0,100,0,0,0,EF_VOLATILE,93,EF_GRID,0
3353,Restaurador_de_Mencar,2767.2,0.0.0.0.0,0,150,0,0,0,EF_VOLATILE,93,EF_GRID,0
3354,Restaurador_de_Birago,2767.3,0.0.0.0.0,0,200,0,0,0,EF_VOLATILE,93,EF_GRID,0
3355,Restaurador_de_Yus,2767.4,0.0.0.0.0,0,300,0,0,0,EF_VOLATILE,93,EF_GRID,0
3356,Restaurador_de_Makav,2767.5,0.0.0.0.0,0,300,0,0,0,EF_VOLATILE,93,EF_GRID,0
3357,Restaurador_de_Alperath,2767.6,0.0.0.0.0,0,30000000,0,0,0,EF_VOLATILE,93,EF_GRID,0
3358,Panqueca_(7dias),2762.0,0.0.0.0.0,0,25000,0,0,0,EF_CLASS,255,EF_VOLATILE,64
3359,Panqueca_(15dias),2762.0,0.0.0.0.0,0,50000,0,0,0,EF_CLASS,255,EF_VOLATILE,65
3360,Panqueca_(30dias),2762.0,0.0.0.0.0,0,100000,0,0,0,EF_CLASS,255,EF_VOLATILE,66
3361,Poção_Sephira_(7dias),2756.0,0.0.0.0.0,0,900,0,0,0,EF_VOLATILE,202,EF_CLASS,255
3362,Poção_Sephira_(15dias),2756.0,0.0.0.0.0,0,750,0,0,0,EF_VOLATILE,202,EF_CLASS,255
3363,Poção_Sephira_(30dias),2756.0,0.0.0.0.0,0,150000,0,0,0,EF_VOLATILE,202,EF_CLASS,255
3364,Poção_de_Saúde(7dias),2733.0,0.0.0.0.0,0,50000,0,0,0,EF_CLASS,255,EF_VOLATILE,58
3365,Poção_de_Saúde(15dias),2733.0,0.0.0.0.0,0,750,0,0,0,EF_CLASS,255,EF_VOLATILE,58
3366,Poção_de_Saúde(30dias),2733.0,0.0.0.0.0,0,150000,0,0,0,EF_CLASS,255,EF_VOLATILE,58
3367,Água_das_Fadas,2763.0,0.0.0.0.0,0,1100000,0,0,0,EF_VOLATILE,179,EF_GRID,0
3368,Ração_de_Javali(P),968.0,0.0.0.0.0,0,10,0,0,0,EF_VOLATILE,15,EF_GRID,0,EF_AMOUNT,20
3369,Ração_de_Lobo(P),969.0,0.0.0.0.0,0,10,0,0,0,EF_VOLATILE,15,EF_GRID,0,EF_AMOUNT,20
3370,Ração_de_Dragão_Menor(P),970.0,0.0.0.0.0,0,10,0,0,0,EF_VOLATILE,15,EF_GRID,0,EF_AMOUNT,20
3371,Ração_de_Urso(P),971.0,0.0.0.0.0,0,10,0,0,0,EF_VOLATILE,15,EF_GRID,0,EF_AMOUNT,20
3372,Ração_de_Dente_de_S(P),972.0,0.0.0.0.0,0,25,0,0,0,EF_VOLATILE,15,EF_GRID,0,EF_AMOUNT,20
3373,Ração_de_Cavalo(P),973.0,0.0.0.0.0,0,45,0,0,0,EF_VOLATILE,15,EF_GRID,0,EF_AMOUNT,100
3374,Ração_de_Tigre_de_Fogo(P),310.0,0.0.0.0.0,0,100,0,0,0,EF_VOLATILE,15,EF_GRID,0,EF_AMOUNT,100
3375,Ração_de_Dragão_Verm(P),311.0,0.0.0.0.0,0,110,0,0,0,EF_VOLATILE,15,EF_GRID,0,EF_AMOUNT,20
3376,Ração_de_Unicórnio(P),308.0,0.0.0.0.0,0,50,0,0,0,EF_VOLATILE,15,EF_GRID,0,EF_AMOUNT,100
3377,Ração_de_Grifo(P),309.0,0.0.0.0.0,0,80,0,0,0,EF_VOLATILE,15,EF_GRID,0,EF_AMOUNT,20
3378,Elixir_da_Coragem(30dias),2886.0,0.0.0.0.0,0,1500000,0,0,0,EF_CLASS,255,EF_AMOUNT,1,EF_VOLATILE,230
3379,Poção_Divina(7dias),2904.0,0.0.0.0.0,0,380,0,0,0,EF_CLASS,255,EF_VOLATILE,64
3380,Poção_Divina(15dias),2904.0,0.0.0.0.0,0,550,0,0,0,EF_CLASS,255,EF_VOLATILE,65
3381,Poção_Divina(30dias),2904.0,0.0.0.0.0,0,800,0,0,0,EF_CLASS,255,EF_VOLATILE,66
3382,Ração_de_Sleipnir(P),972.0,0.0.0.0.0,0,30,0,0,0,EF_VOLATILE,15,EF_GRID,0
3383,Ração_de_Fenrir(P),975.0,0.0.0.0.0,0,30,0,0,0,EF_VOLATILE,15,EF_GRID,0,EF_AMOUNT,100
3384,Ração_de_Dragão(P),976.0,0.0.0.0.0,0,25000,0,0,0,EF_VOLATILE,15,EF_GRID,0,EF_AMOUNT,20
3385,Ração_de_Svadilfari(P),972.0,0.0.0.0.0,0,30,0,0,0,EF_VOLATILE,15,EF_GRID,0
3386,Gema_de_Diamante,2757.0,0.0.0.0.0,148,1000000,0,0,0,EF_VOLATILE,180,EF_GRID,0
3387,Gema_de_Esmeralda,2758.0,0.0.0.0.0,148,1000000,0,0,0,EF_VOLATILE,181,EF_GRID,0
3388,Gema_de_Coral,2760.0,0.0.0.0.0,148,1000000,0,0,0,EF_VOLATILE,182,EF_GRID,0
3389,Gema_de_Garnet,2759.0,0.0.0.0.0,148,1000000,0,0,0,EF_VOLATILE,183,EF_GRID,0
3390,Pesadelo_(N/Ind),2768.0,0.0.0.0.0,0,50000,0,0,0,EF_VOLATILE,173,EF_GRID,0
3391,Pesadelo_(M/Ind),2769.0,0.0.0.0.0,0,50000,0,0,0,EF_VOLATILE,174,EF_GRID,0
3392,Pesadelo_(A/Ind),2770.0,0.0.0.0.0,0,100000,0,0,0,EF_VOLATILE,175,EF_GRID,0
3393,Moeda_WYD,2778.0,0.0.0.0.0,0,0,0,0,0,EF_GRID,0,EF_NOTRADE,1
3394,Insígnia_Sagrada,2775.0,0.0.0.0.0,0,0,0,0,0,EF_GRID,0,EF_NOTRADE,1
3395,Barra_de_Ouro(3000Cash),2776.0,0.0.0.0.0,0,0,0,0,0,EF_VOLATILE,184,EF_GRID,0,EF_SANC,9
3396,Barra_de_Vibrant_Coins,2777.0,0.0.0.0.0,0,0,0,0,0,EF_VOLATILE,184,EF_GRID,0,EF_SANC,9
3397,Tintura_Azul,2781.0,0.0.0.0.0,0,200,8192,0,0,EF_CLASS,255,EF_GRID,0
3398,Tintura_Vermelha,2781.1,0.0.0.0.0,0,200,8192,0,0,EF_CLASS,255,EF_GRID,0
3399,Tintura_Verde,2781.2,0.0.0.0.0,0,200,8192,0,0,EF_CLASS,255,EF_GRID,0
3400,Tintura_Prateada,2781.3,0.0.0.0.0,0,200,8192,0,0,EF_CLASS,255,EF_GRID,0
3401,Tintura_Preta,2781.4,0.0.0.0.0,0,200,8192,0,0,EF_CLASS,255,EF_GRID,0
3402,Tintura_Roxa,2781.5,0.0.0.0.0,0,200,8192,0,0,EF_CLASS,255,EF_GRID,0
3403,Tintura_Marrom,2781.6,0.0.0.0.0,0,200,8192,0,0,EF_CLASS,255,EF_GRID,0
3404,Tintura_Rosa,2781.7,0.0.0.0.0,0,200,8192,0,0,EF_CLASS,255,EF_GRID,0
3405,Tintura_Amarela,2781.8,0.0.0.0.0,0,200,8192,0,0,EF_CLASS,255,EF_GRID,0
3406,Tintura_Azul_Claro,2781.9,0.0.0.0.0,0,200,8192,0,0,EF_CLASS,255,EF_GRID,0
3407,Feijão_Mágico(Azul),2782.0,0.0.0.0.0,0,300,0,0,0,EF_VOLATILE,186,EF_GRID,0
3408,Feijão_Mágico(Vermelho),2782.1,0.0.0.0.0,0,300,0,0,0,EF_VOLATILE,186,EF_GRID,0
3409,Feijão_Mágico(Verde),2782.2,0.0.0.0.0,0,300,0,0,0,EF_VOLATILE,186,EF_GRID,0
3410,Feijão_Mágico(Prateado),2782.3,0.0.0.0.0,0,300,0,0,0,EF_VOLATILE,186,EF_GRID,0
3411,Feijão_Mágico(Preto),2782.4,0.0.0.0.0,0,300,0,0,0,EF_VOLATILE,186,EF_GRID,0
3412,Feijão_Mágico(Roxo),2782.5,0.0.0.0.0,0,300,0,0,0,EF_VOLATILE,186,EF_GRID,0
3413,Feijão_Mágico(Marrom),2782.6,0.0.0.0.0,0,300,0,0,0,EF_VOLATILE,186,EF_GRID,0
3414,Feijão_Mágico(Rosa),2782.7,0.0.0.0.0,0,300,0,0,0,EF_VOLATILE,186,EF_GRID,0
3415,Feijão_Mágico(Amarelo),2782.8,0.0.0.0.0,0,300,0,0,0,EF_VOLATILE,186,EF_GRID,0
3416,Feijão_Mágico(Azul_Claro),2782.9,0.0.0.0.0,0,300,0,0,0,EF_VOLATILE,186,EF_GRID,0
3417,Removedor_de_tintura,2783.0,0.0.0.0.0,0,50,0,0,0,EF_VOLATILE,186,EF_GRID,0
3418,Pergamino_Trans(Javali)2,2752.0,0.0.0.0.0,0,500000,0,0,0,EF_VOLATILE,75,EF_GRID,0
3419,Pergamino_Trans(Lobo)2,2753.0,0.0.0.0.0,0,500000,0,0,0,EF_VOLATILE,76,EF_GRID,0
3420,Pergamino_Trans(Golem)2,2754.0,0.0.0.0.0,0,500000,0,0,0,EF_VOLATILE,77,EF_GRID,0
3421,Pergamino_Trans(Grem),2715.0,0.0.0.0.0,0,500000,0,0,0,EF_VOLATILE,70,EF_GRID,0
3422,Pergamino_Trans(Orc_A),2716.0,0.0.0.0.0,0,500000,0,0,0,EF_VOLATILE,71,EF_GRID,0
3423,Pergamino_Trans(Troll),2717.0,0.0.0.0.0,0,500000,0,0,0,EF_VOLATILE,72,EF_GRID,0
3424,Pergamino_Trans(Carbun),2718.0,0.0.0.0.0,0,500000,0,0,0,EF_VOLATILE,73,EF_GRID,0
3425,Pergamino_Trans(Zumbi),2719.0,0.0.0.0.0,0,500000,0,0,0,EF_VOLATILE,74,EF_GRID,0
3429,Pergaminho_de_Retorno(P),72.0,0.0.0.0.0,0,20,0,0,0,EF_GRID,0,EF_VOLATILE,11,EF_AMOUNT,100
3430,Pergaminho_do_Portal(P),16.0,0.0.0.0.0,0,20,0,0,0,EF_GRID,0,EF_VOLATILE,13,EF_AMOUNT,100
3431,Poção_Poderosa,2820.0,0.0.0.0.0,0,120,0,0,0,EF_CLASS,255,EF_VOLATILE,1,EF_HP,1000,EF_MP,1000,EF_AMOUNT,120
3432,Pedido_de_Caça(Armia),2853.0,0.0.0.0.0,0,1100000,0,0,0,EF_GRID,0,EF_VOLATILE,195,EF_AMOUNT,100
3433,Pedido_de_Caça(Dung),2854.0,0.0.0.0.0,0,1100000,0,0,0,EF_GRID,0,EF_VOLATILE,195,EF_AMOUNT,100
3434,Pedido_de_Caça(SubM),2855.0,0.0.0.0.0,0,1100000,0,0,0,EF_GRID,0,EF_VOLATILE,195,EF_AMOUNT,100
3435,Pedido_de_Caça(Kult),2856.0,0.0.0.0.0,0,1100000,0,0,0,EF_GRID,0,EF_VOLATILE,195,EF_AMOUNT,100
3436,Pedido_de_Caça(Kefra),2857.0,0.0.0.0.0,0,3300000,0,0,0,EF_GRID,0,EF_VOLATILE,195,EF_AMOUNT,100
3437,Pedido_de_Caça(Nipple),2858.0,0.0.0.0.0,0,2200000,0,0,0,EF_GRID,0,EF_VOLATILE,195,EF_AMOUNT,100
3438,Acelerador_de_Nascimento,2859.0,0.0.0.0.0,0,100,0,0,0,EF_GRID,0,EF_VOLATILE,196
3439,Ticket_Serviço(24hrs),997.0,0.0.0.0.0,0,5000,0,0,0,EF_GRID,0,EF_VOLATILE,197
3440,Ticket_Serviço(7dias),997.0,0.0.0.0.0,0,5000,0,0,0,EF_GRID,0,EF_VOLATILE,197
3441,Barra_de_Ouro(10000b/c),2869.0,0.0.0.0.0,0,0,0,0,0,EF_VOLATILE,184,EF_GRID,0,EF_SANC,9
3442,Fogos_de_Artificio_Prm,985.0,0.0.0.0.0,0,500000,0,0,0,EF_GRID,0,EF_VOLATILE,19,EF_AMOUNT,10
3443,Selo_das_Almas,2873.0,0.0.0.0.0,0,6000,0,0,0,EF_CLASS,255,EF_VOLATILE,206
3444,Selo_Contratual,2873.1,0.0.0.0.0,0,0,0,0,0,EF_CLASS,255,EF_VOLATILE,208
3445,Escritura_de_Oriharucon,2879.0,0.0.0.0.0,0,500000,0,0,0,EF_CLASS,255,EF_AMOUNT,10
3446,Escritura_de_Lactolerium,2879.1,0.0.0.0.0,0,500000,0,0,0,EF_CLASS,255,EF_AMOUNT,10
3447,Pacote_Oriharucon,2878.0,0.0.0.0.0,0,0,0,0,0,EF_CLASS,255
3448,Pacote_Lactolerium,2878.1,0.0.0.0.0,0,0,0,0,0,EF_CLASS,255
3451,Flash_Prateado,499.0,0.0.0.0.0,0,1000000,0,0,0,EF_CLASS,255,EF_GRID,0
3452,Flash,496.0,0.0.0.0.0,0,10000000,0,0,0,EF_CLASS,255,EF_GRID,0
3453,Retornar_Cavalo,2884.0,0.0.0.0.0,0,1000000,0,0,0,EF_GRID,0,EF_VOLATILE,0
3454,Retornar_Cavalo(P),2884.0,0.0.0.0.0,0,0,0,0,0,EF_GRID,0,EF_VOLATILE,0,EF_AMOUNT,20
3455,Emblema_Mágico,2873.0,0.0.0.0.0,0,1000000,0,0,0,EF_CLASS,255,EF_VOLATILE,206
3456,Chamado_Real,727.0,0.0.0.0.0,0,5,0,0,0,EF_GRID,0,EF_VOLATILE,13,EF_ITEMTYPE,1
3457,Selo_do_Comandante,494.0,0.0.0.0.0,0,2000000,8192,0,0,EF_CLASS,255,EF_GRID,0,,1
3458,Selo_da_Fúria,495.0,0.0.0.0.0,0,2000000,8192,0,0,EF_CLASS,255,EF_GRID,0,,1
3459,Selo_da_Intelectualidade,25.0,0.0.0.0.0,0,2000000,8192,0,0,EF_CLASS,255,EF_GRID,0,,1
3460,Selo_da_Coragem,498.0,0.0.0.0.0,0,2000000,8192,0,18,EF_CLASS,255,EF_GRID,0,,1
3461,Estabilizador_de_Crescimento,2763.0,0.0.0.0.0,0,400000,0,0,0,EF_CLASS,255,EF_GRID,0,EF_VOLATILE,241
3462,Zealot_a_Seal,494.0,0.0.0.0.0,0,100,8192,0,18,EF_CLASS,255,EF_GRID,0,EF_STR,500,EF_INT,500,EF_DEX,500,EF_CON,500,,1
3463,Pergaminho_da_Ressurreição,2871.0,0.0.0.0.0,0,300,0,0,0,EF_GRID,0,EF_AMOUNT,100
3464,Pedra_Amunra,2910.0,255.0.0.0.0,0,1000,3840,0,0,EF_CLASS,255,EF_HPADD,17,EF_ITEMGRADE,4,EF_STR,100,EF_DEX,100,EF_INT,100,EF_CON,100,EF_PVPAC,15
3465,Ração_de_Fênix(P),975.0,0.0.0.0.0,0,30,0,0,0,EF_VOLATILE,15,EF_GRID,0,EF_AMOUNT,100
3466,Ração_de_Fenrir_das_Sombras(P),972.0,0.0.0.0.0,0,30,0,0,0,EF_VOLATILE,15,EF_GRID,0,EF_AMOUNT,100
3467,Bolsa_do_Andarilho,0.0,0.0.0.0.0,0,200,0,0,0
3468,Bênção_de_Hades_I,0.0,0.0.0.0.0,0,0,0,0,0
3469,Bênção_de_Hades_II,0.0,0.0.0.0.0,0,0,0,0,0
3470,Bênção_de_Hades_III,0.0,0.0.0.0.0,0,0,0,0,0
3471,Bênção_de_Hades_IV,0.0,0.0.0.0.0,0,0,0,0,0
3473,Pergaminho_Kefra,0.0,0.0.0.0.0,0,0,0,0,0
3474,Pergaminho_da_Alma,0.0,0.0.0.0.0,0,0,0,0,0
3478,Sussurro_Demoníaco,0.0,0.0.0.0.0,0,0,0,0,0
3479,Caixa_do_Andarilho,0.0,0.0.0.0.0,0,200,0,0,0,EF_VOLATILE,1
3500,Cythera_Prateada,2882.0,0.0.0.0.0,0,174000,2,0,24,EF_CLASS,255,EF_GRID,0,EF_AC,80,EF_SAVEMANA,10,EF_TRANS,1,EF_ITEMGRADE,6
3501,Cythera_Dourada,2882.1,0.0.0.0.0,0,174000,2,0,25,EF_CLASS,255,EF_GRID,0,EF_AC,90,EF_SAVEMANA,10,EF_TRANS,1,EF_ITEMGRADE,6
3502,Cythera_Mística,2882.2,0.0.0.0.0,0,174000,2,0,26,EF_CLASS,255,EF_GRID,0,EF_AC,110,EF_SAVEMANA,10,EF_TRANS,1,EF_ITEMGRADE,6
3503,Cythera_Draconiana,2882.2,0.0.0.0.0,0,1200,2,0,0,EF_CLASS,255,EF_GRID,0,,1,EF_MPADD,20,EF_HPADD,20,EF_AC,250,EF_ITEMGRADE,6
3504,Cythera_Demoníaca,2882.2,0.0.0.0.0,0,1200,2,0,0,EF_CLASS,255,EF_GRID,0,,1,EF_MPADD,20,EF_HPADD,20,EF_AC,250,EF_ITEMGRADE,6
3505,Cythera_Explosiva,2882.2,0.0.0.0.0,0,1200,2,0,0,EF_CLASS,255,EF_GRID,0,,1,EF_MPADD,20,EF_HPADD,20,EF_AC,250,EF_ITEMGRADE,6
3506,Cythera_Grifiana,2882.2,0.0.0.0.0,0,1200,2,0,0,EF_CLASS,255,EF_GRID,0,,1,EF_MPADD,20,EF_HPADD,20,EF_AC,250,EF_ITEMGRADE,6
3507,Cythera_Arcana,2882.2,0.0.0.0.0,0,1200,2,0,26,EF_CLASS,255,EF_GRID,0,EF_MPADD,20,EF_HPADD,20,EF_AC,250,EF_ITEMGRADE,6,EF_TRANS,1
3508,Cythera_de_Rubi,2882.2,0.0.0.0.0,0,1200,2,0,26,EF_CLASS,255,EF_GRID,0,EF_MPADD,25,EF_HPADD,25,EF_AC,300,EF_ITEMGRADE,6,EF_TRANS,3,EF_PVPDAMAGE,50,EF_PVPAC,50,EF_NOTRADE,1
3509,Cythera_de_Diamante,2882.2,0.0.0.0.0,0,1200,2,0,26,EF_CLASS,255,EF_GRID,0,EF_MPADD,30,EF_HPADD,30,EF_AC,350,EF_ITEMGRADE,6,EF_TRANS,3
3510,Cythera_Obscura,2882.2,0.0.0.0.0,0,1200,2,0,26,EF_CLASS,255,EF_GRID,0,EF_MPADD,30,EF_HPADD,30,EF_AC,400,EF_ITEMGRADE,6,EF_TRANS,3
3551,Asa_Draconiana,2805.0,257.0.0.0.0,41,251000,192,3601,0,EF_CLASS,255,EF_GRID,0,EF_DAMAGE,246,EF_RANGE,2,EF_WTYPE,11,EF_TRANS,2,EF_ITEMGRADE,5
3556,Arco_Guardião,2809.0,260.0.0.0.0,42,251000,64,3621,0,EF_CLASS,10,EF_GRID,0,EF_DAMAGE,290,EF_RANGE,5,EF_WTYPE,101,EF_ATTSPEED,1,EF_TRANS,2,EF_ITEMGRADE,5
3561,Dianus,2810.0,254.0.0.0.0,43,251000,64,3641,0,EF_CLASS,9,EF_GRID,0,EF_DAMAGE,340,EF_RANGE,0,EF_WTYPE,41,EF_AC,40,EF_TRANS,2,EF_ITEMGRADE,5,EF_DEX,60
3566,Foice_Platinada,2812.0,260.0.0.0.0,44,251000,64,3661,0,EF_CLASS,5,EF_GRID,0,EF_DAMAGE,252,EF_RANGE,2,EF_WTYPE,21,EF_MAGIC,53,EF_TRANS,2,EF_ITEMGRADE,5
3571,Vingadora,2813.0,257.0.0.0.0,45,251000,192,3681,0,EF_CLASS,255,EF_GRID,0,EF_DAMAGE,245,EF_RANGE,2,EF_WTYPE,1,EF_TRANS,2,EF_ITEMGRADE,5
3576,Karikas,2814.0,258.0.0.0.0,46,251000,64,3701,0,EF_CLASS,5,EF_GRID,0,EF_DAMAGE,254,EF_RANGE,4,EF_WTYPE,103,EF_ATTSPEED,1,EF_TRANS,2,EF_ITEMGRADE,5
3581,Força_Eterna,2815.0,255.0.0.0.0,47,251000,192,3721,0,EF_CLASS,2,EF_GRID,0,EF_DAMAGE,164,EF_RANGE,1,EF_WTYPE,31,EF_MAGIC,30,EF_TRANS,2,EF_ITEMGRADE,5
3582,Cajado_Caótico,2808.0,259.0.0.0.0,47,251000,64,3725,0,EF_CLASS,2,EF_GRID,0,EF_DAMAGE,226,EF_RANGE,2,EF_WTYPE,32,EF_MAGIC,55,EF_TRANS,2,EF_ITEMGRADE,5
3591,Éden,2807.0,259.0.0.0.0,48,251000,64,3761,0,EF_CLASS,1,EF_GRID,0,EF_DAMAGE,380,EF_RANGE,2,EF_WTYPE,3,EF_TRANS,2,EF_ITEMGRADE,5,EF_STR,75
3596,Demolidor_Celestial,2806.0,260.0.0.0.0,49,251000,64,3781,0,EF_CLASS,1,EF_GRID,0,EF_DAMAGE,382,EF_RANGE,2,EF_WTYPE,13,EF_TRANS,2,EF_ITEMGRADE,5,EF_CRITICAL,30
3601,Asa_Draconiana(Anct),2805.0,307.0.0.0.0,41,550000,192,0,5,EF_CLASS,255,EF_GRID,0,EF_DAMAGE,288,EF_RANGE,2,EF_WTYPE,11,EF_TRANS,2,EF_ITEMGRADE,6
3602,Asa_Draconiana(Anct),2805.0,307.0.0.0.0,41,550000,192,0,6,EF_CLASS,255,EF_GRID,0,EF_DAMAGE,288,EF_RANGE,2,EF_WTYPE,11,EF_TRANS,2,EF_ITEMGRADE,6
3603,Asa_Draconiana(Anct),2805.0,307.0.0.0.0,41,550000,192,0,7,EF_CLASS,255,EF_GRID,0,EF_DAMAGE,288,EF_RANGE,2,EF_WTYPE,11,EF_TRANS,2,EF_ITEMGRADE,6
3604,Asa_Draconiana(Anct),2805.0,307.0.0.0.0,41,550000,192,0,8,EF_CLASS,255,EF_GRID,0,EF_DAMAGE,288,EF_RANGE,2,EF_WTYPE,11,EF_TRANS,2,EF_ITEMGRADE,6
3605,Machado_Gaoth(Anct),2894.0,285.0.0.0.0,41,270000,192,2491,5,EF_CLASS,255,EF_GRID,0,EF_DAMAGE,774,EF_RANGE,2,EF_WTYPE,11,EF_TRANS,3,EF_ITEMGRADE,6
3606,Machado_Gaoth(Anct),2894.0,285.0.0.0.0,41,270000,192,2491,6,EF_CLASS,255,EF_GRID,0,EF_DAMAGE,774,EF_RANGE,2,EF_WTYPE,11,EF_TRANS,3,EF_ITEMGRADE,6
3607,Machado_Gaoth(Anct),2894.0,285.0.0.0.0,41,270000,192,2491,7,EF_CLASS,255,EF_GRID,0,EF_DAMAGE,774,EF_RANGE,2,EF_WTYPE,11,EF_TRANS,3,EF_ITEMGRADE,6
3608,Machado_Gaoth(Anct),2894.0,285.0.0.0.0,41,270000,192,2491,8,EF_CLASS,255,EF_GRID,0,EF_DAMAGE,774,EF_RANGE,2,EF_WTYPE,11,EF_TRANS,3,EF_ITEMGRADE,6
3621,Arco_do_Guardião_(Anct),2809.0,310.0.0.0.0,42,550000,64,0,5,EF_CLASS,10,EF_GRID,0,EF_DAMAGE,340,EF_RANGE,5,EF_WTYPE,101,EF_ATTSPEED,1,EF_TRANS,2,EF_ITEMGRADE,6
3622,Arco_do_Guardião_(Anct),2809.0,310.0.0.0.0,42,550000,64,0,6,EF_CLASS,10,EF_GRID,0,EF_DAMAGE,340,EF_RANGE,5,EF_WTYPE,101,EF_ATTSPEED,1,EF_TRANS,2,EF_ITEMGRADE,6
3623,Arco_do_Guardião_(Anct),2809.0,310.0.0.0.0,42,550000,64,0,7,EF_CLASS,10,EF_GRID,0,EF_DAMAGE,340,EF_RANGE,5,EF_WTYPE,101,EF_ATTSPEED,1,EF_TRANS,2,EF_ITEMGRADE,6
3624,Arco_do_Guardião_(Anct),2809.0,310.0.0.0.0,42,550000,64,0,8,EF_CLASS,10,EF_GRID,0,EF_DAMAGE,340,EF_RANGE,5,EF_WTYPE,101,EF_ATTSPEED,1,EF_TRANS,2,EF_ITEMGRADE,6
3625,Eithna(Anct),2892.0,290.0.0.0.0,42,270000,64,2551,5,EF_CLASS,255,EF_GRID,0,EF_DAMAGE,915,EF_RANGE,5,EF_WTYPE,101,EF_ATTSPEED,1,EF_TRANS,3,EF_ITEMGRADE,6
3626,Eithna(Anct),2892.0,290.0.0.0.0,42,270000,64,2551,6,EF_CLASS,255,EF_GRID,0,EF_DAMAGE,915,EF_RANGE,5,EF_WTYPE,101,EF_ATTSPEED,1,EF_TRANS,3,EF_ITEMGRADE,6
3627,Eithna(Anct),2892.0,290.0.0.0.0,42,270000,64,2551,7,EF_CLASS,255,EF_GRID,0,EF_DAMAGE,915,EF_RANGE,5,EF_WTYPE,101,EF_ATTSPEED,1,EF_TRANS,3,EF_ITEMGRADE,6
3628,Eithna(Anct),2892.0,290.0.0.0.0,42,270000,64,2551,8,EF_CLASS,255,EF_GRID,0,EF_DAMAGE,915,EF_RANGE,5,EF_WTYPE,101,EF_ATTSPEED,1,EF_TRANS,3,EF_ITEMGRADE,6
3641,Dianus(Anct),2810.0,304.0.0.0.0,43,550000,64,0,5,EF_CLASS,9,EF_GRID,0,EF_DAMAGE,391,EF_RANGE,0,EF_WTYPE,41,EF_AC,45,EF_TRANS,2,EF_ITEMGRADE,6,EF_DEX,120
3642,Dianus(Anct),2810.0,304.0.0.0.0,43,550000,64,0,6,EF_CLASS,9,EF_GRID,0,EF_DAMAGE,391,EF_RANGE,0,EF_WTYPE,41,EF_AC,45,EF_TRANS,2,EF_ITEMGRADE,6,EF_DEX,120
3643,Dianus(Anct),2810.0,304.0.0.0.0,43,550000,64,0,7,EF_CLASS,9,EF_GRID,0,EF_DAMAGE,391,EF_RANGE,0,EF_WTYPE,41,EF_AC,45,EF_TRANS,2,EF_ITEMGRADE,6,EF_DEX,120
3644,Dianus(Anct),2810.0,304.0.0.0.0,43,550000,64,0,8,EF_CLASS,9,EF_GRID,0,EF_DAMAGE,391,EF_RANGE,0,EF_WTYPE,41,EF_AC,45,EF_TRANS,2,EF_ITEMGRADE,6,EF_DEX,120
3645,Lupercus(Anct),2893.0,282.0.0.0.0,43,270000,64,2611,5,EF_CLASS,255,EF_GRID,0,EF_DAMAGE,1047,EF_RANGE,1,EF_WTYPE,41,EF_AC,45,EF_TRANS,3,EF_ITEMGRADE,6,EF_DEX,180
3646,Lupercus(Anct),2893.0,282.0.0.0.0,43,270000,64,2611,6,EF_CLASS,255,EF_GRID,0,EF_DAMAGE,1047,EF_RANGE,1,EF_WTYPE,41,EF_AC,45,EF_TRANS,3,EF_ITEMGRADE,6,EF_DEX,180
3647,Lupercus(Anct),2893.0,282.0.0.0.0,43,270000,64,2611,7,EF_CLASS,255,EF_GRID,0,EF_DAMAGE,1047,EF_RANGE,1,EF_WTYPE,41,EF_AC,45,EF_TRANS,3,EF_ITEMGRADE,6,EF_DEX,180
3648,Lupercus(Anct),2893.0,282.0.0.0.0,43,270000,64,2611,8,EF_CLASS,255,EF_GRID,0,EF_DAMAGE,1047,EF_RANGE,1,EF_WTYPE,41,EF_AC,45,EF_TRANS,3,EF_ITEMGRADE,6,EF_DEX,180
3661,Foice_Platinada(Anct),2812.0,310.0.0.0.0,44,550000,64,0,5,EF_CLASS,5,EF_GRID,0,EF_DAMAGE,260,EF_RANGE,2,EF_WTYPE,21,EF_MAGIC,60,EF_TRANS,2,EF_ITEMGRADE,6
3662,Foice_Platinada(Anct),2812.0,310.0.0.0.0,44,550000,64,0,6,EF_CLASS,5,EF_GRID,0,EF_DAMAGE,260,EF_RANGE,2,EF_WTYPE,21,EF_MAGIC,60,EF_TRANS,2,EF_ITEMGRADE,6
3663,Foice_Platinada(Anct),2812.0,310.0.0.0.0,44,550000,64,0,7,EF_CLASS,5,EF_GRID,0,EF_DAMAGE,260,EF_RANGE,2,EF_WTYPE,21,EF_MAGIC,60,EF_TRANS,2,EF_ITEMGRADE,6
3664,Foice_Platinada(Anct),2812.0,310.0.0.0.0,44,550000,64,0,8,EF_CLASS,5,EF_GRID,0,EF_DAMAGE,260,EF_RANGE,2,EF_WTYPE,21,EF_MAGIC,60,EF_TRANS,2,EF_ITEMGRADE,6
3665,Gae_Bulg(Anct),2897.0,290.0.0.0.0,44,270000,64,2671,5,EF_CLASS,255,EF_GRID,0,EF_DAMAGE,701,EF_RANGE,2,EF_WTYPE,21,EF_MAGIC,164,EF_TRANS,3,EF_ITEMGRADE,6
3666,Gae_Bulg(Anct),2897.0,290.0.0.0.0,44,270000,64,2671,6,EF_CLASS,255,EF_GRID,0,EF_DAMAGE,701,EF_RANGE,2,EF_WTYPE,21,EF_MAGIC,164,EF_TRANS,3,EF_ITEMGRADE,6
3667,Gae_Bulg(Anct),2897.0,290.0.0.0.0,44,270000,64,2671,7,EF_CLASS,255,EF_GRID,0,EF_DAMAGE,701,EF_RANGE,2,EF_WTYPE,21,EF_MAGIC,164,EF_TRANS,3,EF_ITEMGRADE,6
3668,Gae_Bulg(Anct),2897.0,290.0.0.0.0,44,270000,64,2671,8,EF_CLASS,255,EF_GRID,0,EF_DAMAGE,701,EF_RANGE,2,EF_WTYPE,21,EF_MAGIC,164,EF_TRANS,3,EF_ITEMGRADE,6
3681,Vingadora(Anct),2813.0,307.0.0.0.0,45,550000,192,0,5,EF_CLASS,255,EF_GRID,0,EF_DAMAGE,287,EF_RANGE,2,EF_WTYPE,1,EF_TRANS,2,EF_ITEMGRADE,6
3682,Vingadora(Anct),2813.0,307.0.0.0.0,45,550000,192,0,6,EF_CLASS,255,EF_GRID,0,EF_DAMAGE,287,EF_RANGE,2,EF_WTYPE,1,EF_TRANS,2,EF_ITEMGRADE,6
3683,Vingadora(Anct),2813.0,307.0.0.0.0,45,550000,192,0,7,EF_CLASS,255,EF_GRID,0,EF_DAMAGE,287,EF_RANGE,2,EF_WTYPE,1,EF_TRANS,2,EF_ITEMGRADE,6
3684,Vingadora(Anct),2813.0,307.0.0.0.0,45,550000,192,0,8,EF_CLASS,255,EF_GRID,0,EF_DAMAGE,287,EF_RANGE,2,EF_WTYPE,1,EF_TRANS,2,EF_ITEMGRADE,6
3685,Tyrfing(Anct),2898.0,285.0.0.0.0,45,270000,192,2731,5,EF_CLASS,255,EF_GRID,0,EF_DAMAGE,771,EF_RANGE,2,EF_WTYPE,1,EF_TRANS,3,EF_ITEMGRADE,6
3686,Tyrfing(Anct),2898.0,285.0.0.0.0,45,270000,192,2731,6,EF_CLASS,255,EF_GRID,0,EF_DAMAGE,771,EF_RANGE,2,EF_WTYPE,1,EF_TRANS,3,EF_ITEMGRADE,6
3687,Tyrfing(Anct),2898.0,285.0.0.0.0,45,270000,192,2731,7,EF_CLASS,255,EF_GRID,0,EF_DAMAGE,771,EF_RANGE,2,EF_WTYPE,1,EF_TRANS,3,EF_ITEMGRADE,6
3688,Tyrfing(Anct),2898.0,285.0.0.0.0,45,270000,192,2731,8,EF_CLASS,255,EF_GRID,0,EF_DAMAGE,771,EF_RANGE,2,EF_WTYPE,1,EF_TRANS,3,EF_ITEMGRADE,6
3701,Karikas(Anct),2814.0,308.0.0.0.0,46,550000,64,0,5,EF_CLASS,5,EF_GRID,0,EF_DAMAGE,298,EF_RANGE,4,EF_WTYPE,103,EF_ATTSPEED,1,EF_TRANS,2,EF_ITEMGRADE,6
3702,Karikas(Anct),2814.0,308.0.0.0.0,46,550000,64,0,6,EF_CLASS,5,EF_GRID,0,EF_DAMAGE,298,EF_RANGE,4,EF_WTYPE,103,EF_ATTSPEED,1,EF_TRANS,2,EF_ITEMGRADE,6
3703,Karikas(Anct),2814.0,308.0.0.0.0,46,550000,64,0,7,EF_CLASS,5,EF_GRID,0,EF_DAMAGE,298,EF_RANGE,4,EF_WTYPE,103,EF_ATTSPEED,1,EF_TRANS,2,EF_ITEMGRADE,6
3704,Karikas(Anct),2814.0,308.0.0.0.0,46,550000,64,0,8,EF_CLASS,5,EF_GRID,0,EF_DAMAGE,298,EF_RANGE,4,EF_WTYPE,103,EF_ATTSPEED,1,EF_TRANS,2,EF_ITEMGRADE,6
3705,Kenten(Anct),2900.0,284.0.0.0.0,46,270000,64,2791,5,EF_CLASS,255,EF_GRID,0,EF_DAMAGE,813,EF_RANGE,4,EF_WTYPE,103,EF_ATTSPEED,1,EF_TRANS,3,EF_ITEMGRADE,6
3706,Kenten(Anct),2900.0,284.0.0.0.0,46,270000,64,2791,6,EF_CLASS,255,EF_GRID,0,EF_DAMAGE,813,EF_RANGE,4,EF_WTYPE,103,EF_ATTSPEED,1,EF_TRANS,3,EF_ITEMGRADE,6
3707,Kenten(Anct),2900.0,284.0.0.0.0,46,270000,64,2791,7,EF_CLASS,255,EF_GRID,0,EF_DAMAGE,813,EF_RANGE,4,EF_WTYPE,103,EF_ATTSPEED,1,EF_TRANS,3,EF_ITEMGRADE,6
3708,Kenten(Anct),2900.0,284.0.0.0.0,46,270000,64,2791,8,EF_CLASS,255,EF_GRID,0,EF_DAMAGE,813,EF_RANGE,4,EF_WTYPE,103,EF_ATTSPEED,1,EF_TRANS,3,EF_ITEMGRADE,6
3721,Força_Eterna(Anct),2815.0,305.0.0.0.0,47,550000,192,0,5,EF_CLASS,2,EF_GRID,0,EF_DAMAGE,164,EF_RANGE,1,EF_WTYPE,31,EF_MAGIC,38,EF_TRANS,2,EF_ITEMGRADE,6
3722,Força_Eterna(Anct),2815.0,305.0.0.0.0,47,550000,192,0,6,EF_CLASS,2,EF_GRID,0,EF_DAMAGE,164,EF_RANGE,1,EF_WTYPE,31,EF_MAGIC,38,EF_TRANS,2,EF_ITEMGRADE,6
3723,Força_Eterna(Anct),2815.0,305.0.0.0.0,47,550000,192,0,7,EF_CLASS,2,EF_GRID,0,EF_DAMAGE,164,EF_RANGE,1,EF_WTYPE,31,EF_MAGIC,38,EF_TRANS,2,EF_ITEMGRADE,6
3724,Força_Eterna(Anct),2815.0,305.0.0.0.0,47,550000,192,0,8,EF_CLASS,2,EF_GRID,0,EF_DAMAGE,164,EF_RANGE,1,EF_WTYPE,31,EF_MAGIC,38,EF_TRANS,2,EF_ITEMGRADE,6
3725,Cajado_Caótico(Anct),2808.0,309.0.0.0.0,47,550000,64,0,5,EF_CLASS,2,EF_GRID,0,EF_DAMAGE,226,EF_RANGE,2,EF_WTYPE,32,EF_MAGIC,63,EF_TRANS,2,EF_ITEMGRADE,6
3726,Cajado_Caótico(Anct),2808.0,309.0.0.0.0,47,550000,64,0,6,EF_CLASS,2,EF_GRID,0,EF_DAMAGE,226,EF_RANGE,2,EF_WTYPE,32,EF_MAGIC,63,EF_TRANS,2,EF_ITEMGRADE,6
3727,Cajado_Caótico(Anct),2808.0,309.0.0.0.0,47,550000,64,0,7,EF_CLASS,2,EF_GRID,0,EF_DAMAGE,226,EF_RANGE,2,EF_WTYPE,32,EF_MAGIC,63,EF_TRANS,2,EF_ITEMGRADE,6
3728,Cajado_Caótico(Anct),2808.0,309.0.0.0.0,47,550000,64,0,8,EF_CLASS,2,EF_GRID,0,EF_DAMAGE,226,EF_RANGE,2,EF_WTYPE,32,EF_MAGIC,63,EF_TRANS,2,EF_ITEMGRADE,6
3729,Cetro_Rithil(Anct),2890.0,288.0.0.0.0,47,270000,192,2863,5,EF_CLASS,255,EF_GRID,0,EF_DAMAGE,443,EF_RANGE,1,EF_WTYPE,31,EF_MAGIC,104,EF_TRANS,3,EF_ITEMGRADE,6
3730,Cetro_Rithil(Anct),2890.0,288.0.0.0.0,47,270000,192,2863,6,EF_CLASS,255,EF_GRID,0,EF_DAMAGE,443,EF_RANGE,1,EF_WTYPE,31,EF_MAGIC,104,EF_TRANS,3,EF_ITEMGRADE,6
3731,Cetro_Rithil(Anct),2890.0,288.0.0.0.0,47,270000,192,2863,7,EF_CLASS,255,EF_GRID,0,EF_DAMAGE,443,EF_RANGE,1,EF_WTYPE,31,EF_MAGIC,104,EF_TRANS,3,EF_ITEMGRADE,6
3732,Cetro_Rithil(Anct),2890.0,288.0.0.0.0,47,270000,192,2863,8,EF_CLASS,255,EF_GRID,0,EF_DAMAGE,443,EF_RANGE,1,EF_WTYPE,31,EF_MAGIC,104,EF_TRANS,3,EF_ITEMGRADE,6
3733,Dordje(Anct),2891.0,284.0.0.0.0,47,270000,64,2859,5,EF_CLASS,255,EF_GRID,0,EF_DAMAGE,599,EF_RANGE,2,EF_WTYPE,32,EF_MAGIC,170,EF_TRANS,3,EF_ITEMGRADE,6
3734,Dordje(Anct),2891.0,284.0.0.0.0,47,270000,64,2859,6,EF_CLASS,255,EF_GRID,0,EF_DAMAGE,599,EF_RANGE,2,EF_WTYPE,32,EF_MAGIC,170,EF_TRANS,3,EF_ITEMGRADE,6
3735,Dordje(Anct),2891.0,284.0.0.0.0,47,270000,64,2859,7,EF_CLASS,255,EF_GRID,0,EF_DAMAGE,599,EF_RANGE,2,EF_WTYPE,32,EF_MAGIC,170,EF_TRANS,3,EF_ITEMGRADE,6
3736,Dordje(Anct),2891.0,284.0.0.0.0,47,270000,64,2859,8,EF_CLASS,255,EF_GRID,0,EF_DAMAGE,599,EF_RANGE,2,EF_WTYPE,32,EF_MAGIC,170,EF_TRANS,3,EF_ITEMGRADE,6
3761,Éden(Anct),2807.0,309.0.0.0.0,48,550000,64,0,5,EF_CLASS,1,EF_GRID,0,EF_DAMAGE,432,EF_RANGE,2,EF_WTYPE,3,EF_TRANS,2,EF_ITEMGRADE,6,EF_STR,150
3762,Éden(Anct),2807.0,309.0.0.0.0,48,550000,64,0,6,EF_CLASS,1,EF_GRID,0,EF_DAMAGE,432,EF_RANGE,2,EF_WTYPE,3,EF_TRANS,2,EF_ITEMGRADE,6,EF_STR,150
3763,Éden(Anct),2807.0,309.0.0.0.0,48,550000,64,0,7,EF_CLASS,1,EF_GRID,0,EF_DAMAGE,432,EF_RANGE,2,EF_WTYPE,3,EF_TRANS,2,EF_ITEMGRADE,6,EF_STR,150
3764,Éden(Anct),2807.0,309.0.0.0.0,48,550000,64,0,8,EF_CLASS,1,EF_GRID,0,EF_DAMAGE,432,EF_RANGE,2,EF_WTYPE,3,EF_TRANS,2,EF_ITEMGRADE,6,EF_STR,150
3765,Hrotti(Anct),2899.0,290.0.0.0.0,48,270000,64,2895,5,EF_CLASS,255,EF_GRID,0,EF_DAMAGE,1154,EF_RANGE,2,EF_WTYPE,3,EF_TRANS,3,EF_ITEMGRADE,6,EF_STR,210
3766,Hrotti(Anct),2899.0,290.0.0.0.0,48,270000,64,2895,6,EF_CLASS,255,EF_GRID,0,EF_DAMAGE,1154,EF_RANGE,2,EF_WTYPE,3,EF_TRANS,3,EF_ITEMGRADE,6,EF_STR,210
3767,Hrotti(Anct),2899.0,290.0.0.0.0,48,270000,64,2895,7,EF_CLASS,255,EF_GRID,0,EF_DAMAGE,1154,EF_RANGE,2,EF_WTYPE,3,EF_TRANS,3,EF_ITEMGRADE,6,EF_STR,210
3768,Hrotti(Anct),2899.0,290.0.0.0.0,48,270000,64,2895,8,EF_CLASS,255,EF_GRID,0,EF_DAMAGE,1154,EF_RANGE,2,EF_WTYPE,3,EF_TRANS,3,EF_ITEMGRADE,6,EF_STR,210
3781,Demolidor_Celestial(Anct),2806.0,310.0.0.0.0,49,550000,64,0,5,EF_CLASS,1,EF_GRID,0,EF_DAMAGE,436,EF_RANGE,2,EF_WTYPE,13,EF_TRANS,2,EF_ITEMGRADE,6,EF_CRITICAL,35
3782,Demolidor_Celestial(Anct),2806.0,310.0.0.0.0,49,550000,64,0,6,EF_CLASS,1,EF_GRID,0,EF_DAMAGE,436,EF_RANGE,2,EF_WTYPE,13,EF_TRANS,2,EF_ITEMGRADE,6,EF_CRITICAL,35
3783,Demolidor_Celestial(Anct),2806.0,310.0.0.0.0,49,550000,64,0,7,EF_CLASS,1,EF_GRID,0,EF_DAMAGE,436,EF_RANGE,2,EF_WTYPE,13,EF_TRANS,2,EF_ITEMGRADE,6,EF_CRITICAL,35
3784,Demolidor_Celestial(Anct),2806.0,310.0.0.0.0,49,550000,64,0,8,EF_CLASS,1,EF_GRID,0,EF_DAMAGE,436,EF_RANGE,2,EF_WTYPE,13,EF_TRANS,2,EF_ITEMGRADE,6,EF_CRITICAL,35
3785,Martelo_Kaumodaki(Anct),2895.0,290.0.0.0.0,49,270000,64,2935,5,EF_CLASS,255,EF_GRID,0,EF_DAMAGE,1165,EF_RANGE,2,EF_WTYPE,13,EF_TRANS,3,EF_ITEMGRADE,6,EF_CRITICAL,50
3786,Martelo_Kaumodaki(Anct),2895.0,290.0.0.0.0,49,270000,64,2935,6,EF_CLASS,255,EF_GRID,0,EF_DAMAGE,1165,EF_RANGE,2,EF_WTYPE,13,EF_TRANS,3,EF_ITEMGRADE,6,EF_CRITICAL,50
3787,Martelo_Kaumodaki(Anct),2895.0,290.0.0.0.0,49,270000,64,2935,7,EF_CLASS,255,EF_GRID,0,EF_DAMAGE,1165,EF_RANGE,2,EF_WTYPE,13,EF_TRANS,3,EF_ITEMGRADE,6,EF_CRITICAL,50
3788,Martelo_Kaumodaki(Anct),2895.0,290.0.0.0.0,49,270000,64,2935,8,EF_CLASS,255,EF_GRID,0,EF_DAMAGE,1165,EF_RANGE,2,EF_WTYPE,13,EF_TRANS,3,EF_ITEMGRADE,6,EF_CRITICAL,50
3789,NONAME,0.0,0.0.0.0.0,0,0,0,0,0
3790,NONAME,0.0,0.0.0.0.0,0,0,0,0,0
3791,NONAME,0.0,0.0.0.0.0,0,0,0,0,0
3792,NONAME,0.0,0.0.0.0.0,0,0,0,0,0
3793,NONAME,0.0,0.0.0.0.0,0,0,0,0,0
3794,NONAME,0.0,0.0.0.0.0,0,0,0,0,0
3795,NONAME,0.0,0.0.0.0.0,0,0,0,0,0
3796,NONAME,0.0,0.0.0.0.0,0,0,0,0,0
3801,Elmo(Le),19.0,285.0.0.0.0,10,172000,2,0,4,EF_CLASS,1,EF_GRID,0,EF_AC,118,EF_SAVEMANA,9,EF_MPADD,10,EF_TRANS,2,EF_ITEMGRADE,5
3802,Armadura(Le),19.0,285.0.0.0.0,10,172000,4,0,4,EF_CLASS,1,EF_GRID,0,EF_AC,152,EF_CRITICAL,50,EF_HPADD,9,EF_TRANS,2,EF_ITEMGRADE,5
3803,Calça(Le),19.0,285.0.0.0.0,10,172000,8,0,4,EF_CLASS,1,EF_GRID,0,EF_AC,132,EF_CRITICAL,50,EF_HPADD,9,EF_TRANS,2,EF_ITEMGRADE,5
3804,Monaplas(Le),19.0,285.0.0.0.0,10,172000,16,0,4,EF_CLASS,1,EF_GRID,0,EF_AC,102,EF_MPADD,8,EF_TRANS,2,EF_ITEMGRADE,5
3805,Botas(Le),19.0,285.0.0.0.0,10,172000,32,0,4,EF_CLASS,1,EF_GRID,0,EF_AC,104,EF_RUNSPEED,2,EF_MPADD,12,EF_DAMAGE,24,EF_TRANS,2,EF_ITEMGRADE,5
3821,Elmo(Le),19.0,281.0.0.0.0,20,172000,2,0,4,EF_CLASS,2,EF_GRID,0,EF_AC,112,EF_SAVEMANA,9,EF_MPADD,11,EF_TRANS,2,EF_ITEMGRADE,5
3822,Túnica(Le),19.0,281.0.0.0.0,20,172000,4,0,4,EF_CLASS,2,EF_GRID,0,EF_AC,146,EF_CRITICAL,45,EF_HPADD,8,EF_TRANS,2,EF_ITEMGRADE,5
3823,Calça(Le),19.0,281.0.0.0.0,20,172000,8,0,4,EF_CLASS,2,EF_GRID,0,EF_AC,126,EF_CRITICAL,45,EF_HPADD,8,EF_TRANS,2,EF_ITEMGRADE,5
3824,Luvas(Le),19.0,281.0.0.0.0,20,172000,16,0,4,EF_CLASS,2,EF_GRID,0,EF_AC,96,EF_MPADD,9,EF_TRANS,2,EF_ITEMGRADE,5
3825,Botas(Le),19.0,281.0.0.0.0,20,172000,32,0,4,EF_CLASS,2,EF_GRID,0,EF_AC,98,EF_RUNSPEED,2,EF_MPADD,12,EF_DAMAGE,24,EF_TRANS,2,EF_ITEMGRADE,5
3841,Elmo(Le),19.0,284.0.0.0.0,30,172000,2,0,4,EF_CLASS,4,EF_GRID,0,EF_AC,110,EF_SAVEMANA,10,EF_MPADD,11,EF_TRANS,2,EF_ITEMGRADE,5
3842,Armadura(Le),19.0,284.0.0.0.0,30,172000,4,0,4,EF_CLASS,4,EF_GRID,0,EF_AC,138,EF_CRITICAL,45,EF_HPADD,7,EF_TRANS,2,EF_ITEMGRADE,5
3843,Calça(Le),19.0,284.0.0.0.0,30,172000,8,0,4,EF_CLASS,4,EF_GRID,0,EF_AC,120,EF_CRITICAL,45,EF_HPADD,8,EF_TRANS,2,EF_ITEMGRADE,5
3844,Luvas(Le),19.0,284.0.0.0.0,30,172000,16,0,4,EF_CLASS,4,EF_GRID,0,EF_AC,92,EF_MPADD,9,EF_TRANS,2,EF_ITEMGRADE,5
3845,Botas(Le),19.0,284.0.0.0.0,30,172000,32,0,4,EF_CLASS,4,EF_GRID,0,EF_AC,94,EF_RUNSPEED,2,EF_MPADD,12,EF_DAMAGE,24,EF_TRANS,2,EF_ITEMGRADE,5
3861,Elmo(Le),19.0,283.0.0.0.0,40,172000,2,0,4,EF_CLASS,8,EF_GRID,0,EF_AC,112,EF_SAVEMANA,8,EF_MPADD,10,EF_TRANS,2,EF_ITEMGRADE,5
3862,Peitoral(Le),19.0,283.0.0.0.0,40,172000,4,0,4,EF_CLASS,8,EF_GRID,0,EF_AC,146,EF_CRITICAL,45,EF_HPADD,8,EF_TRANS,2,EF_ITEMGRADE,5
3863,Calça(Le),19.0,283.0.0.0.0,40,172000,8,0,4,EF_CLASS,8,EF_GRID,0,EF_AC,126,EF_CRITICAL,45,EF_HPADD,9,EF_TRANS,2,EF_ITEMGRADE,5
3864,Luvas(Le),19.0,283.0.0.0.0,40,172000,16,0,4,EF_CLASS,8,EF_GRID,0,EF_AC,96,EF_MPADD,9,EF_TRANS,2,EF_ITEMGRADE,5
3865,Botas(Le),19.0,283.0.0.0.0,40,172000,32,0,4,EF_CLASS,8,EF_GRID,0,EF_AC,98,EF_RUNSPEED,2,EF_MPADD,13,EF_DAMAGE,24,EF_TRANS,2,EF_ITEMGRADE,5
3870,Invisibilidade,-1.0,0.0.0.0.0,0,0,0,0,0
3871,Mestre_das_Armas,-1.0,0.0.0.0.0,0,0,0,0,0
3872,Vingança,-1.0,0.0.0.0.0,0,0,0,0,0
3873,Cegueira,-1.0,0.0.0.0.0,0,0,0,0,0
3874,Atordoamento,-1.0,0.0.0.0.0,0,0,0,0,0
3875,Lobisomem,-1.0,0.0.0.0.0,0,0,0,0,0
3876,Cancelamento,-1.0,0.0.0.0.0,0,0,0,0,0
3900,Fada_Verde(3dias),2773.0,0.0.0.0.0,0,800,8192,0,0,EF_CLASS,255,EF_GRID,0,EF_DAY,3,EF_HOUR,0,EF_MINUTE,0
3901,Fada_Azul(3dias),2773.1,0.0.0.0.0,0,50000,8192,0,16,EF_CLASS,255,EF_GRID,0,EF_DAY,3,EF_HOUR,0,EF_MINUTE,0
3902,Fada_Vermelha(3dias),2773.2,0.0.0.0.0,0,1300,8192,0,16,EF_CLASS,255,EF_GRID,0,EF_DAY,3,EF_HOUR,0,EF_MINUTE,0
3903,Fada_Verde(5dias),2773.0,0.0.0.0.0,0,50000,8192,0,0,EF_CLASS,255,EF_GRID,0,EF_DAY,5,EF_HOUR,0,EF_MINUTE,0
3904,Fada_Azul(5dias),2773.1,0.0.0.0.0,0,50000,8192,0,16,EF_CLASS,255,EF_GRID,0,EF_DAY,5,EF_HOUR,0,EF_MINUTE,0
3905,Fada_Vermelha(5dias),2773.2,0.0.0.0.0,0,50000,8192,0,16,EF_CLASS,255,EF_GRID,0,EF_DAY,5,EF_HOUR,0,EF_MINUTE,0
3906,Fada_Verde(7dias),2773.0,0.0.0.0.0,0,300,8192,0,0,EF_CLASS,255,EF_GRID,0,EF_DAY,7,EF_HOUR,0,EF_MINUTE,0
3907,Fada_Azul(7dias),2773.1,0.0.0.0.0,0,200,8192,0,16,EF_CLASS,255,EF_GRID,0,EF_DAY,7,EF_HOUR,0,EF_MINUTE,0
3908,Fada_Vermelha(7dias),2773.2,0.0.0.0.0,0,400,8192,0,16,EF_CLASS,255,EF_GRID,0,EF_DAY,7,EF_HOUR,0,EF_MINUTE,0
3909,Mapa_Vale_Escondido(24h),2720.0,0.0.0.0.0,0,2000000,0,0,0,EF_VOLATILE,177,EF_GRID,0
3910,Mapa_Vale_Escondido(7d),2720.0,0.0.0.0.0,0,2000000,0,0,0,EF_VOLATILE,177,EF_GRID,0
3911,Fada_Verde(7dias),2773.0,0.0.0.0.0,0,50000,8192,0,19,EF_CLASS,255,EF_GRID,0,EF_DAY,7,EF_HOUR,0,EF_MINUTE,0,EF_TRANS,2
3912,Fada_Verde(15dias),2773.0,0.0.0.0.0,0,50000,8192,0,19,EF_CLASS,255,EF_GRID,0,EF_DAY,7,EF_HOUR,0,EF_MINUTE,0,EF_TRANS,2
3913,Fada_Verde(30dias),2773.0,0.0.0.0.0,0,50000,8192,0,19,EF_CLASS,255,EF_GRID,0,EF_DAY,7,EF_HOUR,0,EF_MINUTE,0,EF_TRANS,2
3914,Fada_Prateada,2877.0,0.0.0.0.0,0,0,8192,0,18,EF_CLASS,255,EF_GRID,0
3915,Fada_Dourada,2877.1,0.0.0.0.0,0,0,8192,0,23,EF_CLASS,255,EF_GRID,0
3916,Fada_do_Vale,2877.1,0.0.0.0.0,0,100000000,8192,0,0,EF_CLASS,255,EF_GRID,0,EF_DAY,7,EF_HOUR,0,EF_MINUTE,0
3920,Montaria_1,2821.0,0.0.0.0.0,0,130,16384,0,0,EF_CLASS,255,EF_GRID,0,,1
3921,Montaria_1,2821.0,0.0.0.0.0,0,130,16384,0,0,EF_CLASS,255,EF_GRID,0,,1
3922,Montaria_1,2821.0,0.0.0.0.0,0,130,16384,0,0,EF_CLASS,255,EF_GRID,0,,1
3923,Montaria_1,2821.0,0.0.0.0.0,0,130,16384,0,0,EF_CLASS,255,EF_GRID,0,,1
3924,Montaria_1,2821.0,0.0.0.0.0,0,130,16384,0,0,EF_CLASS,255,EF_GRID,0,,1
3972,Evocar_Guarda_(Asder),512.0,0.0.0.0.0,0,500000,0,0,0,EF_GRID,0,EF_VOLATILE,42
3973,Evocar_Guarda_(Sophia),513.0,0.0.0.0.0,0,500000,0,0,0,EF_GRID,0,EF_VOLATILE,43
3974,Mapa_Vale_Escondido(8h),2720.0,0.0.0.0.0,0,2000000,0,0,0,EF_VOLATILE,177,EF_GRID,0
3975,NONAME,16.0,0.0.0.0.0,0,5000,0,0,0,EF_GRID,0
3980,Lobo_Polar,2821.0,0.0.0.0.0,0,130,16384,0,0,EF_CLASS,255,EF_GRID,0,,1
3981,Rena_Natalina_(Branca),2821.0,0.0.0.0.0,0,40000,16384,0,0,EF_CLASS,255,EF_GRID,0,,1
3982,Rena_Natalina_(Negra),2821.0,0.0.0.0.0,0,40000,16384,0,0,EF_CLASS,255,EF_GRID,0,,1
3983,Lhama,2821.0,0.0.0.0.0,0,220,16384,0,0,EF_CLASS,255,EF_GRID,0,,1
3984,Thoroughbred,2821.0,0.0.0.0.0,0,40000,16384,0,0,EF_CLASS,255,EF_GRID,0,,1
3985,Klazedale,2821.0,0.0.0.0.0,0,40000,16384,0,0,EF_CLASS,255,EF_GRID,0,,1
3986,Shire,2821.0,0.0.0.0.0,0,430,16384,0,0,EF_CLASS,255,EF_GRID,0,,1
3987,Thoroughbred,2821.0,0.0.0.0.0,0,40000,16384,0,0,EF_CLASS,255,EF_GRID,0,,1
3988,Klazedale,2821.0,0.0.0.0.0,0,40000,16384,0,0,EF_CLASS,255,EF_GRID,0,,1
3989,Gullfaxi,2821.0,0.0.0.0.0,0,40000,16384,0,0,EF_CLASS,255,EF_GRID,0,,1
3990,Fenrir_Natalino,314.0,0.0.0.0.0,0,0,16384,0,0,EF_CLASS,255,EF_GRID,0,,1
3991,Vassoura_Voadora,315.0,0.0.0.0.0,0,0,16384,0,0,EF_CLASS,255,EF_GRID,0,,1
3992,Gato_Persa,950.0,0.0.0.0.0,0,0,16384,0,0,EF_CLASS,255,EF_GRID,0,,1
3993,Dragão_Akelo,314.0,0.0.0.0.0,0,0,16384,0,0,EF_CLASS,255,EF_GRID,0,,1
3994,Dragão_Hekalo,314.0,0.0.0.0.0,0,0,16384,0,0,EF_CLASS,255,EF_GRID,0,,1
3995,Dragao_Rustico,950.0,0.0.0.0.0,0,0,16384,0,0,EF_CLASS,255,EF_GRID,0,,1
3996,Fenrir_Selvagem,2924.0,0.0.0.0.0,0,130,16384,0,0,EF_CLASS,255,EF_GRID,0,,1
3997,Unicornio_Nordico,2924.0,0.0.0.0.0,0,130,16384,0,0,EF_CLASS,255,EF_GRID,0,,1
3998,Grifo_Selvagem,950.0,0.0.0.0.0,0,0,16384,0,0,EF_CLASS,255,EF_GRID,0,,1
3999,Fenrir_Natalino,2924.0,0.0.0.0.0,0,130,16384,0,0,EF_CLASS,255,EF_GRID,0,,1
4000,Convite_para_Cubo(M),2736.0,0.0.0.0.0,0,400000,0,0,0,EF_VOLATILE,171,EF_GRID,0
4001,Convite_para_Cubo(A),2737.0,0.0.0.0.0,0,1000000,0,0,0,EF_VOLATILE,172,EF_GRID,0
4003,Caixa_de_Montaria(N),45.0,0.0.0.0.0,0,0,0,0,0,EF_VOLATILE,0,EF_GRID,0
4004,Caixa_de_Montaria(M),45.0,0.0.0.0.0,0,0,0,0,0,EF_VOLATILE,0,EF_GRID,0
4005,Caixa_de_Montaria(A),45.0,0.0.0.0.0,0,0,0,0,0,EF_VOLATILE,0,EF_GRID,0
4006,Manto_do_Aprendiz,27.19,99.0.0.0.0,0,0,-32768,0,0,EF_CLASS,255,EF_AC,30,EF_HP,50,EF_ITEMGRADE,3
4007,Transfiguração,45.0,0.0.0.0.0,0,0,0,0,0,EF_GRID,0
4008,Mestre_do_Comandante,27.21,299.0.0.0.0,0,0,-32768,0,0,EF_CLASS,255,EF_AC,150,EF_HP,200,EF_ITEMGRADE,5
4009,Mestre_do_Comandante,27.22,299.0.0.0.0,0,0,-32768,0,0,EF_CLASS,255,EF_AC,150,EF_HP,200,EF_ITEMGRADE,5
4010,Barra_de_Prata(100Mi),2779.0,0.0.0.0.0,0,100000000,0,0,0,EF_VOLATILE,185,EF_GRID,0,EF_SANC,4
4011,Barra_de_Prata(1Bi),2780.0,0.0.0.0.0,0,1000000000,0,0,0,EF_VOLATILE,185,EF_GRID,0,EF_SANC,4
4012,Passagem_para_Cassino,2774.0,0.0.0.0.0,0,800000,0,0,0,EF_VOLATILE,178,EF_GRID,0
4013,Símbolo_de_Kefra,2819.0,0.0.0.0.0,0,0,0,0,0,EF_CLASS,255,EF_GRID,0,EF_SANC,6
4014,Cupom_de_Bônus,2822.0,0.0.0.0.0,0,0,0,0,0,EF_CLASS,255,EF_GRID,0
4015,Capa_de_Berseker,2840.23,0.0.0.0.0,0,0,-32768,0,0,EF_CLASS,255
4016,Classe_A,2834.0,0.0.0.0.0,0,3000,0,0,0,EF_CLASS,255,EF_GRID,0,EF_VOLATILE,190
4017,Classe_B,2835.0,0.0.0.0.0,0,8000,0,0,0,EF_CLASS,255,EF_GRID,0,EF_VOLATILE,190
4018,Classe_C,2836.0,0.0.0.0.0,0,60000,0,0,0,EF_CLASS,255,EF_GRID,0,EF_VOLATILE,190
4019,Classe_D,2837.0,0.0.0.0.0,0,200000,0,0,0,EF_CLASS,255,EF_GRID,0,EF_VOLATILE,190
4020,Classe_E,2860.0,0.0.0.0.0,0,400000,0,0,0,EF_CLASS,255,EF_GRID,0,EF_VOLATILE,190
4021,Essência_Mithril_A,2834.0,0.0.0.0.0,0,0,0,0,0,EF_CLASS,255,EF_GRID,0,EF_VOLATILE,190
4022,Essência_Mithril_B,2835.0,0.0.0.0.0,0,0,0,0,0,EF_CLASS,255,EF_GRID,0,EF_VOLATILE,190
4023,Essência_Mithril_C,2836.0,0.0.0.0.0,0,0,0,0,0,EF_CLASS,255,EF_GRID,0,EF_VOLATILE,190
4024,Essência_Mithril_D,2837.0,0.0.0.0.0,0,0,0,0,0,EF_CLASS,255,EF_GRID,0,EF_VOLATILE,190
4025,Essência_Mithril_E,2860.0,0.0.0.0.0,0,400000,0,0,0,EF_CLASS,255,EF_GRID,0,EF_VOLATILE,190
4026,Moeda_de_Prata(1Mi),2865.0,0.0.0.0.0,0,1000000,0,0,0,EF_VOLATILE,185,EF_GRID,0,EF_SANC,4
4027,Moeda_de_Prata(5Mi),2866.0,0.0.0.0.0,0,5000000,0,0,0,EF_VOLATILE,185,EF_GRID,0,EF_SANC,4
4028,Barra_de_Prata(10Mi),2867.0,0.0.0.0.0,0,500,0,0,0,EF_VOLATILE,185,EF_GRID,0,EF_SANC,4
4029,Barra_de_Prata(50Mi),2868.0,0.0.0.0.0,0,50000000,0,0,0,EF_VOLATILE,185,EF_GRID,0,EF_SANC,4
4030,Declaração_de_Guerra,511.0,0.0.0.0.0,0,10000000,0,0,0,EF_GRID,0
4031,Recusa_de_Guerra,511.0,0.0.0.0.0,0,10000000,0,0,0,EF_GRID,0
4032,Semente_de_Cristal,82.0,0.0.0.0.0,0,300000,0,0,0,EF_VOLATILE,10
4033,Insígnia_de_Guerra:_Armia,2764.0,0.0.0.0.0,0,80000000,0,0,0,EF_GRID,0
4034,Insígnia_de_Guerra:_Azran,2764.0,0.0.0.0.0,0,80000000,0,0,0,EF_GRID,0
4035,Insígnia_de_Guerra:_Erion,2764.0,0.0.0.0.0,0,80000000,0,0,0,EF_GRID,0
4036,Insígnia_de_Guerra:_Gelo,2764.0,0.0.0.0.0,0,80000000,0,0,0,EF_GRID,0
4037,Pedra_da_Fúria_[5],2764.0,0.0.0.0.0,0,80000000,0,0,0,EF_GRID,0
4038,Vela_do_Coveiro,985.0,0.0.0.0.0,0,80000,0,0,0,EF_GRID,0
4039,Colheita_do_Jardineiro,79.0,0.0.0.0.0,0,100000,0,0,0,EF_GRID,0
4040,Cura_do_Batedor,54.0,0.0.0.0.0,0,120000,0,0,0,EF_GRID,0
4041,Mana_do_Batedor,57.0,0.0.0.0.0,0,150000,0,0,0,EF_GRID,0
4042,Emblema_do_Guarda,499.0,0.0.0.0.0,0,180000,0,0,0,EF_GRID,0
4043,Emblema_da_Proteção,2850.0,0.0.0.0.0,0,250,0,0,0,EF_GRID,0
4044,Emblema_da_Honra,2848.0,0.0.0.0.0,0,1000000,0,0,0,EF_GRID,0
4045,NONAME,2720.0,0.0.0.0.0,0,4000000,0,0,0
4046,Remédio_da_Coragem,54.0,0.0.0.0.0,0,60000,0,0,0,EF_GRID,0
4047,Cupom_de_Bônus,2822.0,0.0.0.0.0,0,0,0,0,0,EF_CLASS,255,EF_GRID,0
4048,Bonus_Coupon2,2822.0,0.0.0.0.0,0,0,0,0,0,EF_CLASS,255,EF_GRID,0
4049,WP_Coupon,2822.0,0.0.0.0.0,0,0,0,0,0,EF_CLASS,255,EF_GRID,0,,1
4051,Medalha_Dourada,2743.0,0.0.0.0.0,0,0,0,0,0,EF_GRID,0
4052,Medalha_Roxa,2744.0,0.0.0.0.0,0,250,0,0,0,EF_GRID,0
4053,Medalha_Vermelha,2741.0,0.0.0.0.0,0,0,0,0,0,EF_GRID,0
4054,Medalha_Azul,2742.0,0.0.0.0.0,0,75,0,0,0,EF_GRID,0
4055,Medalha_Verde,2745.0,0.0.0.0.0,0,0,0,0,0,EF_GRID,0
4056,Marmita,2771.0,0.0.0.0.0,0,25000,0,0,0,EF_CLASS,255,EF_VOLATILE,63,EF_AMOUNT,5
4057,Bebidas,2772.0,0.0.0.0.0,0,25000,0,0,0,EF_CLASS,255,EF_VOLATILE,60,EF_AMOUNT,5
4060,Immaturity_Angel,2773.1,0.0.0.0.0,0,0,8192,0,0,EF_CLASS,255,EF_DAMAGE,5,EF_MAGIC,1,EF_TRANS,2,,1
4061,Ovo_Amarelo,0.0,0.0.0.0.0,0,0,0,0,0
4062,Ovo_Azul,0.0,0.0.0.0.0,0,0,0,0,0
4080,Emblema_da_Aprendizagem,2843.0,100.0.0.0.0,0,0,8192,0,0,EF_GRID,0,EF_CLASS,255
4081,Emblema_do_Reino,2848.0,220.0.0.0.0,0,0,8192,0,0,EF_GRID,0,,EF_CLASS,255
4097,Poção_Poderosa,2820.0,0.0.0.0.0,0,1300000,0,0,0,EF_CLASS,255,EF_VOLATILE,1,EF_HP,1000,EF_MP,1000,EF_AMOUNT,120
4101,Portão_Temporal,1749.0,0.0.0.0.0,0,0,0,0,0,EF_CLASS,255,EF_GROUND,9,EF_KEYID,19
4102,WYD_Caça_Níquel,2784.0,0.0.0.0.0,0,0,0,0,0,EF_CLASS,255,EF_GROUND,10,EF_KEYID,20
4103,Caça_Níquel,2784.0,0.0.0.0.0,0,0,0,0,0,EF_CLASS,255,EF_GROUND,10,EF_KEYID,20
4104,Bolsa_da_Sorte,981.0,0.0.0.0.0,0,0,0,0,0
4105,Envelope_de_Dinheiro,986.0,0.0.0.0.0,0,500000,0,0,0,EF_GRID,0,EF_VOLATILE,18
4106,Cristal_Elime,2823.0,0.0.0.0.0,0,500000,0,0,0,EF_GRID,0,EF_VOLATILE,187,,1
4107,Cristal_Sylphed,2825.0,0.0.0.0.0,0,500000,0,0,0,EF_GRID,0,EF_VOLATILE,187,,1
4108,Cristal_Thelion,2824.0,0.0.0.0.0,0,500000,0,0,0,EF_GRID,0,EF_VOLATILE,187,,1
4109,Cristal_Noas,2826.0,0.0.0.0.0,0,500000,0,0,0,EF_GRID,0,EF_VOLATILE,187,,1
4110,Esfera_da_Sorte(LE),2.0,0.0.0.0.0,0,1600,0,0,0,EF_GRID,0
4111,Entrada_do_Território(N),2831.0,0.0.0.0.0,0,0,0,0,0,EF_GRID,0,EF_VOLATILE,188,,1,,1
4112,Entrada_do_Território(M),2832.0,0.0.0.0.0,0,0,0,0,0,EF_GRID,0,EF_VOLATILE,188,,1,,1
4113,Entrada_do_Território(A),2833.0,0.0.0.0.0,0,0,0,0,0,EF_GRID,0,EF_VOLATILE,188,,1,,1
4114,Esfera_da_Sorte(Ouro),2743.0,0.0.0.0.0,0,0,0,0,0,EF_GRID,0,EF_VOLATILE,189,,1
4115,Esfera_da_Sorte(Vermelho),2741.0,0.0.0.0.0,0,0,0,0,0,EF_GRID,0,EF_VOLATILE,189,,1
4116,Esfera_da_Sorte(Azul),2742.0,0.0.0.0.0,0,0,0,0,0,EF_GRID,0,EF_VOLATILE,189,,1
4117,Caixa_da_Sabedoria,2841.0,0.0.0.0.0,0,0,0,0,0,EF_GRID,0,EF_VOLATILE,191,,1
4118,Lágrima_Angelical,2842.0,0.0.0.0.0,0,0,0,0,0,EF_GRID,0,EF_VOLATILE,191,,1
4119,Coração_do_Kaizen,2844.0,0.0.0.0.0,0,0,0,0,0,EF_GRID,0,EF_VOLATILE,191,,1
4120,Olho_de_Sangue,2845.0,0.0.0.0.0,0,0,0,0,0,EF_GRID,0,EF_VOLATILE,191,,1
4121,Pedra_Espiritual_dos_Elfos,2846.0,0.0.0.0.0,0,0,0,0,0,EF_GRID,0,EF_VOLATILE,191,,1
4122,Molar_de_Gárgula,2847.0,200.0.0.0.0,0,0,0,0,0,EF_GRID,0,EF_VOLATILE,194,,1,EF_CLASS,255,EF_TRANS,2
4123,Pedaço_de_Chance,2849.0,69.0.0.0.0,0,0,0,0,0,EF_GRID,0,,1,EF_CLASS,255,EF_TRANS,2
4124,Composto_de_Chance,2850.0,69.0.0.0.0,0,0,0,0,0,EF_GRID,0,EF_VOLATILE,192,,1,EF_CLASS,255,EF_TRANS,2
4125,Pedaço_de_Equilíbrio,2851.0,119.0.0.0.0,0,0,0,0,0,EF_GRID,0,,1,EF_CLASS,255,EF_TRANS,2
4126,Composto_de_Equilíbrio,2852.0,119.0.0.0.0,0,0,0,0,0,EF_GRID,0,EF_VOLATILE,193,,1,EF_CLASS,255,EF_TRANS,2
4127,Pergaminho_Selado,2862.0,354.0.0.0.0,0,7000,0,0,0,EF_GRID,0,EF_CLASS,255
4128,Esfera_da_Sorte(N),2.5,0.0.0.0.0,0,600,0,0,0,EF_GRID,0
4129,Esfera_da_Sorte(M),2.4,0.0.0.0.0,0,900,0,0,0,EF_GRID,0
4130,Esfera_da_Sorte(A),2.1,0.0.0.0.0,0,1200,0,0,0,EF_GRID,0
4131,Pacote_Safiras(10),935.0,0.0.0.0.0,0,7800000,0,0,0,EF_CLASS,255,EF_SANC,9,EF_AMOUNT,10
4132,Cupom_da_Sorte_A,2863.0,0.0.0.0.0,0,500000,0,0,0,EF_GRID,0,,1
4133,Cupom_da_Sorte_B,2863.0,0.0.0.0.0,0,500000,0,0,0,EF_GRID,0,,1
4134,Cupom_da_Sorte_C,2863.0,0.0.0.0.0,0,500000,0,0,0,EF_GRID,0,,1
4135,Cupom_da_Sorte_D,2863.0,0.0.0.0.0,0,500000,0,0,0,EF_GRID,0,,1
4136,Cupom_da_Sorte_E,2863.0,0.0.0.0.0,0,500000,0,0,0,EF_GRID,0,,1
4137,Cupom_da_Sorte_F,2863.0,0.0.0.0.0,0,500000,0,0,0,EF_GRID,0,,1
4138,Cupom_da_Sorte_G,2863.0,0.0.0.0.0,0,500000,0,0,0,EF_GRID,0,,1
4139,Baú_de_Caça,2864.0,0.0.0.0.0,0,280,0,0,0,EF_GRID,0,EF_VOLATILE,198
4140,Baú_de_Experiência,2864.0,0.0.0.0.0,0,280,0,0,0,EF_GRID,0,EF_VOLATILE,198
4141,Lactolerium_100,2874.8,0.0.0.0.0,0,350,0,0,0,EF_VOLATILE,5,EF_SANC,9
4142,Poeira_de_Fada,78.0,0.0.0.0.0,0,5000,0,0,0,EF_VOLATILE,7,,1
4143,Porta_PvP,480.0,0.0.0.0.0,0,0,0,0,0,EF_CLASS,255,EF_GROUND,1,EF_KEYID,21
4144,Baú_de_Experiência,2864.0,0.0.0.0.0,0,0,0,0,0,EF_GRID,0,EF_VOLATILE,198,EF_NOTRADE,1
4145,Coração_Doce,2870.0,0.0.0.0.0,0,10000000,0,0,0,EF_CLASS,255,EF_VOLATILE,205,EF_AMOUNT,10
4146,Selo_do_Guerreiro,2871.0,0.0.0.0.0,0,8000000,0,0,0,EF_CLASS,255,EF_GRID,0,EF_SANC,3
4147,WYD_TOTO,2863.0,0.0.0.0.0,0,500000,0,0,0,EF_GRID,0,,1,EF_VOLATILE,207
4148,Pedra_Misteriosa,318.0,0.0.0.0.0,0,1000000,0,0,0,EF_GRID,0,EF_SANC,9
4150,Conjunto_Yin-Yang,15.0,0.0.0.0.0,0,1200,4096,0,0,EF_CLASS,255
4151,Conjunto_Quebrado,15.0,0.0.0.0.0,0,1200,4096,0,0,EF_CLASS,255
4152,Conjunto_Valquíria,36.0,0.0.0.0.0,0,600,4096,0,0,EF_CLASS,255
4153,Conjunto_Esqueleto,30.0,0.0.0.0.0,0,600,4096,0,0,EF_CLASS,255
4154,Conjunto_Romano,36.0,0.0.0.0.0,0,1200,4096,0,0,EF_CLASS,255
4155,Conjunto_Kalintz(M),2885.0,0.0.0.0.0,0,600,4096,0,0,EF_CLASS,255
4156,Conjunto_Kalintz(F),2883.0,0.0.0.0.0,0,1200,4096,0,0,EF_CLASS,255
4157,Conjunto_Feiticeira,2883.0,0.0.0.0.0,0,1200,4096,0,0,EF_CLASS,255
4158,Conjunto_Draco,2885.0,0.0.0.0.0,0,600,4096,0,0,EF_CLASS,255
4159,Conjunto_Anjo_Natalino(Vermelho),2885.0,0.0.0.0.0,0,1200,4096,0,0,EF_CLASS,255
4160,Conjunto_Anjo_Natalino(Branco),2885.0,0.0.0.0.0,0,1200,4096,0,0,EF_CLASS,255
4161,Conjunto_Rudolph(Roxo),2885.0,0.0.0.0.0,0,1200,4096,0,0,EF_CLASS,255
4162,Conjunto_Rudolph(Azul),2885.0,0.0.0.0.0,0,1200,4096,0,0,EF_CLASS,255
4163,Conjunto_Militar(Branco),2885.0,0.0.0.0.0,0,1200,4096,0,0,EF_CLASS,255
4164,Conjunto_Militar(Preto),2885.0,0.0.0.0.0,0,1200,4096,0,0,EF_CLASS,255
4165,Conjunto_DemonLord,2885.0,0.0.0.0.0,0,1200,4096,0,0,EF_CLASS,255
4166,Conjunto_Oculto(F),2885.0,0.0.0.0.0,0,1200,4096,0,0,EF_CLASS,255
4167,Conjunto_Anfitriã,2885.0,0.0.0.0.0,0,1200,4096,0,0,EF_CLASS,255
4168,Conjunto_Charmoso,2885.0,0.0.0.0.0,0,1200,4096,0,0,EF_CLASS,255
4169,Conjunto_Madeira(1),2885.0,0.0.0.0.0,0,1500,4096,0,0,EF_CLASS,255
4170,Conjunto_Madeira(2),2885.0,0.0.0.0.0,0,1200,4096,0,0,EF_CLASS,255
4171,Conjunto_Real(Vermelho),2885.0,0.0.0.0.0,0,600,4096,0,0,EF_CLASS,255
4172,Conjunto_Real(Azul),2885.0,0.0.0.0.0,0,600,4096,0,0,EF_CLASS,255
4173,Conjunto_Bruxa_Negra,2885.0,0.0.0.0.0,0,600,4096,0,0,EF_CLASS,255
4174,Conjunto_Penny_o_Palhaço,36.0,0.0.0.0.0,0,1200,4096,0,0,EF_CLASS,255
4175,Conjunto_Dançarina,2885.0,0.0.0.0.0,0,1200,4096,0,0,EF_CLASS,255
4176,Conjunto_Coelho_da_Páscoa,2885.0,0.0.0.0.0,0,1200,4096,0,0,EF_CLASS,255
4177,Conjunto_Oriental,2885.0,0.0.0.0.0,0,1200,4096,0,0,EF_CLASS,255
4178,Conjunto_Feudal(M),2885.0,0.0.0.0.0,0,1200,4096,0,0,EF_CLASS,255
4179,Conjunto_Feudal(F),2885.0,0.0.0.0.0,0,1200,4096,0,0,EF_CLASS,255
4180,Conjunto_Hera_Venenosa,2885.0,0.0.0.0.0,0,1200,4096,0,0,EF_CLASS,255
4181,Conjunto_Succubus,2885.0,0.0.0.0.0,0,1200,4096,0,0,EF_CLASS,255
4182,Conjunto_Medieval,2885.0,0.0.0.0.0,0,1200,4096,0,0,EF_CLASS,255
4183,Conjunto_Elegante,2885.0,0.0.0.0.0,0,1200,4096,0,0,EF_CLASS,255
4184,Conjunto_Yng-Yang,2885.0,0.0.0.0.0,0,1200,4096,0,0,EF_CLASS,255
4185,Conjunto_Odin_Natalino,2885.0,0.0.0.0.0,0,1200,4096,0,0,EF_CLASS,255
4186,Conjunto_Profeta_Destemido,2885.0,0.0.0.0.0,0,1200,4096,0,0,EF_CLASS,255
4187,Conjunto_Rudolph_Mágico,2885.0,0.0.0.0.0,0,1200,4096,0,0,EF_CLASS,255
4188,Conjunto_Anjo_Natalino_Lutador,2885.0,0.0.0.0.0,0,1200,4096,0,0,EF_CLASS,255
4189,Fantasia_de_Carnaval,2885.0,0.0.0.0.0,0,1200,4096,0,0,EF_CLASS,255
4200,Conjunto_Quebrado,2885.0,0.0.0.0.0,0,600,4096,0,0,EF_CLASS,255
4201,Conjunto_Odin_Natalino,2885.0,0.0.0.0.0,0,1200,4096,0,0,EF_CLASS,255
4202,Conjunto_DemonLord,2885.0,0.0.0.0.0,0,1200,4096,0,0,EF_CLASS,255
4203,Conjunto_Bruxa_Negra,2885.0,0.0.0.0.0,0,1200,4096,0,0,EF_CLASS,255
4204,Conjunto_Penny_o_Palhaço,2885.0,0.0.0.0.0,0,1200,4096,0,0,EF_CLASS,255
4205,Conjunto_Anúbis,2885.0,0.0.0.0.0,0,1200,4096,0,0,EF_CLASS,255
4206,Conjunto_Coelhinha_da_Páscoa,2885.0,0.0.0.0.0,0,1200,4096,0,0,EF_CLASS,255
4207,Conjunto_Coelho_da_Páscoa_(II),2885.0,0.0.0.0.0,0,1200,4096,0,0,EF_CLASS,255
4208,Conjunto_Oculto_Negro_(F),2885.0,0.0.0.0.0,0,1200,4096,0,0,EF_CLASS,255
4209,Conjunto_Oculto_Negro_(M),2885.0,0.0.0.0.0,0,1200,4096,0,0,EF_CLASS,255
4210,Conjunto_Mamãe_Noel,2885.0,0.0.0.0.0,0,1200,4096,0,0,EF_CLASS,255
4211,Conjunto_Havaiana,2885.0,0.0.0.0.0,0,1200,4096,0,0,EF_CLASS,255
4212,Conjunto_Cavaleiro_Negro,2885.0,0.0.0.0.0,0,1200,4096,0,0,EF_CLASS,255
4213,Conjunto_Kalintz_Real_(M),2885.0,0.0.0.0.0,0,1200,4096,0,0,EF_CLASS,255
4214,Conjunto_Kalintz_Real_(H),2885.0,0.0.0.0.0,0,1200,4096,0,0,EF_CLASS,255
4300,Skin:_Porco,2885.0,0.0.0.0.0,0,100,0,0,0
4301,Skin:_Javali,2885.0,0.0.0.0.0,0,100,0,0,0
4302,Skin:_Lobo,2885.0,0.0.0.0.0,0,100,0,0,0
4303,Skin:_Dragão_Menor,2885.0,0.0.0.0.0,0,100,0,0,0
4304,Skin:_Urso,2885.0,0.0.0.0.0,0,100,0,0,0
4305,Skin:_Dente_de_Sabre,2885.0,0.0.0.0.0,0,100,0,0,0
4306,Skin:_Hrimfaxi,2885.0,0.0.0.0.0,0,100,0,0,0
4307,Skin:_Cavalo_Fantasma_N,2885.0,0.0.0.0.0,0,100,0,0,0
4308,Skin:_Cavalo_Leve_N,2885.0,0.0.0.0.0,0,100,0,0,0
4309,Skin:_Cavalo_Equip_N,2885.0,0.0.0.0.0,0,100,0,0,0
4310,Skin:_Andaluz_N,2885.0,0.0.0.0.0,0,100,0,0,0
4311,Skin:_Skinfaxi,2885.0,0.0.0.0.0,0,100,0,0,0
4312,Skin:_Cavalo_Fantasma_B,2885.0,0.0.0.0.0,0,100,0,0,0
4313,Skin:_Cavalo_Leve_B,2885.0,0.0.0.0.0,0,100,0,0,0
4314,Skin:_Cavalo_Equip_B,2885.0,0.0.0.0.0,0,100,0,0,0
4315,Skin:_Andaluz_B,2885.0,0.0.0.0.0,0,100,0,0,0
4316,Skin:_Fenrir,2885.0,0.0.0.0.0,0,100,0,0,0
4317,Skin:_Dragão,2885.0,0.0.0.0.0,0,100,0,0,0
4318,Skin:_Fenrir_das_Sombas,2885.0,0.0.0.0.0,0,100,0,0,0
4319,Skin:_Tigre_de_Fogo,2885.0,0.0.0.0.0,0,100,0,0,0
4320,Skin:_Dragão_Vermelho,2885.0,0.0.0.0.0,0,100,0,0,0
4321,Skin:_Unicórnio,2885.0,0.0.0.0.0,0,100,0,0,0
4322,Skin:_Pegasus,2885.0,0.0.0.0.0,0,100,0,0,0
4323,Skin:_Unisus,2885.0,0.0.0.0.0,0,100,0,0,0
4324,Skin:_Grifo,2885.0,0.0.0.0.0,0,100,0,0,0
4325,Skin:_Hipogrifo,2885.0,0.0.0.0.0,0,100,0,0,0
4326,Skin:_Grifo_Sangrento,2885.0,0.0.0.0.0,0,100,0,0,0
4327,Skin:_Svadilfari,2885.0,0.0.0.0.0,0,100,0,0,0
4328,Skin:_Sleipnir,2885.0,0.0.0.0.0,0,100,0,0,0
4329,Skin:_Fênix,2885.0,0.0.0.0.0,0,100,0,0,0

4400,Foice_Demoníaca,2961.0,0.0.0.0.0,0,0,64,0,8,EF_CLASS,255,EF_GRID,0,EF_RANGE,3,EF_WTYPE,21
4401,Doce_de_Halloween,2962.0,0.0.0.0.0,0,0,192,0,8,EF_CLASS,255,EF_GRID,0,EF_RANGE,3,EF_WTYPE,11
4402,Rebellion_Sword,2963.0,0.0.0.0.0,45,200,192,2691,8,EF_CLASS,255,EF_GRID,0,EF_RANGE,1,EF_WTYPE,1
4403,arma,3003.0,0.0.0.0.0,0,0,64,0,8,EF_CLASS,255,EF_GRID,0,EF_RANGE,3,EF_WTYPE,32
4404,Alcaçuz_Natalino,2964.0,0.0.0.0.0,0,0,192,0,8,EF_CLASS,255,EF_GRID,0,EF_RANGE,3,EF_WTYPE,11

4500,Unha_do_Lobo,2885.0,0.0.0.0.0,0,1200,0,0,0,,1
4501,Dente_de_Ghoul,2885.0,0.0.0.0.0,0,1200,0,0,0,,1
4502,Galho_de_Treant,2885.0,0.0.0.0.0,0,1200,0,0,0,,1
4503,Essência_Comum,2885.0,0.0.0.0.0,0,1200,0,0,0,,1,EF_NOTRADE,1
4504,Essência_Incomum,2885.0,0.0.0.0.0,0,1200,0,0,0,,2,EF_NOTRADE,1
4505,Essência_Rara,2885.0,0.0.0.0.0,0,1200,0,0,0,,3,EF_NOTRADE,1
4506,Essência_Lendária,2885.0,0.0.0.0.0,0,1200,0,0,0,,4,EF_NOTRADE,1
4507,Crânio_de_Caveira,2885.0,0.0.0.0.0,0,1200,0,0,0,,1
4508,Coração_do_Zakum,2885.0,0.0.0.0.0,0,1200,0,0,0,,2
4509,Osso_de_Tauron,2885.0,0.0.0.0.0,0,1200,0,0,0,,1
4510,Pele_de_Beriel,2885.0,0.0.0.0.0,0,1200,0,0,0,,3,EF_NOTRADE,1
4511,Alma_de_Amald,2885.0,0.0.0.0.0,0,1200,0,0,0,,2
4512,Essência_Elemental_da_Água,2885.0,0.0.0.0.0,0,1200,0,0,0,,2
4513,Emblema_da_Aparicao,2885.0,0.0.0.0.0,0,1200,0,0,0,,1
4514,Emblema_do_Carbuncle,2885.0,0.0.0.0.0,0,1200,0,0,0,,1
4515,Emblema_do_Kaizen,2885.0,0.0.0.0.0,0,1200,0,0,0,,1
4516,Emblema_da_Hidra,2885.0,0.0.0.0.0,0,1200,0,0,0,,1
4517,Emblema_do_Elfo,2885.0,0.0.0.0.0,0,1200,0,0,0,,1
4518,Chifre_de_Minotauro,2885.0,0.0.0.0.0,0,1200,0,0,0,,1
4519,Cabelo_de_Orc,2885.0,0.0.0.0.0,0,1200,0,0,0,,1
4520,Olho_de_Argos,2885.0,0.0.0.0.0,0,1200,0,0,0,,1
4521,Garra_de_Funer,2885.0,0.0.0.0.0,0,1200,0,0,0,,2
4522,Olho_de_Símio,2885.0,0.0.0.0.0,0,1200,0,0,0,,2
4523,Cabelo_da_Valquiria,2885.0,0.0.0.0.0,0,1200,0,0,0,,3,EF_NOTRADE,1
4524,Véu_do_Lich,2885.0,0.0.0.0.0,0,1200,0,0,0,,3,EF_NOTRADE,1
4525,Alma_do_Sombra_Negra,2885.0,0.0.0.0.0,0,1200,0,0,0,,4,EF_NOTRADE,1
4526,Alma_do_Verid,2885.0,0.0.0.0.0,0,1200,0,0,0,,4,EF_NOTRADE,1
4527,Luva_de_Lugefer_Broken,2885.0,0.0.0.0.0,0,1200,0,0,0,,3,EF_NOTRADE,1
4528,Alma_do_Kefra,2885.0,0.0.0.0.0,0,1200,0,0,0,,4,EF_NOTRADE,1
4529,Alma_do_Anubis,2885.0,0.0.0.0.0,0,1200,0,0,0,,4,EF_NOTRADE,1,EF_ITEMBORDER,1
4600,Poeira_de_Joia,2754.0,0.0.0.0.0,0,300,0,0,0,EF_GRID,0,EF_NOTRADE,1
4601,Página_de_Ferreiro_[F],2754.0,0.0.0.0.0,0,0,0,0,0,EF_GRID,0
4602,Página_de_Joalheiro_[F],2754.0,0.0.0.0.0,0,0,0,0,0,EF_GRID,0
4603,Tomo_de_Ferreiro_[K],2754.0,0.0.0.0.0,0,0,0,0,0,EF_GRID,0
4604,Tomo_de_Joalheiro_[K],2754.0,0.0.0.0.0,0,0,0,0,0,EF_GRID,0
4605,Tomo_de_Aprimoramento_[K],2754.0,0.0.0.0.0,0,0,0,0,0,EF_GRID,0
4606,Fragmento_Nórdico,2754.0,0.0.0.0.0,0,0,0,0,0,EF_GRID,0
4607,Gjallarhorn,2754.0,0.0.0.0.0,0,0,0,0,0,EF_GRID,0,EF_NOTRADE,1
4608,Andvarinaut,2754.0,0.0.0.0.0,0,0,0,0,0,EF_GRID,0,EF_NOTRADE,1
4609,Megingjord,2754.0,0.0.0.0.0,0,0,0,0,0,EF_GRID,0,EF_NOTRADE,1
4610,Brisingamen,2754.0,0.0.0.0.0,0,0,0,0,0,EF_GRID,0,EF_NOTRADE,1
4611,Járngreipr,2754.0,0.0.0.0.0,0,0,0,0,0,EF_GRID,0,EF_NOTRADE,1
4612,Draupnir,2754.0,0.0.0.0.0,0,0,0,0,0,EF_GRID,0,EF_NOTRADE,1
4613,Pedra_de_Obsidiana,2754.0,0.0.0.0.0,0,4000,0,0,0,EF_GRID,0,EF_VOLATILE,186
4614,Pedra_Quimérica,2875.0,0.0.0.0.0,0,35000,0,0,0,EF_GRID,0,EF_NOTRADE,1
4615,Essência_de_Gema,2754.0,0.0.0.0.0,0,0,0,0,0,EF_GRID,0
4616,Livro_de_Aprendizado_[K],2754.0,0.0.0.0.0,0,0,0,0,0,EF_GRID,0,EF_VOLATILE,184
4617,Poeira_de_Joia_Superior,2754.0,0.0.0.0.0,0,300,0,0,0,EF_GRID,0,EF_NOTRADE,1
4700,Item_de_Evento_1,0.0,0.0.0.0.0,0,0,0,0,0
4750,Cinturão_Flamejante,41.0,227.0.0.0.0,9,178000,-32768,2187,1,EF_CLASS,1,EF_GRID,0,EF_AC,156,EF_CRITICAL,45,EF_HPADD,8,EF_ITEMGRADE,5,EF_TRANS,1
4751,Cinturão_Rake,41.0,227.0.0.0.0,9,178000,-32768,2187,1,EF_CLASS,1,EF_GRID,0,EF_AC,156,EF_CRITICAL,45,EF_HPADD,8,EF_ITEMGRADE,5,EF_TRANS,1
4850,Gema_de_Aud,2872.1,0.0.0.0.0,0,0,0,0,0,EF_LIFESTEAL,10,EF_NOTRADE,1
4851,Gema_de_Balder,2872.1,0.0.0.0.0,0,0,0,0,0,EF_PRECISION,10,EF_NOTRADE,1
4852,Gema_de_Dag,2872.1,0.0.0.0.0,0,0,0,0,0,EF_EVASION,10,EF_NOTRADE,1
4853,Gema_de_Forseti,2872.1,0.0.0.0.0,0,0,0,0,0,EF_CRITICALDAM,40,EF_NOTRADE,1
4854,Gema_de_Freia,2872.1,0.0.0.0.0,0,0,0,0,0,EF_PERFU,5,EF_NOTRADE,1
4855,Gema_de_Fulla,2872.1,0.0.0.0.0,0,0,0,0,0,EF_ABS,5,EF_NOTRADE,1
4856,Gema_de_Gerda,2872.1,0.0.0.0.0,0,0,0,0,0,EF_DAMAGE,50,EF_NOTRADE,1
4857,Gema_de_Iduna,2872.1,0.0.0.0.0,0,0,0,0,0,EF_MAGIC,6,EF_NOTRADE,1
4858,Gema_de_Sif,2872.1,0.0.0.0.0,0,0,0,0,0,EF_PVPDAMAGE,20,EF_NOTRADE,1
4859,Gema_de_Tyr,2872.1,0.0.0.0.0,0,0,0,0,0,EF_PVPAC,20,EF_NOTRADE,1
4860,Gema_de_Dagmar,2872.1,0.0.0.0.0,0,0,0,0,0,EF_MGCRITICAL,10
4861,Gema_de_Singrid,2872.1,0.0.0.0.0,0,0,0,0,0,EF_MAXCOL,10
4862,Gema_de_Kelda,2872.1,0.0.0.0.0,0,0,0,0,0,EF_INCHEAL,15
4863,Gema_de_Agda,2872.1,0.0.0.0.0,0,0,0,0,0,EF_REVIVEPCT,15
4864,Gema_de_Osman,2872.1,0.0.0.0.0,0,0,0,0,0,EF_EXPPCT,20
4865,Gema_de_Kirk,2872.1,0.0.0.0.0,0,0,0,0,0,EF_HP,50
4866,Gema_de_Oskar,2872.1,0.0.0.0.0,0,0,0,0,0,EF_MP,50
4867,Gema_de_Svava,2872.1,0.0.0.0.0,0,0,0,0,0,EF_LUCK,15
4868,Gema_de_Oddrun,2872.1,0.0.0.0.0,0,0,0,0,0
4869,Gema_de_Magni,2872.1,0.0.0.0.0,0,0,0,0,0
4870,Gema_Composta,2872.1,0.0.0.0.0,0,0,0,0,0
4899,Restaurador_de_Montaria,2885.0,0.0.0.0.0,0,1200,0,0,0
4900,Grande_Baú_do_Tesouro_I,45.0,0.0.0.0.0,0,0,0,0,0
4901,Grande_Baú_do_Tesouro_II,45.0,0.0.0.0.0,0,0,0,0,0
4902,Grande_Baú_do_Tesouro_III,45.0,0.0.0.0.0,0,75,0,0,0
4903,Grande_Baú_do_Tesouro_IV,45.0,0.0.0.0.0,0,210,0,0,0
4904,Grande_Baú_do_Tesouro_V,45.0,0.0.0.0.0,0,0,0,0,0
4905,Money_Cube,45.0,0.0.0.0.0,0,100000,0,0,0
4908,Cupom_de_Leilão,0.0,0.0.0.0.0,0,0,0,0,0
4910,Baú_de_10ª_Skill,0.0,0.0.0.0.0,0,0,0,0,0
5000,Giro_da_Fúria,-1.0,0.0.0.0.0,0,0,0,0,0,EF_CLASS,1
5001,Toque_Sagrado,-1.1,0.0.0.0.0,0,0,0,0,0,EF_CLASS,1
5002,Perseguição,-1.2,26.0.0.0.0,0,0,0,0,0,EF_CLASS,1
5003,Samaritano,-1.3,87.0.87.0.0,0,0,0,0,0,EF_CLASS,1
5004,Fanatismo,-1.4,64.0.96.0.0,0,0,0,0,0,EF_CLASS,1
5005,Aura_da_Vida,-1.5,84.0.126.0.0,0,0,0,0,0,EF_CLASS,1
5006,Fúria_Divina,-1.6,130.0.150.0.0,0,0,0,0,0,EF_CLASS,1,EF_NOTRADE,0
5007,Destino,-1.7,219.0.200.0.0,0,0,0,0,0,EF_CLASS,1
5008,Carga,-1.8,0.0.0.0.0,0,0,0,0,0,EF_CLASS,1
5009,Mestre_das_Armas,-1.9,0.0.0.0.0,0,0,0,0,0,EF_CLASS,1
5010,Golpe_Mortal,-1.10,28.0.0.0.0,0,0,0,0,0,EF_CLASS,1
5011,Assalto,-1.11,43.0.0.0.0,0,0,0,0,0,EF_CLASS,1
5012,Espada_da_Fênix,-1.12,62.0.0.62.0,0,0,0,0,0,EF_CLASS,1
5013,Possuído,-1.13,36.0.0.0.0,0,0,0,0,0,EF_CLASS,1
5014,Noção_de_Combate,-1.14,135.0.0.135.0,0,0,0,0,0,EF_CLASS,1
5015,Armadura_Crítica,-1.15,219.0.0.200.0,0,0,0,0,0,EF_CLASS,1
5016,Golpe_Duplo,-1.16,0.0.0.0.0,0,0,0,0,0,EF_CLASS,1
5017,Espada_Flamejante,-1.17,0.0.0.0.0,0,0,0,0,0,EF_CLASS,1
5018,Contra_Ataque,-1.18,24.0.0.0.0,0,0,0,0,0,EF_CLASS,1
5019,Lamina_Congelada,-1.19,38.0.0.0.0,0,0,0,0,0,EF_CLASS,1
5020,Ataque_da_Alma,-1.20,63.0.0.0.95,0,0,0,0,0,EF_CLASS,1
5021,Punhalada_Venenosa,-1.21,84.0.0.0.126,0,0,0,0,0,EF_CLASS,1
5022,Exterminar,-1.22,137.0.0.0.200,0,0,0,0,0,EF_CLASS,1
5023,Tempestade_de_Gelo,-1.23,219.0.0.0.200,0,0,0,0,0,EF_CLASS,1
5024,Flecha_Mágica,-1.24,0.0.0.0.0,0,0,0,0,0,EF_CLASS,2
5025,Desintoxicar,-1.25,19.0.0.0.0,0,0,0,0,0,EF_CLASS,2
5026,Flash,-1.26,33.0.0.0.0,0,0,0,0,0,EF_CLASS,2
5027,Cura,-1.27,0.0.0.0.0,0,0,0,0,0,EF_CLASS,2
5028,Choque_Divino,-1.28,57.0.86.0.0,0,0,0,0,0,EF_CLASS,2
5029,Recuperar,-1.29,68.0.102.0.0,0,0,0,0,0,EF_CLASS,2
5030,Julgamento_Divino,-1.30,132.0.180.0.0,0,0,0,0,0,EF_CLASS,2
5031,Renascimento,-1.31,219.0.200.0.0,0,0,0,0,0,EF_CLASS,2
5032,Ataque_de_Fogo,-1.32,0.0.0.0.0,0,0,0,0,0,EF_CLASS,2
5033,Relâmpago,-1.33,0.0.0.0.0,0,0,0,0,0,EF_CLASS,2
5034,Lança_de_Gelo,-1.34,29.0.0.0.0,0,0,0,0,0,EF_CLASS,2
5035,Tempestade_de_Meteoro,-1.35,45.0.0.0.0,0,0,0,0,0,EF_CLASS,2
5036,Nevasca,-1.36,75.0.0.112.0,0,0,0,0,0,EF_CLASS,2
5037,Trovão,-1.37,99.0.0.148.0,0,0,0,0,0,EF_CLASS,2
5038,Fênix_de_Fogo,-1.38,139.0.0.190.0,0,0,0,0,0,EF_CLASS,2
5039,Inferno,-1.39,219.0.0.200.0,0,0,0,0,0,EF_CLASS,2
5040,Nevoa_Venenosa,-1.40,0.0.0.0.0,0,0,0,0,0,EF_CLASS,2
5041,Velocidade,-1.41,21.0.0.0.0,0,0,0,0,0,EF_CLASS,2
5042,Teleporte,-1.42,0.0.0.0.0,0,0,0,0,0,EF_CLASS,2
5043,Escudo_Mágico,-1.43,33.0.0.0.0,0,0,0,0,0,EF_CLASS,2
5044,Arma_Mágica,-1.44,60.0.0.0.60,0,0,0,0,0,EF_CLASS,2
5045,Toque_da_Athena,-1.45,76.0.0.0.76,0,0,0,0,0,EF_CLASS,2
5046,Controle_de_Mana,-1.46,140.0.0.0.0,0,0,0,0,0,EF_CLASS,2
5047,Cancelamento,-1.47,219.0.0.0.200,0,0,0,0,0,EF_CLASS,2
5048,Fera_Flamejante,-1.48,0.0.0.0.0,0,0,0,0,0,EF_CLASS,4
5049,Chamas_Etéreas,-1.49,0.0.0.0.0,0,0,0,0,0,EF_CLASS,4
5050,Som_das_Fadas,-1.50,38.0.0.0.0,0,0,0,0,0,EF_CLASS,4
5051,Enfraquecer,-1.51,45.0.0.0.0,0,0,0,0,0,EF_CLASS,4
5052,Fúria_de_Gaia,-1.52,63.0.63.0.0,0,0,0,0,0,EF_CLASS,4
5053,Proteção_Elemental,-1.53,81.0.81.0.0,0,0,0,0,0,EF_CLASS,4
5054,Força_Elemental,-1.54,135.0.135.0.0,0,0,0,0,0,EF_CLASS,4
5055,Espirito_Vingador,-1.55,219.0.200.0.0,0,0,0,0,0,EF_CLASS,4
5056,Evocar_Condor,-1.56,0.0.0.0.0,0,0,0,0,0,EF_CLASS,4
5057,Evocar_Javali_Selvagem,-1.57,0.0.0.0.0,0,0,0,0,0,EF_CLASS,4
5058,Evocar_Lobo_Selvagem,-1.58,46.0.0.0.0,0,0,0,0,0,EF_CLASS,4
5059,Evocar_Urso_Selvagem,-1.59,53.0.0.0.0,0,0,0,0,0,EF_CLASS,4
5060,Evocar_Grande_Tigre,-1.60,72.0.0.86.0,0,0,0,0,0,EF_CLASS,4
5061,Evocar_Gorila_Gigante,-1.61,94.0.0.112.0,0,0,0,0,0,EF_CLASS,4
5062,Evocar_Dragão_Negro,-1.62,139.0.0.166.0,0,0,0,0,0,EF_CLASS,4
5063,Evocar_Succubus,-1.63,219.0.0.200.0,0,0,0,0,0,EF_CLASS,4
5064,Lobisomem,-1.64,0.0.0.0.0,0,0,0,0,0,EF_CLASS,4
5065,Armadura_Elemental,-1.65,0.0.0.0.0,0,0,0,0,0,EF_CLASS,4
5066,Homem_Urso,-1.66,43.0.0.0.0,0,0,0,0,0,EF_CLASS,4
5067,Escudo_do_Tormento,-1.67,43.0.0.0.0,0,0,0,0,0,EF_CLASS,4
5068,Astaroth,-1.68,88.0.0.0.88,0,0,0,0,0,EF_CLASS,4
5069,Metamorfose_Superior,-1.69,88.0.0.0.88,0,0,0,0,0,EF_CLASS,4
5070,Titã,-1.70,140.0.0.0.140,0,0,0,0,0,EF_CLASS,4
5071,Éden,-1.71,219.0.0.0.200,0,0,0,0,0,EF_CLASS,4
5072,Ataque_Fatal,-1.72,0.0.0.0.0,0,0,0,0,0,EF_CLASS,8
5073,Ilusão,-1.73,0.0.0.0.0,0,0,0,0,0,EF_CLASS,8
5074,Agressividade,-1.74,34.0.0.0.0,0,0,0,0,0,EF_CLASS,8
5075,Encantar_Gelo,-1.75,47.0.0.0.0,0,0,0,0,0,EF_CLASS,8
5076,Imunidade,-1.76,60.0.90.0.0,0,0,0,0,0,EF_CLASS,8
5077,Meditação,-1.77,82.0.123.0.0,0,0,0,0,0,EF_CLASS,8
5078,Lança_de_Ferro,-1.78,139.0.162.0.0,0,0,0,0,0,EF_CLASS,8
5079,Tempestade_de_Raios,-1.79,219.0.200.0.0,0,0,0,0,0,EF_CLASS,8
5080,Golpe_Felino,-1.80,0.0.0.0.0,0,0,0,0,0,EF_CLASS,8
5081,Ligação_Espectral,-1.81,0.0.0.0.0,0,0,0,0,0,EF_CLASS,8
5082,Perícia_de_Caçador,-1.82,33.0.0.0.0,0,0,0,0,0,EF_CLASS,8
5083,Vingança,-1.83,48.0.0.0.0,0,0,0,0,0,EF_CLASS,8
5084,Instinto_de_Predador,-1.84,61.0.0.61.0,0,0,0,0,0,EF_CLASS,8
5085,Escudo_Dourado,-1.85,82.0.0.82.0,0,0,0,0,0,EF_CLASS,8
5086,Explosão_Etérea,-1.86,131.0.0.131.0,0,0,0,0,0,EF_CLASS,8
5087,Troca_de_Espírito,-1.87,219.0.0.200.0,0,0,0,0,0,EF_CLASS,8
5088,Lâmina_das_Sombras,-1.88,0.0.0.0.0,0,0,0,0,0,EF_CLASS,8
5089,Evasão_Aprimorada,-1.89,0.0.0.0.0,0,0,0,0,0,EF_CLASS,8
5090,Visão_de_Caçadora,-1.90,32.0.0.0.0,0,0,0,0,0,EF_CLASS,8
5091,Olhos_de_Aguia,-1.91,50.0.0.0.0,0,0,0,0,0,EF_CLASS,8
5092,Toxina_de_Serpente,-1.92,61.0.0.0.92,0,0,0,0,0,EF_CLASS,8
5093,Lamina_Aérea,-1.93,82.0.0.0.123,0,0,0,0,0,EF_CLASS,8
5094,Proteção_das_Sombras,-1.94,139.0.0.0.166,0,0,0,0,0,EF_CLASS,8
5095,Invisibilidade,-1.95,219.0.0.0.200,0,0,0,0,0,EF_CLASS,8
5096,Espírito_de_Batalha,-1.96,0.0.0.0.0,0,0,0,0,0,EF_CLASS,255
5097,Toque_de_Freyr,-1.97,219.0.0.0.0,0,0,0,0,0,EF_CLASS,255
5098,Muro_de_Espinhos,-1.98,255.0.0.0.0,0,0,0,0,0,EF_CLASS,255
5099,Ressurreição,-1.99,255.0.0.0.0,0,0,0,0,0,EF_CLASS,255
5100,Concentração,-1.100,255.0.0.0.0,0,0,0,0,0,EF_CLASS,255
5101,Força_Espectral,-1.101,255.0.0.0.0,0,0,0,0,0,EF_CLASS,255
5102,Limite_da_Alma,-1.102,255.0.0.0.0,0,0,0,0,0,EF_CLASS,255
5110,Ansuz,2872.2,0.0.0.0.0,0,0,0,0,0
5111,Uraz,2872.0,0.0.0.0.0,0,0,0,0,0
5112,Thurisaz,2872.23,0.0.0.0.0,0,0,0,0,0
5113,Fehu,2872.14,0.0.0.0.0,0,0,0,0,0
5114,Raidho,2872.15,0.0.0.0.0,0,0,0,0,0
5115,Kenaz,2872.11,0.0.0.0.0,0,0,0,0,0
5116,Naudhiz,2872.8,0.0.0.0.0,0,0,0,0,0
5117,Gebo,2872.3,0.0.0.0.0,0,0,0,0,0
5118,Wunjo,2872.13,0.0.0.0.0,0,0,0,0,0
5119,Hagalaz,2872.16,0.0.0.0.0,0,0,0,0,0
5120,Isa,2872.21,0.0.0.0.0,0,0,0,0,0
5121,Jara,2872.12,0.0.0.0.0,0,0,0,0,0
5122,Eihwaz,2872.6,0.0.0.0.0,0,0,0,0,0
5123,Perthro,2872.9,0.0.0.0.0,0,0,0,0,0
5124,Elhaz,2872.5,0.0.0.0.0,0,0,0,0,0
5125,Sowilo,2872.20,0.0.0.0.0,0,0,0,0,0
5126,Berkano,2872.19,0.0.0.0.0,0,0,0,0,0
5127,Ehwaz,2872.18,0.0.0.0.0,0,0,0,0,0
5128,Tiwaz,2872.10,0.0.0.0.0,0,0,0,0,0
5129,Mannaz,2872.4,0.0.0.0.0,0,0,0,0,0
5130,Laguz,2872.17,0.0.0.0.0,0,0,0,0,0
5131,Dagaz,2872.22,0.0.0.0.0,0,0,0,0,0
5132,Ing,2872.7,0.0.0.0.0,0,0,0,0,0
5133,Othel,2872.1,0.0.0.0.0,0,0,0,0,0
5134,Pista_de_Runas,2876.0,0.0.0.0.0,0,0,1,0,0,EF_GRID,0
5135,Selo_Mágico,2873.1,0.0.0.0.0,0,4000,0,0,0,EF_GRID,0,EF_EXP,0
5136,Escritura_Mágica,2862.1,0.0.0.0.0,0,0,0,0,0,EF_GRID,0
5137,Escritura_do_Pesadelo,2881.0,0.0.0.0.0,0,10000000,0,0,0,EF_VOLATILE,212
5138,Rematizador_de_Gema,2872.1,0.0.0.0.0,0,0,0,0,0
5139,Rematizador_de_Montaria:_Comum,48.0,0.0.0.0.0,0,0,0,0,0,EF_VOLATILE,12
5140,Rematizador_de_Montaria:_Diamante,48.0,0.0.0.0.0,0,0,0,0,0,EF_VOLATILE,12
5141,Rematizador_de_Montaria:_Esmeralda,48.0,0.0.0.0.0,0,0,0,0,0,EF_VOLATILE,12
5142,Rematizador_de_Montaria:_Coral,48.0,0.0.0.0.0,0,0,0,0,0,EF_VOLATILE,12
5143,Rematizador_de_Montaria:_Garnet,48.0,0.0.0.0.0,0,0,0,0,0,EF_VOLATILE,12
5150,Amuleto_Lendário_(Nv._1),2861.0,0.0.0.0.0,0,150000,512,0,22,EF_CLASS,255,EF_HPADD,4,EF_AC,70,EF_TRANS,1,EF_ITEMGRADE,5,EF_PRECISION,15,EF_PVPDAMAGE,25,EF_PVPAC,25
5151,Amuleto_Lendário_(Nv._2),2861.0,0.0.0.0.0,0,150000,512,0,22,EF_CLASS,255,EF_HPADD,5,EF_AC,90,EF_TRANS,1,EF_ITEMGRADE,5,EF_PRECISION,25,EF_PVPDAMAGE,35,EF_PVPAC,35,EF_NOTRADE,1
5152,Amuleto_Lendário_(Nv._3),2861.0,0.0.0.0.0,0,150000,512,0,22,EF_CLASS,255,EF_HPADD,6,EF_AC,120,EF_TRANS,1,EF_ITEMGRADE,5,EF_PRECISION,35,EF_PVPDAMAGE,50,EF_PVPAC,50,EF_NOTRADE,1
5153,Amuleto_Lendário_(Nv._4),2861.0,0.0.0.0.0,0,150000,512,0,22,EF_CLASS,255,EF_HPADD,7,EF_AC,160,EF_TRANS,1,EF_ITEMGRADE,5,EF_PRECISION,45,EF_PVPDAMAGE,60,EF_PVPAC,60,EF_NOTRADE,1
5154,Amuleto_Lendário_(Nv._5),2861.0,0.0.0.0.0,0,150000,512,0,22,EF_CLASS,255,EF_HPADD,8,EF_AC,210,EF_TRANS,1,EF_ITEMGRADE,5,EF_PRECISION,55,EF_PVPDAMAGE,75,EF_PVPAC,75,EF_NOTRADE,1
5155,Amuleto_Lendário_(Nv._1),2861.0,0.0.0.0.0,0,150000,512,0,22,EF_CLASS,255,EF_MPADD,4,EF_AC,70,EF_TRANS,1,EF_ITEMGRADE,5,EF_PRECISION,15,EF_PVPDAMAGE,25,EF_PVPAC,25
5156,Amuleto_Lendário_(Nv._2),2861.0,0.0.0.0.0,0,150000,512,0,22,EF_CLASS,255,EF_MPADD,5,EF_AC,90,EF_TRANS,1,EF_ITEMGRADE,5,EF_PRECISION,25,EF_PVPDAMAGE,35,EF_PVPAC,35,EF_NOTRADE,1
5157,Amuleto_Lendário_(Nv._3),2861.0,0.0.0.0.0,0,150000,512,0,22,EF_CLASS,255,EF_MPADD,6,EF_AC,120,EF_TRANS,1,EF_ITEMGRADE,5,EF_PRECISION,35,EF_PVPDAMAGE,50,EF_PVPAC,50,EF_NOTRADE,1
5158,Amuleto_Lendário_(Nv._4),2861.0,0.0.0.0.0,0,150000,512,0,22,EF_CLASS,255,EF_MPADD,7,EF_AC,160,EF_TRANS,1,EF_ITEMGRADE,5,EF_PRECISION,45,EF_PVPDAMAGE,60,EF_PVPAC,60,EF_NOTRADE,1
5159,Amuleto_Lendário_(Nv._5),2861.0,0.0.0.0.0,0,150000,512,0,22,EF_CLASS,255,EF_MPADD,8,EF_AC,210,EF_TRANS,1,EF_ITEMGRADE,5,EF_PRECISION,55,EF_PVPDAMAGE,75,EF_PVPAC,75,EF_NOTRADE,1
5334,Pedra_Secreta_(Água),2874.0,0.0.0.0.0,0,9000,0,0,0,EF_GRID,0
5335,Pedra_Secreta_(Terra),2874.1,0.0.0.0.0,0,9000,0,0,0,EF_GRID,0
5336,Pedra_Secreta_(Sol),2874.2,0.0.0.0.0,0,9000,0,0,0,EF_GRID,0
5337,Pedra_Secreta_(Vento),2874.3,0.0.0.0.0,0,9000,0,0,0,EF_GRID,0
5338,Pedra_Ideal,2875.0,0.0.0.0.0,0,35000,0,0,0,EF_GRID,0,EF_VOLATILE,211
5380,Pacote_de_Itens_(s/_Roleta),996.0,0.0.0.0.0,0,0,0,0,0,EF_GRID,0,EF_CLASS,255,EF_VOLATILE,184
5381,Pacote_de_Itens_(c/_Roleta),996.0,0.0.0.0.0,0,0,0,0,0,EF_GRID,0,EF_CLASS,255,EF_VOLATILE,184
5382,Chave_do_Pacote,996.0,0.0.0.0.0,0,0,0,0,0,EF_GRID,0,EF_CLASS,255
5400,Divine_Protection,-1.105,200.0.255.0.0,0,0,0,0,0,EF_CLASS,1
5401,Divine_Blessing,-1.106,240.0.320.0.0,0,0,0,0,0,EF_CLASS,1
5402,Blaze_Luncher,-1.107,280.0.320.0.0,0,0,0,0,0,EF_CLASS,1
5403,Clod_Attack,-1.108,320.0.320.0.0,0,0,0,0,0,EF_CLASS,1
5404,Blood,-1.109,200.0.0.255.0,0,0,0,0,0,EF_CLASS,1
5405,Weapon_Master,-1.110,240.0.0.320.0,0,0,0,0,0,EF_CLASS,1
5406,Fencing_Master,-1.111,280.0.0.320.0,0,0,0,0,0,EF_CLASS,1
5407,WindStorm,-1.112,320.0.0.320.0,0,0,0,0,0,EF_CLASS,1
5408,Mirror_Magic,-1.113,200.0.0.0.255,0,0,0,0,0,EF_CLASS,1
5409,Ice_Binding,-1.114,240.0.0.0.320,0,0,0,0,0,EF_CLASS,1
5410,Freezing_Counter,-1.115,280.0.0.0.320,0,0,0,0,0,EF_CLASS,1
5411,Seal_Master,-1.116,320.0.0.0.320,0,0,0,0,0,EF_CLASS,1
5412,Cenote,-1.117,200.0.255.0.0,0,0,0,0,0,EF_CLASS,2
5413,Absolute_Protection,-1.118,240.0.320.0.0,0,0,0,0,0,EF_CLASS,2
5414,Life_Wave,-1.119,280.0.320.0.0,0,0,0,0,0,EF_CLASS,2
5415,Holy_Power,-1.120,320.0.320.0.0,0,0,0,0,0,EF_CLASS,2
5416,Mystery_Magic,-1.121,200.0.0.255.0,0,0,0,0,0,EF_CLASS,2
5417,Freezing_Skillful,-1.122,240.0.0.320.0,0,0,0,0,0,EF_CLASS,2
5418,Thunder_Force,-1.123,280.0.0.320.0,0,0,0,0,0,EF_CLASS,2
5419,Thunder_Lising,-1.124,320.0.0.320.0,0,0,0,0,0,EF_CLASS,2
5420,Remove_Memory,-1.125,200.0.0.0.255,0,0,0,0,0,EF_CLASS,2
5421,Incapacitate,-1.126,240.0.0.0.320,0,0,0,0,0,EF_CLASS,2
5422,Special_Master,-1.127,280.0.0.0.320,0,0,0,0,0,EF_CLASS,2
5423,Another_Change,-1.128,320.0.0.0.320,0,0,0,0,0,EF_CLASS,2
5424,Anti_Magic_Shield,-1.129,200.0.255.0.0,0,0,0,0,0,EF_CLASS,4
5425,Resistance_Flame,-1.130,240.0.320.0.0,0,0,0,0,0,EF_CLASS,4
5426,Resi_Decrease,-1.131,280.0.320.0.0,0,0,0,0,0,EF_CLASS,4
5427,Manaburn_Master,-1.132,320.0.320.0.0,0,0,0,0,0,EF_CLASS,4
5428,Mind_Unity,-1.133,200.0.0.255.0,0,0,0,0,0,EF_CLASS,4
5429,Final_Summon,-1.134,240.0.0.320.0,0,0,0,0,0,EF_CLASS,4
5430,Poworful_Summon,-1.135,280.0.0.320.0,0,0,0,0,0,EF_CLASS,4
5431,Ice_Armor,-1.136,320.0.0.320.0,0,0,0,0,0,EF_CLASS,4
5432,Hard_Shell,-1.137,200.0.0.0.255,0,0,0,0,0,EF_CLASS,4
5433,Intention_Thorns,-1.138,240.0.0.0.320,0,0,0,0,0,EF_CLASS,4
5434,Weapon_Power,-1.139,280.0.0.0.320,0,0,0,0,0,EF_CLASS,4
5435,Last_Resistance,-1.140,320.0.0.0.320,0,0,0,0,0,EF_CLASS,4
5436,Counter_Attack,-1.141,200.0.255.0.0,0,0,0,0,0,EF_CLASS,8
5437,RapidHit_Skillful,-1.142,240.0.320.0.0,0,0,0,0,0,EF_CLASS,8
5438,Skill_Master,-1.143,280.0.320.0.0,0,0,0,0,0,EF_CLASS,8
5439,Freezing,-1.144,320.0.320.0.0,0,0,0,0,0,EF_CLASS,8
5440,Point_Master,-1.145,200.0.0.255.0,0,0,0,0,0,EF_CLASS,8
5441,Rob_Money,-1.146,240.0.0.320.0,0,0,0,0,0,EF_CLASS,8
5442,Plunder,-1.147,280.0.0.320.0,0,0,0,0,0,EF_CLASS,8
5443,Reinforce_Soul,-1.148,320.0.0.320.0,0,0,0,0,0,EF_CLASS,8
5444,Direct_Shoot,-1.149,200.0.0.0.255,0,0,0,0,0,EF_CLASS,8
5445,Claw_Skillful,-1.150,240.0.0.0.320,0,0,0,0,0,EF_CLASS,8
5446,Bleeding,-1.151,280.0.0.0.320,0,0,0,0,0,EF_CLASS,8
5447,Ambush,-1.152,320.0.0.0.320,0,0,0,0,0,EF_CLASS,8
5500,Divine_Protection_Book,997.0,200.0.0.0.0,0,2000,0,0,0,EF_GRID,0,EF_CLASS,1,EF_VOLATILE,32
5501,Divine_Blessing_Book,998.0,240.0.0.0.0,0,6000,0,0,0,EF_GRID,0,EF_CLASS,1,EF_VOLATILE,32
5502,Blaze_Luncher_Book,999.0,280.0.0.0.0,0,10000,0,0,0,EF_GRID,0,EF_CLASS,1,EF_VOLATILE,32
5503,Clod_Attack_Book,1000.0,320.0.0.0.0,0,12000,0,0,0,EF_GRID,0,EF_CLASS,1,EF_VOLATILE,32
5504,Blood_Book,1001.0,200.0.0.0.0,0,2000,0,0,0,EF_GRID,0,EF_CLASS,1,EF_VOLATILE,32
5505,Weapon_Master_Book,1002.0,240.0.0.0.0,0,6000,0,0,0,EF_GRID,0,EF_CLASS,1,EF_VOLATILE,32
5506,Fencing_Master_Book,1003.0,280.0.0.0.0,0,10000,0,0,0,EF_GRID,0,EF_CLASS,1,EF_VOLATILE,32
5507,WindStorm_Book,1004.0,320.0.0.0.0,0,12000,0,0,0,EF_GRID,0,EF_CLASS,1,EF_VOLATILE,32
5508,Mirror_Magic_Book,1005.0,200.0.0.0.0,0,2000,0,0,0,EF_GRID,0,EF_CLASS,1,EF_VOLATILE,32
5509,Ice_Binding_Book,1006.0,240.0.0.0.0,0,6000,0,0,0,EF_GRID,0,EF_CLASS,1,EF_VOLATILE,32
5510,Freezing_Counter_Book,1007.0,280.0.0.0.0,0,10000,0,0,0,EF_GRID,0,EF_CLASS,1,EF_VOLATILE,32
5511,Seal_Master_Book,1008.0,320.0.0.0.0,0,12000,0,0,0,EF_GRID,0,EF_CLASS,1,EF_VOLATILE,32
5512,Cenote_Book,1009.0,200.0.0.0.0,0,2000,0,0,0,EF_GRID,0,EF_CLASS,2,EF_VOLATILE,32
5513,Absolute_Protection_Book,1010.0,240.0.0.0.0,0,6000,0,0,0,EF_GRID,0,EF_CLASS,2,EF_VOLATILE,32
5514,Life_Wave_Book,1011.0,280.0.0.0.0,0,10000,0,0,0,EF_GRID,0,EF_CLASS,2,EF_VOLATILE,32
5515,Holy_Power_Book,1012.0,320.0.0.0.0,0,12000,0,0,0,EF_GRID,0,EF_CLASS,2,EF_VOLATILE,32
5516,Mystery_Magic_Book,1013.0,200.0.0.0.0,0,2000,0,0,0,EF_GRID,0,EF_CLASS,2,EF_VOLATILE,32
5517,Freezing_Skillful_Book,1014.0,240.0.0.0.0,0,6000,0,0,0,EF_GRID,0,EF_CLASS,2,EF_VOLATILE,32
5518,Thunder_Force_Book,1015.0,280.0.0.0.0,0,10000,0,0,0,EF_GRID,0,EF_CLASS,2,EF_VOLATILE,32
5519,Thunder_Lising_Book,1016.0,320.0.0.0.0,0,12000,0,0,0,EF_GRID,0,EF_CLASS,2,EF_VOLATILE,32
5520,Remove_Memory_Book,1017.0,200.0.0.0.0,0,2000,0,0,0,EF_GRID,0,EF_CLASS,2,EF_VOLATILE,32
5521,Incapacitate_Book,1018.0,240.0.0.0.0,0,6000,0,0,0,EF_GRID,0,EF_CLASS,2,EF_VOLATILE,32
5522,Special_Master_Book,1019.0,280.0.0.0.0,0,10000,0,0,0,EF_GRID,0,EF_CLASS,2,EF_VOLATILE,32
5523,Another_Change_Book,1020.0,320.0.0.0.0,0,12000,0,0,0,EF_GRID,0,EF_CLASS,2,EF_VOLATILE,32
5524,Anti_Magic_Shield_Book,1021.0,200.0.0.0.0,0,2000,0,0,0,EF_GRID,0,EF_CLASS,4,EF_VOLATILE,32
5525,Resistance_Flame_Book,1022.0,240.0.0.0.0,0,6000,0,0,0,EF_GRID,0,EF_CLASS,4,EF_VOLATILE,32
5526,Resi_Decrease_Book,1023.0,280.0.0.0.0,0,10000,0,0,0,EF_GRID,0,EF_CLASS,4,EF_VOLATILE,32
5527,Manaburn_Master_Book,1024.0,320.0.0.0.0,0,12000,0,0,0,EF_GRID,0,EF_CLASS,4,EF_VOLATILE,32
5528,Mind_Unity_Book,1025.0,200.0.0.0.0,0,2000,0,0,0,EF_GRID,0,EF_CLASS,4,EF_VOLATILE,32
5529,Final_Summon_Book,1026.0,240.0.0.0.0,0,6000,0,0,0,EF_GRID,0,EF_CLASS,4,EF_VOLATILE,32
5530,Poworful_Summon_Book,1027.0,280.0.0.0.0,0,10000,0,0,0,EF_GRID,0,EF_CLASS,4,EF_VOLATILE,32
5531,Ice_Armor_Book,1028.0,320.0.0.0.0,0,12000,0,0,0,EF_GRID,0,EF_CLASS,4,EF_VOLATILE,32
5532,Hard_Shell_Book,1029.0,200.0.0.0.0,0,2000,0,0,0,EF_GRID,0,EF_CLASS,4,EF_VOLATILE,32
5533,Intention_Thorns_Book,1030.0,240.0.0.0.0,0,6000,0,0,0,EF_GRID,0,EF_CLASS,4,EF_VOLATILE,32
5534,Weapon_Power_Book,1031.0,280.0.0.0.0,0,10000,0,0,0,EF_GRID,0,EF_CLASS,4,EF_VOLATILE,32
5535,Last_Resistance_Book,1032.0,320.0.0.0.0,0,12000,0,0,0,EF_GRID,0,EF_CLASS,4,EF_VOLATILE,32
5536,Counter_Attack_Book,1033.0,200.0.0.0.0,0,2000,0,0,0,EF_GRID,0,EF_CLASS,8,EF_VOLATILE,32
5537,RapidHit_Skillful_Book,1034.0,240.0.0.0.0,0,6000,0,0,0,EF_GRID,0,EF_CLASS,8,EF_VOLATILE,32
5538,Skill_Master_Book,1035.0,280.0.0.0.0,0,10000,0,0,0,EF_GRID,0,EF_CLASS,8,EF_VOLATILE,32
5539,Freezing_Book,1036.0,320.0.0.0.0,0,12000,0,0,0,EF_GRID,0,EF_CLASS,8,EF_VOLATILE,32
5540,Point_Master_Book,1037.0,200.0.0.0.0,0,2000,0,0,0,EF_GRID,0,EF_CLASS,8,EF_VOLATILE,32
5541,Rob_Money_Book,1038.0,240.0.0.0.0,0,6000,0,0,0,EF_GRID,0,EF_CLASS,8,EF_VOLATILE,32
5542,Plunder_Book,1039.0,280.0.0.0.0,0,10000,0,0,0,EF_GRID,0,EF_CLASS,8,EF_VOLATILE,32
5543,Reinforce_Soul_Book,1040.0,320.0.0.0.0,0,12000,0,0,0,EF_GRID,0,EF_CLASS,8,EF_VOLATILE,32
5544,Direct_Shoot_Book,1041.0,200.0.0.0.0,0,2000,0,0,0,EF_GRID,0,EF_CLASS,8,EF_VOLATILE,32
5545,Claw_Skillful_Book,1042.0,240.0.0.0.0,0,6000,0,0,0,EF_GRID,0,EF_CLASS,8,EF_VOLATILE,32
5546,Bleeding_Book,1043.0,280.0.0.0.0,0,10000,0,0,0,EF_GRID,0,EF_CLASS,8,EF_VOLATILE,32
5547,Ambush_Book,1044.0,320.0.0.0.0,0,12000,0,0,0,EF_GRID,0,EF_CLASS,8,EF_VOLATILE,32
5600,Fairy_Dust,78.0,0.0.0.0.0,0,5000,0,0,0,EF_VOLATILE,7,EF_NOTRADE,1
5601,Bag_letter,2764.0,0.0.0.0.0,0,2000000,0,0,0
5602,Peerage_Lift2,0.0,0.0.0.0.0,0,0,0,0,0,EF_CLASS,255,EF_GRID,0,EF_NOTRADE,1
5603,Mark_of_Bahamut,0.0,0.0.0.0.0,0,0,0,0,0,EF_GRID,0,EF_NOTRADE,1
5604,Transmutacao,2754.0,0.0.0.0.0,0,3000,0,0,0,EF_GRID,0,EF_VOLATILE,7
5605,Metamorfose,2754.0,0.0.0.0.0,0,4000,0,0,0,EF_GRID,0,EF_VOLATILE,7
5606,Contador_de_Cubo_da_Maldade_N,2901.0,0.0.0.0.0,0,5000000,0,0,0
5607,Contador_de_Cubo_da_Maldade_M,2901.0,0.0.0.0.0,0,10000000,0,0,0
5608,Contador_de_Cubo_da_Maldade_A,2901.0,0.0.0.0.0,0,20000000,0,0,0
5609,Contador_de_Carta_de_Duelo_N,2901.0,0.0.0.0.0,0,20000000,0,0,0
5610,Contador_de_Carta_de_Duelo_M,2901.0,0.0.0.0.0,0,30000000,0,0,0
5611,Contador_de_Carta_de_Duelo_A,2901.0,0.0.0.0.0,0,40000000,0,0,0
5612,Contador_de_Agua_N,2901.0,0.0.0.0.0,0,40000000,0,0,0
5613,Contador_de_Agua_M,2901.0,0.0.0.0.0,0,50000000,0,0,0
5614,Contador_de_Agua_A,2901.0,0.0.0.0.0,0,60000000,0,0,0
5615,Contador_de_Pesadelo_N,2901.0,0.0.0.0.0,0,60000000,0,0,0
5616,Contador_de_Pesadelo_M,2901.0,0.0.0.0.0,0,70000000,0,0,0
5617,Contador_de_Pesadelo_A,2901.0,0.0.0.0.0,0,80000000,0,0,0
5618,Contador_de_Runas,2901.0,0.0.0.0.0,0,110000000,0,0,0
5619,Contador_de_Portão_Infernal,2901.0,0.0.0.0.0,0,150000000,0,0,0
5620,Cápsula:_Cythera_de_Rubi,2754.0,0.0.0.0.0,0,0,1,0,0,EF_GRID,0,EF_VOLATILE,1
5621,Isca_de_Pesca,80.0,0.0.0.0.0,0,100,0,0,0,EF_GRID,0
5622,Isca_Premium,2754.0,0.0.0.0.0,0,1000000,0,0,0,EF_GRID,0
5623,Pesca_com_Rede,2754.0,0.0.0.0.0,0,1000000,0,0,0,EF_GRID,0
5624,Bençao_de_Heimdall,26.0,0.0.0.0.0,0,0,8192,0,0,EF_CLASS,255
5625,Bençao_de_Odin,26.0,0.0.0.0.0,0,0,8192,0,0,EF_CLASS,255
5626,Passe_de_Elite,48.0,0.0.0.0.0,0,0,0,0,0,EF_VOLATILE,12
5627,Pontos_de_Elo,48.0,0.0.0.0.0,0,0,0,0,0,EF_VOLATILE,12

5700,Hidra_de_Lerna,0.0,0.0.0.0.0,0,0,0,0,0,,EF_CLASS,255,EF_INFORMATION,1
5701,Morcego,0.0,0.0.0.0.0,0,0,0,0,0,EF_CLASS,255,EF_INFORMATION,1
5702,Zumbi,48.0,0.0.0.0.0,0,0,0,0,0,EF_CLASS,255,EF_INFORMATION,1
5703,Minotauro,48.0,0.0.0.0.0,0,0,0,0,0,EF_CLASS,255,EF_INFORMATION,1
5704,Ninja,48.0,0.0.0.0.0,0,0,0,0,0,EF_CLASS,255,EF_INFORMATION,2
5705,Troll,48.0,0.0.0.0.0,0,0,0,0,0,EF_CLASS,255,EF_INFORMATION,2
5706,Dragão_Amarelo,48.0,0.0.0.0.0,0,0,0,0,0,EF_CLASS,255,EF_INFORMATION,2
5707,Dragão_Negro,48.0,0.0.0.0.0,0,0,0,0,0,EF_CLASS,255,EF_INFORMATION,2
5708,Dragão_Branco,48.0,0.0.0.0.0,0,0,0,0,0,EF_CLASS,255,EF_INFORMATION,3
5709,Urso_Polar,48.0,0.0.0.0.0,0,0,0,0,0,EF_CLASS,255,EF_INFORMATION,3
5710,Fada_Anciã,48.0,0.0.0.0.0,0,0,0,0,0,EF_CLASS,255,EF_INFORMATION,3
5711,Viúva_Negra,48.0,0.0.0.0.0,0,0,0,0,0,EF_CLASS,255,EF_INFORMATION,3
5712,Ent_Guardião,48.0,0.0.0.0.0,0,0,0,0,0,EF_CLASS,255,EF_INFORMATION,4
5713,Treant_Protetor,48.0,0.0.0.0.0,0,0,0,0,0,EF_CLASS,255,EF_INFORMATION,4
5714,Orc_Escudeiro,48.0,0.0.0.0.0,0,0,0,0,0,EF_CLASS,255,EF_INFORMATION,4
5715,Gavião_Caçador,48.0,0.0.0.0.0,0,0,0,0,0,EF_CLASS,255,EF_INFORMATION,4
5716,Golem_Cinzento,48.0,0.0.0.0.0,0,0,0,0,0,EF_CLASS,255,EF_INFORMATION,5
5717,Guarda_Arqueiro,48.0,0.0.0.0.0,0,0,0,0,0,EF_CLASS,255,EF_INFORMATION,5
5718,Guarda_Mago,48.0,0.0.0.0.0,0,0,0,0,0,EF_CLASS,255,EF_INFORMATION,5
5719,Morcego,48.0,0.0.0.0.0,0,0,0,0,0,EF_CLASS,255,EF_INFORMATION,5

5800,Inicio_Necromante_Desc,2754.0,0.0.0.0.0,0,0,0,0,0,EF_GRID,0
5830,Final_Necromante_Desc,2754.0,0.0.0.0.0,0,0,0,0,0,EF_GRID,0
5900,Item_Desconhecido_Simples,2754.0,0.0.0.0.0,0,0,0,0,0,EF_GRID,0
5901,Item_Desconhecido_Raro,2754.0,0.0.0.0.0,0,0,0,0,0,EF_GRID,0
5902,Item_Desconhecido_Lendário,2754.0,0.0.0.0.0,0,0,0,0,0,EF_GRID,0,EF_ITEMBORDER,1
6000,Arma_Sephira,2754.0,0.0.0.0.0,0,0,0,0,0,EF_GRID,0
6001,Barra_de_Prata,2754.0,0.0.0.0.0,0,0,0,0,0,EF_GRID,0
6002,Desencantar_Runa,2754.0,0.0.0.0.0,0,0,0,0,0,EF_GRID,0
6003,Amuleto_de_Ouro,2754.0,0.0.0.0.0,0,0,0,0,0,EF_GRID,0
6004,Amuleto_Mistico,2754.0,0.0.0.0.0,0,0,0,0,0,EF_GRID,0
6005,Amuleto_Cristal,2754.0,0.0.0.0.0,0,0,0,0,0,EF_GRID,0
6006,Amuleto_Arcano,2754.0,0.0.0.0.0,0,0,0,0,0,EF_GRID,0
6007,Amuleto_Lendário_(Nv._1),2754.0,0.0.0.0.0,0,0,0,0,0,EF_GRID,0
6008,Obsidiana,2754.0,0.0.0.0.0,0,0,0,0,0,EF_GRID,0
6009,Bau_Nórdico,2754.0,0.0.0.0.0,0,0,0,0,0,EF_GRID,0
6010,Roleta_Nórdica,2754.0,0.0.0.0.0,0,0,0,0,0,EF_GRID,0
6011,Espírito_de_Batalha,2754.0,0.0.0.0.0,0,0,0,0,0,EF_GRID,0
6012,Livro_do_Joalheiro,2754.0,0.0.0.0.0,0,0,0,0,0,EF_GRID,0
6013,Livro_do_Ferreiro,2754.0,0.0.0.0.0,0,0,0,0,0,EF_GRID,0
6014,Pedra_Quimérica,2754.0,0.0.0.0.0,0,0,0,0,0,EF_GRID,0
6015,Evoluir_Capa_(+10),2754.0,0.0.0.0.0,0,0,0,0,0,EF_GRID,0
6016,Cythera_de_Rubi,2754.0,0.0.0.0.0,0,0,0,0,0,EF_GRID,0
6017,Extrair_Adicional,2754.0,0.0.0.0.0,0,0,0,0,0,EF_GRID,0
6018,Baú_de_Amagos_N,2754.0,0.0.0.0.0,0,0,0,0,0,EF_GRID,0
6019,Baú_de_Amagos_M,2754.0,0.0.0.0.0,0,0,0,0,0,EF_GRID,0
6020,Andaluz_Imperial_B,2754.0,0.0.0.0.0,0,0,0,0,0,EF_GRID,0
6021,Andaluz_Imperial_N,2754.0,0.0.0.0.0,0,0,0,0,0,EF_GRID,0
6022,Alterar_Amuleto_Lendário,2754.0,0.0.0.0.0,0,0,0,0,0,EF_GRID,0
6023,Alma_do_Kefra,2754.0,0.0.0.0.0,0,0,0,0,0,EF_GRID,0
6024,Roleta_de_Gemas_Raras,2754.0,0.0.0.0.0,0,0,0,0,0,EF_GRID,0
6025,Roleta_de_Gemas_Impecáveis,2754.0,0.0.0.0.0,0,0,0,0,0,EF_GRID,0
6026,Roleta_de_Gemas_Lendárias,2754.0,0.0.0.0.0,0,0,0,0,0,EF_GRID,0
6027,Roleta_de_Gemas_Imperiais,2754.0,0.0.0.0.0,0,0,0,0,0,EF_GRID,0
6028,Evoluir_Capa_(+11),2754.0,0.0.0.0.0,0,0,0,0,0,EF_GRID,0
6029,Inserir_Adicional_em_Capa,2754.0,0.0.0.0.0,0,0,0,0,0,EF_GRID,0
6030,Poeira_de_Joia_Superior,2754.0,0.0.0.0.0,0,0,0,0,0,EF_GRID,0
6100,Brincos_/_Colares_(+10),2754.0,0.0.0.0.0,0,0,0,0,0,EF_GRID,0
6101,Brincos_/_Colares_(+11),2754.0,0.0.0.0.0,0,0,0,0,0,EF_GRID,0
6102,Refinar_Amuleto_Celeste,2754.0,0.0.0.0.0,0,0,0,0,0,EF_GRID,0
6103,Evoluir_Amuleto_Lendário_(Nv._2),2754.0,0.0.0.0.0,0,0,0,0,0,EF_GRID,0
6104,Evoluir_Amuleto_Lendário_(Nv._3),2754.0,0.0.0.0.0,0,0,0,0,0,EF_GRID,0
6105,Evoluir_Amuleto_Lendário_(Nv._4),2754.0,0.0.0.0.0,0,0,0,0,0,EF_GRID,0
6106,Evoluir_Amuleto_Lendário_(Nv._5),2754.0,0.0.0.0.0,0,0,0,0,0,EF_GRID,0
6107,Refinar_Cythera_de_Rubi,2754.0,0.0.0.0.0,0,0,0,0,0,EF_GRID,0
6108,Aprimorar_Equipamento_(Defesa),2754.0,0.0.0.0.0,0,0,0,0,0,EF_GRID,0
6109,Aprimorar_Equipamento_(Dano),2754.0,0.0.0.0.0,0,0,0,0,0,EF_GRID,0
6110,Aprimorar_Equipamento_(Atq._Mágico),2754.0,0.0.0.0.0,0,0,0,0,0,EF_GRID,0
6111,Aprimorar_Equipamento_(Crítico),2754.0,0.0.0.0.0,0,0,0,0,0,EF_GRID,0
6112,Aprimorar_Arma_(Dano),2754.0,0.0.0.0.0,0,0,0,0,0,EF_GRID,0
6113,Aprimorar_Arma_(Atq._Mágico),2754.0,0.0.0.0.0,0,0,0,0,0,EF_GRID,0
